# Blender 5.1.2
# www.blender.org
mtllib HugeIceCone.mtl
o Object95
v -0.034129 -0.739940 0.074234
v -0.035564 -0.740003 0.073392
v -0.036928 -0.740024 0.072411
v -0.037144 -0.739790 0.070540
v -0.037131 -0.739630 0.068742
v -0.034395 -0.740322 0.068827
v -0.031660 -0.741001 0.069131
v -0.030967 -0.740704 0.071096
v -0.030457 -0.740376 0.073133
v -0.031049 -0.740340 0.073803
v -0.031751 -0.740351 0.074390
v -0.032937 -0.740162 0.074381
v -0.093066 -0.508373 0.050743
v -0.092729 -0.501435 0.049859
v -0.092445 -0.500322 0.045945
v -0.093148 -0.507568 0.047887
v 0.031385 -0.507276 0.069741
v 0.033869 -0.500096 0.067147
v 0.032783 -0.500148 0.068346
v 0.030464 -0.507335 0.070761
v -0.092118 -0.491862 -0.017897
v -0.090533 -0.484362 -0.020858
v -0.085750 -0.486175 -0.020669
v -0.088044 -0.493397 -0.017739
v 0.011418 -0.529096 -0.003356
v 0.010366 -0.529979 -0.006329
v 0.013302 -0.522993 -0.009176
v 0.014249 -0.522060 -0.006080
v -0.032914 -0.519090 0.091050
v -0.032383 -0.512358 0.091491
v -0.034172 -0.511940 0.091279
v -0.034098 -0.518802 0.090903
v 0.052054 -0.183633 -0.088278
v 0.054567 -0.183451 -0.088040
v 0.056017 -0.183766 -0.088234
v 0.057464 -0.184062 -0.088567
v 0.058404 -0.184037 -0.089367
v 0.059222 -0.184073 -0.090276
v 0.059097 -0.184468 -0.092466
v 0.058706 -0.184827 -0.094615
v 0.055025 -0.183946 -0.095025
v 0.051334 -0.183047 -0.095158
v 0.050383 -0.183351 -0.091994
v 0.049686 -0.183741 -0.088709
v 0.009761 -0.526519 0.090805
v 0.011261 -0.519852 0.090950
v 0.010179 -0.520062 0.091850
v 0.009040 -0.526670 0.091400
v -0.091145 -0.524969 0.053978
v -0.092683 -0.518339 0.053418
v -0.092933 -0.517523 0.050561
v -0.091316 -0.524424 0.052088
v -0.086023 -0.528275 0.061441
v -0.086863 -0.521563 0.061386
v -0.088948 -0.521811 0.059910
v -0.087406 -0.528440 0.060466
v -0.089826 -0.511568 0.057212
v -0.087662 -0.511349 0.058544
v -0.086803 -0.504143 0.057394
v -0.089575 -0.504647 0.056180
v 0.028866 -0.523880 0.072918
v 0.030681 -0.517202 0.072716
v 0.029763 -0.517261 0.073738
v 0.028262 -0.523928 0.073593
v 0.030638 -0.525394 0.064790
v 0.032175 -0.519022 0.063571
v 0.033000 -0.518120 0.066609
v 0.031184 -0.524798 0.066810
v 0.035177 -0.508603 0.064699
v 0.034425 -0.509535 0.061654
v 0.037123 -0.502441 0.058948
v 0.037736 -0.501453 0.062100
v -0.089529 -0.509257 -0.012309
v -0.091133 -0.502135 -0.014754
v -0.087059 -0.503670 -0.014594
v -0.086837 -0.510265 -0.012206
v -0.093569 -0.509101 -0.006610
v -0.095186 -0.502200 -0.008137
v -0.095123 -0.501552 -0.010868
v -0.093521 -0.508675 -0.008424
v -0.094492 -0.484767 -0.013895
v -0.093857 -0.483835 -0.017660
v -0.095300 -0.491354 -0.014686
v -0.095502 -0.491983 -0.011969
v 0.008727 -0.545596 -0.000737
v 0.009882 -0.539514 -0.002969
v 0.010993 -0.538659 -0.000006
v 0.009457 -0.545032 0.001212
v 0.002038 -0.544444 -0.004740
v 0.001816 -0.537850 -0.007130
v 0.005885 -0.539358 -0.006648
v 0.004730 -0.545440 -0.004418
v 0.005525 -0.521487 -0.013728
v 0.010296 -0.523260 -0.013173
v 0.007301 -0.530218 -0.010318
v 0.003232 -0.528708 -0.010795
v -0.031586 -0.501373 0.089500
v -0.029631 -0.494031 0.087562
v -0.031611 -0.493503 0.087544
v -0.033374 -0.500939 0.089359
v -0.042861 -0.502447 0.086797
v -0.040566 -0.502072 0.087915
v -0.038867 -0.494577 0.086312
v -0.041857 -0.495312 0.085356
v -0.040531 -0.518815 0.089321
v -0.040607 -0.511953 0.089702
v -0.042836 -0.512370 0.088439
v -0.041994 -0.519081 0.088492
v 0.015122 -0.502518 0.086963
v 0.013862 -0.502745 0.088018
v 0.011722 -0.509915 0.090280
v 0.012802 -0.509704 0.089378
v 0.002730 -0.511680 0.092558
v 0.004512 -0.512035 0.092518
v 0.006661 -0.504848 0.090321
v 0.004676 -0.504371 0.090489
v 0.002644 -0.529272 0.094709
v 0.003783 -0.522664 0.095157
v 0.001995 -0.522325 0.095136
v 0.001463 -0.529058 0.094697
v -0.080544 -0.344353 0.035381
v -0.084606 -0.355396 0.039706
v -0.081723 -0.354966 0.040690
v -0.078167 -0.343838 0.035888
v -0.052728 -0.310701 -0.084796
v -0.057213 -0.321510 -0.081734
v -0.058070 -0.322394 -0.077996
v -0.053652 -0.311512 -0.081608
v 0.080036 -0.360996 -0.079264
v 0.077760 -0.372634 -0.076038
v 0.072988 -0.370861 -0.076591
v 0.076408 -0.359647 -0.079685
v 0.088943 -0.344456 0.010793
v 0.090388 -0.333340 0.005624
v 0.089562 -0.333379 0.006534
v 0.087856 -0.344508 0.011990
v 0.000719 -0.323440 0.041914
v -0.002894 -0.334476 0.046881
v 0.000187 -0.333829 0.047612
v 0.003257 -0.322759 0.042224
v 0.054162 -0.339089 0.035368
v 0.051623 -0.350180 0.041022
v 0.053588 -0.350693 0.040747
v 0.055607 -0.339490 0.035081
v -0.088880 -0.351150 0.031174
v -0.084758 -0.340095 0.026939
v -0.084092 -0.339137 0.023636
v -0.088339 -0.350081 0.027268
v -0.052935 -0.322182 -0.085994
v -0.048370 -0.311403 -0.089042
v -0.044733 -0.312781 -0.088899
v -0.048153 -0.323995 -0.085805
v 0.081814 -0.372305 -0.070743
v 0.084038 -0.360654 -0.073960
v 0.084521 -0.359959 -0.071828
v 0.082649 -0.371331 -0.067628
v 0.095502 -0.335126 -0.001073
v 0.093995 -0.346232 0.004100
v 0.093517 -0.347260 0.000936
v 0.095275 -0.335865 -0.003250
v 0.012854 -0.321326 0.043938
v 0.009766 -0.332331 0.049450
v 0.011736 -0.332895 0.049357
v 0.014296 -0.321766 0.043790
v 0.065164 -0.336697 0.032047
v 0.063157 -0.347880 0.037756
v 0.064415 -0.347653 0.036699
v 0.066121 -0.336524 0.031243
v -0.006873 -0.196046 0.018783
v -0.008610 -0.201978 0.018330
v -0.008243 -0.188566 0.019754
v 0.032720 -0.179245 0.001304
v 0.036102 -0.186072 0.000214
v 0.034089 -0.186724 0.000332
v 0.021080 -0.172750 0.037380
v 0.023256 -0.179206 0.040901
v 0.023943 -0.179380 0.038576
v -0.006987 -0.187155 0.047766
v -0.006173 -0.180555 0.044247
v -0.007134 -0.187879 0.045640
v 0.100159 -0.803683 0.134112
v 0.099941 -0.803806 0.134971
v 0.099596 -0.804182 0.135860
v 0.098599 -0.805091 0.136377
v 0.097654 -0.806061 0.136742
v 0.097809 -0.807267 0.135437
v 0.098018 -0.808313 0.134157
v 0.099077 -0.806076 0.134087
v 0.096434 -0.705800 0.102067
v 0.095868 -0.703640 0.101028
v 0.097362 -0.699773 0.100990
v 0.097397 -0.703230 0.102021
v 0.093595 -0.713415 0.134863
v 0.093503 -0.710264 0.134364
v 0.093156 -0.711104 0.135833
v 0.093372 -0.713975 0.135825
v 0.053607 -0.739739 0.151550
v 0.052774 -0.737235 0.151789
v 0.051121 -0.738406 0.152277
v 0.052551 -0.740543 0.151852
v 0.062376 -0.789771 0.108120
v 0.061084 -0.788352 0.107867
v 0.061588 -0.790213 0.105948
v 0.062696 -0.790973 0.106903
v 0.104515 -0.535190 0.055571
v 0.103843 -0.535233 0.060014
v 0.104255 -0.538928 0.059630
v 0.104790 -0.537124 0.055958
v 0.087334 -0.523309 0.158110
v 0.086625 -0.523279 0.161870
v 0.087926 -0.530500 0.164330
v 0.088691 -0.530457 0.159892
v 0.020456 -0.508019 0.144214
v 0.018121 -0.507619 0.143544
v 0.018595 -0.514346 0.145466
v 0.021359 -0.515003 0.146375
v 0.027158 -0.519548 0.027069
v 0.023917 -0.519572 0.026232
v 0.023478 -0.516066 0.025389
v 0.026761 -0.516845 0.026429
v 0.033363 -0.612818 0.054268
v 0.032420 -0.607225 0.052643
v 0.032697 -0.605332 0.049486
v 0.033838 -0.612827 0.051717
v 0.108575 -0.590856 0.064835
v 0.108343 -0.585003 0.062953
v 0.111460 -0.584374 0.063867
v 0.110948 -0.588742 0.065194
v 0.094324 -0.669352 0.130211
v 0.094588 -0.666376 0.129454
v 0.093726 -0.669706 0.132145
v 0.093702 -0.671356 0.132257
v 0.031765 -0.654967 0.128385
v 0.031358 -0.652412 0.127779
v 0.028750 -0.651545 0.127444
v 0.029614 -0.655126 0.128417
v 0.067618 -0.344636 0.028316
v 0.068973 -0.351933 0.030168
v 0.069535 -0.352040 0.027120
v 0.068112 -0.344830 0.026024
v 0.049181 -0.342043 0.100275
v 0.050102 -0.349159 0.102618
v 0.052037 -0.349347 0.102766
v 0.050680 -0.341964 0.100233
v 0.003742 -0.339075 0.089692
v 0.004239 -0.345326 0.090138
v 0.004384 -0.345236 0.093842
v 0.003845 -0.338334 0.091814
v 0.003081 -0.294928 0.011435
v 0.001994 -0.299966 0.011186
v 0.001344 -0.300860 0.010982
v -0.010011 -0.201574 0.021399
v -0.010604 -0.195485 0.024217
v -0.009643 -0.188162 0.022824
v 0.033828 -0.178536 0.002344
v 0.036690 -0.185167 0.003539
v 0.037210 -0.185364 0.001254
v 0.018487 -0.172988 0.039736
v 0.019162 -0.179505 0.043340
v 0.020663 -0.179443 0.043257
v -0.004651 -0.185924 0.049072
v -0.003162 -0.185842 0.049156
v -0.003837 -0.179325 0.045553
v 0.096189 -0.690055 0.097609
v 0.095976 -0.684080 0.095649
v 0.098231 -0.681834 0.096163
v 0.097759 -0.686266 0.097490
v 0.100049 -0.681427 0.098746
v 0.099633 -0.683525 0.100881
v 0.099339 -0.686374 0.101611
v 0.099519 -0.685795 0.100158
v 0.099110 -0.696481 0.103344
v 0.099075 -0.693025 0.102313
v 0.098912 -0.693618 0.103771
v 0.099002 -0.696768 0.104269
v 0.093791 -0.704190 0.134154
v 0.094048 -0.701314 0.133410
v 0.093460 -0.703342 0.135471
v 0.093422 -0.705016 0.135614
v 0.090598 -0.704820 0.137190
v 0.088423 -0.705016 0.137519
v 0.088842 -0.707598 0.138010
v 0.090601 -0.706518 0.137422
v 0.091131 -0.716658 0.138467
v 0.090912 -0.713785 0.138471
v 0.089176 -0.714877 0.139144
v 0.090009 -0.717382 0.138907
v 0.050414 -0.731221 0.151849
v 0.049970 -0.728636 0.151234
v 0.047823 -0.728780 0.151353
v 0.048760 -0.732402 0.152300
v 0.046876 -0.731522 0.149985
v 0.047080 -0.731666 0.147433
v 0.048227 -0.737247 0.149062
v 0.047743 -0.735134 0.150965
v 0.052445 -0.745844 0.149453
v 0.051019 -0.743707 0.149882
v 0.051428 -0.745819 0.147971
v 0.052722 -0.747228 0.148220
v 0.058448 -0.783699 0.104966
v 0.057432 -0.778129 0.103357
v 0.057802 -0.778124 0.100781
v 0.059010 -0.785559 0.103055
v 0.062495 -0.778836 0.100336
v 0.060972 -0.782597 0.100614
v 0.059854 -0.775201 0.098289
v 0.062174 -0.772751 0.098518
v 0.064006 -0.790148 0.105116
v 0.062899 -0.789379 0.104158
v 0.064390 -0.785588 0.103940
v 0.064956 -0.787748 0.104980
v 0.103770 -0.537066 0.053747
v 0.100555 -0.537032 0.052721
v 0.100148 -0.534324 0.052112
v 0.103395 -0.535095 0.053312
v 0.098901 -0.527716 0.050793
v 0.097831 -0.520539 0.049816
v 0.100793 -0.521427 0.050908
v 0.102144 -0.528484 0.051999
v 0.103853 -0.528835 0.054585
v 0.102490 -0.521776 0.053479
v 0.101953 -0.521771 0.057283
v 0.103273 -0.528915 0.059056
v 0.084105 -0.522843 0.163460
v 0.081752 -0.522443 0.162965
v 0.082641 -0.529404 0.165179
v 0.085434 -0.530078 0.165898
v 0.083337 -0.535643 0.165767
v 0.083633 -0.540925 0.164722
v 0.086348 -0.541663 0.165249
v 0.086124 -0.536263 0.166462
v 0.089773 -0.537052 0.160196
v 0.088963 -0.537059 0.164618
v 0.089255 -0.542456 0.163377
v 0.090010 -0.540670 0.159759
v 0.015957 -0.506998 0.140995
v 0.015941 -0.506568 0.136520
v 0.016513 -0.513540 0.138112
v 0.016463 -0.513745 0.142896
v 0.017296 -0.520107 0.138408
v 0.017664 -0.524455 0.138475
v 0.017585 -0.525517 0.142471
v 0.017189 -0.520289 0.143183
v 0.019027 -0.520190 0.145852
v 0.019393 -0.525368 0.145084
v 0.022081 -0.526160 0.145793
v 0.021788 -0.520799 0.146736
v 0.021449 -0.519097 0.027609
v 0.021207 -0.520141 0.031564
v 0.020755 -0.515763 0.031482
v 0.021064 -0.515611 0.026763
v 0.019761 -0.502356 0.028741
v 0.019348 -0.496556 0.024328
v 0.020615 -0.509168 0.025609
v 0.020382 -0.509345 0.030341
v 0.022712 -0.509498 0.024210
v 0.021427 -0.496871 0.022882
v 0.024918 -0.503098 0.024298
v 0.025998 -0.510269 0.025220
v 0.031418 -0.599614 0.050377
v 0.030934 -0.595205 0.050263
v 0.031290 -0.594198 0.046334
v 0.031678 -0.597706 0.047219
v 0.036256 -0.592589 0.045357
v 0.036631 -0.595300 0.046021
v 0.033463 -0.596139 0.045432
v 0.033009 -0.592607 0.044545
v 0.034350 -0.602743 0.047527
v 0.037500 -0.601884 0.048156
v 0.037795 -0.607814 0.049911
v 0.035424 -0.610208 0.049797
v 0.108287 -0.577963 0.061420
v 0.107908 -0.575247 0.060775
v 0.111131 -0.575285 0.061775
v 0.111446 -0.577387 0.062266
v 0.112491 -0.578488 0.068445
v 0.112855 -0.582310 0.068114
v 0.113450 -0.578826 0.065287
v 0.113248 -0.576774 0.064848
v 0.112339 -0.590738 0.069104
v 0.111648 -0.594184 0.071892
v 0.111351 -0.597137 0.072637
v 0.111803 -0.595066 0.070512
v 0.094247 -0.660162 0.130172
v 0.094064 -0.656435 0.130574
v 0.093174 -0.658138 0.134143
v 0.093437 -0.663525 0.132883
v 0.088208 -0.658940 0.134982
v 0.088500 -0.664215 0.133923
v 0.091118 -0.664979 0.134172
v 0.090917 -0.659588 0.135403
v 0.091248 -0.670875 0.134674
v 0.088645 -0.670166 0.134558
v 0.089043 -0.672721 0.135040
v 0.091248 -0.672544 0.134870
v 0.030345 -0.646395 0.127933
v 0.030047 -0.641033 0.128884
v 0.027356 -0.640317 0.128279
v 0.027737 -0.645497 0.127499
v 0.025224 -0.637050 0.121653
v 0.025603 -0.641421 0.121743
v 0.025492 -0.643318 0.124917
v 0.025070 -0.638082 0.125635
v 0.027660 -0.653605 0.123757
v 0.027314 -0.653455 0.126287
v 0.026519 -0.649886 0.125284
v 0.026602 -0.648003 0.122104
v 0.070525 -0.358632 0.031276
v 0.071857 -0.365784 0.033093
v 0.072428 -0.365793 0.029297
v 0.071041 -0.358733 0.028217
v 0.067745 -0.364810 0.025563
v 0.066885 -0.358481 0.024782
v 0.069343 -0.358640 0.025567
v 0.070715 -0.365696 0.026620
v 0.066758 -0.345199 0.024663
v 0.068162 -0.352361 0.025561
v 0.065693 -0.352250 0.024989
v 0.064751 -0.345806 0.024589
v 0.051349 -0.355790 0.104399
v 0.052250 -0.362766 0.106689
v 0.054614 -0.363193 0.107123
v 0.053276 -0.355945 0.104621
v 0.057735 -0.363491 0.101866
v 0.056357 -0.356334 0.100037
v 0.055671 -0.356226 0.103085
v 0.056978 -0.363458 0.105614
v 0.053329 -0.342233 0.098241
v 0.054652 -0.349596 0.100805
v 0.055396 -0.349708 0.097774
v 0.053984 -0.342405 0.095906
v 0.004977 -0.351864 0.092041
v 0.005490 -0.358055 0.093235
v 0.005559 -0.358505 0.097717
v 0.005049 -0.351746 0.095738
v 0.009906 -0.358955 0.100854
v 0.008992 -0.351951 0.098625
v 0.007082 -0.351797 0.098235
v 0.007556 -0.358533 0.100237
v 0.007660 -0.338534 0.093976
v 0.006176 -0.338629 0.093858
v 0.006666 -0.345501 0.095916
v 0.008589 -0.345680 0.096245
v 0.011656 -0.405069 0.013252
v 0.012511 -0.406138 0.013478
v 0.015156 -0.411290 0.014625
v 0.009985 -0.410624 0.019024
v 0.009578 -0.405805 0.015427
v 0.009545 -0.404815 0.014606
v 0.003721 -0.340542 0.044182
v 0.004162 -0.345662 0.042206
v 0.004261 -0.346810 0.044631
v 0.039390 -0.344017 0.017236
v 0.040337 -0.350416 0.017444
v 0.038304 -0.349055 0.016987
v 0.009124 -0.351502 0.008769
v 0.006465 -0.351322 0.008132
v 0.007090 -0.350141 0.008312
v 0.005837 -0.346772 0.009041
v 0.005211 -0.347953 0.008861
v 0.005187 -0.347667 0.008837
v 0.005807 -0.354818 0.009418
v 0.005782 -0.354532 0.009395
v 0.006661 -0.355887 0.009645
v 0.009124 -0.351502 0.008769
v 0.007344 -0.352677 0.008382
v 0.006465 -0.351322 0.008132
v 0.042068 -0.363182 0.018652
v 0.039423 -0.358030 0.017505
v 0.041203 -0.356855 0.017892
v 0.004768 -0.353327 0.044503
v 0.004904 -0.354710 0.042104
v 0.005310 -0.359529 0.045701
v 0.004451 -0.351056 0.013368
v 0.004529 -0.351163 0.010124
v 0.004587 -0.352439 0.010968
v 0.005840 -0.355808 0.010239
v 0.005782 -0.354532 0.009395
v 0.005807 -0.354818 0.009418
v -0.000269 -0.300911 0.013764
v -0.000421 -0.299942 0.014606
v -0.000862 -0.294823 0.016582
v 0.005211 -0.347953 0.008861
v 0.005035 -0.346698 0.009679
v 0.005187 -0.347667 0.008837
v 0.004351 -0.349908 0.010942
v 0.004529 -0.351163 0.010124
v 0.004451 -0.351056 0.013368
v -0.044554 -0.054656 -0.000988
v -0.044137 -0.049918 -0.003935
v -0.043466 -0.050498 -0.004683
v -0.044110 -0.055067 -0.001484
v -0.026218 -0.062313 -0.021879
v -0.027074 -0.062475 -0.022055
v -0.027746 -0.061859 -0.021351
v -0.026685 -0.061334 -0.020785
v -0.002705 -0.066416 -0.010326
v -0.002698 -0.059914 -0.015431
v -0.003042 -0.058995 -0.014345
v -0.002881 -0.065442 -0.009048
v -0.015620 -0.037890 0.008821
v -0.015962 -0.036771 0.010327
v -0.014998 -0.036945 0.010184
v -0.014532 -0.037807 0.009066
v -0.040670 -0.040340 0.021509
v -0.039432 -0.034606 0.015401
v -0.039563 -0.035200 0.014670
v -0.040642 -0.041582 0.019909
v -0.063141 -0.305047 0.199951
v -0.062849 -0.304685 0.200645
v -0.062580 -0.304304 0.201296
v -0.063478 -0.303613 0.201279
v -0.064424 -0.302960 0.201220
v -0.064402 -0.303961 0.200070
v -0.064341 -0.304968 0.198977
v -0.063758 -0.305019 0.199451
v -0.005770 -0.214301 0.107677
v -0.005667 -0.220781 0.113022
v -0.005841 -0.221866 0.111559
v -0.005771 -0.215291 0.106395
v -0.003892 -0.187707 0.143254
v -0.004304 -0.193813 0.149061
v -0.001471 -0.194566 0.148283
v -0.001987 -0.188190 0.142754
v -0.070863 -0.172086 0.158707
v -0.072022 -0.177887 0.164738
v -0.072295 -0.176617 0.166397
v -0.071025 -0.170800 0.160271
v -0.039405 -0.271059 0.157602
v -0.038906 -0.269979 0.156094
v -0.038008 -0.270006 0.156816
v -0.038786 -0.271079 0.158096
v -0.028524 -0.258586 0.183023
v -0.027595 -0.257328 0.182115
v -0.027186 -0.256744 0.183118
v -0.028253 -0.258197 0.183668
v -0.060240 -0.226829 0.180604
v -0.061917 -0.225926 0.180725
v -0.061640 -0.226801 0.180919
v -0.060203 -0.227785 0.180970
v -0.007218 -0.058039 -0.016188
v -0.005786 -0.058874 -0.017050
v -0.005892 -0.058905 -0.017069
v -0.006752 -0.059031 -0.017271
v -0.057638 -0.216322 0.100225
v -0.057239 -0.216719 0.099715
v -0.057105 -0.218859 0.101329
v -0.057970 -0.225460 0.106451
v -0.057954 -0.226564 0.107488
v -0.058734 -0.227432 0.108280
v -0.059368 -0.225836 0.109969
v -0.059691 -0.224372 0.110181
v -0.059769 -0.223595 0.109938
v -0.059841 -0.222816 0.109666
v -0.058674 -0.216999 0.103649
v -0.058028 -0.215905 0.100751
v -0.013633 -0.239371 0.132158
v -0.014201 -0.240380 0.132883
v -0.014067 -0.240984 0.131553
v -0.013636 -0.240228 0.130778
v -0.022778 -0.223199 0.164396
v -0.023098 -0.224419 0.164882
v -0.021205 -0.225206 0.164333
v -0.020405 -0.223979 0.163695
v -0.069276 -0.206292 0.174679
v -0.069502 -0.205826 0.176603
v -0.069637 -0.204633 0.176223
v -0.069358 -0.205515 0.174436
v -0.033853 -0.228995 0.108638
v -0.034447 -0.229294 0.108799
v -0.035350 -0.228692 0.107782
v -0.034057 -0.228527 0.108018
v -0.060128 -0.267976 0.141669
v -0.060052 -0.266317 0.140483
v -0.059882 -0.267840 0.138774
v -0.060049 -0.268982 0.140577
v -0.045324 -0.053426 0.000368
v -0.045610 -0.054510 0.003427
v -0.044702 -0.048075 -0.001846
v -0.044830 -0.048710 -0.002570
v -0.043542 -0.047753 -0.004062
v -0.043334 -0.047138 -0.003328
v -0.041808 -0.047805 -0.004244
v -0.042869 -0.048332 -0.004808
v -0.025862 -0.064402 -0.021589
v -0.027183 -0.070996 -0.016562
v -0.027570 -0.068905 -0.018339
v -0.026725 -0.064540 -0.021744
v -0.028986 -0.063452 -0.020523
v -0.028310 -0.064065 -0.021226
v -0.029167 -0.068410 -0.017801
v -0.029628 -0.068020 -0.017323
v -0.003727 -0.067209 -0.011239
v -0.004404 -0.067322 -0.011398
v -0.003718 -0.060692 -0.016378
v -0.003623 -0.060693 -0.016338
v -0.003910 -0.058656 -0.016707
v -0.004005 -0.058663 -0.016744
v -0.005438 -0.057831 -0.015879
v -0.004351 -0.057759 -0.015625
v -0.016009 -0.037352 0.012428
v -0.016406 -0.043385 0.018231
v -0.014485 -0.043825 0.017763
v -0.015056 -0.037551 0.012260
v -0.013682 -0.039290 0.010159
v -0.014065 -0.038399 0.011275
v -0.013588 -0.044727 0.016754
v -0.013342 -0.045697 0.015467
v -0.039893 -0.039922 0.021994
v -0.037980 -0.040310 0.021590
v -0.037602 -0.034334 0.015746
v -0.038556 -0.034194 0.015926
v -0.037192 -0.034700 0.012264
v -0.038718 -0.034033 0.013181
v -0.038497 -0.033473 0.013935
v -0.037534 -0.033585 0.013773
v -0.006093 -0.222997 0.115094
v -0.006627 -0.224020 0.115830
v -0.006673 -0.224830 0.114417
v -0.006323 -0.224109 0.113654
v -0.008599 -0.225327 0.112662
v -0.007392 -0.225136 0.112915
v -0.007714 -0.225891 0.113694
v -0.008397 -0.225790 0.113285
v -0.006707 -0.222533 0.110572
v -0.007915 -0.222720 0.110318
v -0.007234 -0.216069 0.105246
v -0.006554 -0.215961 0.105399
v -0.005215 -0.196413 0.151097
v -0.005560 -0.197616 0.151613
v -0.003179 -0.198405 0.150949
v -0.002392 -0.197174 0.150292
v -0.001300 -0.199158 0.147651
v -0.001157 -0.198046 0.149098
v -0.001928 -0.199301 0.149759
v -0.001879 -0.200127 0.148350
v -0.000753 -0.189958 0.140463
v -0.000836 -0.188953 0.141744
v -0.000406 -0.195353 0.147271
v -0.000489 -0.196426 0.145795
v -0.071896 -0.181109 0.166533
v -0.071822 -0.181887 0.166806
v -0.072104 -0.181006 0.168593
v -0.072214 -0.179828 0.168177
v -0.068679 -0.179766 0.167937
v -0.071488 -0.179065 0.168668
v -0.071382 -0.180240 0.169071
v -0.069017 -0.180975 0.168484
v -0.068138 -0.170812 0.160438
v -0.070035 -0.170377 0.160875
v -0.071357 -0.176202 0.166972
v -0.068537 -0.176886 0.166269
v -0.037443 -0.268182 0.154098
v -0.036585 -0.267504 0.153679
v -0.035709 -0.267183 0.153861
v -0.036547 -0.268202 0.154821
v -0.034921 -0.266462 0.155238
v -0.034730 -0.265918 0.156439
v -0.035319 -0.266950 0.157272
v -0.035716 -0.267550 0.156230
v -0.037574 -0.270668 0.159595
v -0.036795 -0.269593 0.158315
v -0.036356 -0.269057 0.159389
v -0.037285 -0.270316 0.160297
v -0.025841 -0.255170 0.181114
v -0.025368 -0.254017 0.180224
v -0.025252 -0.253479 0.181425
v -0.025506 -0.254528 0.182092
v -0.027854 -0.251939 0.182882
v -0.026443 -0.253019 0.182879
v -0.026256 -0.251910 0.182213
v -0.027906 -0.250976 0.182445
v -0.027665 -0.256484 0.183164
v -0.026598 -0.255030 0.182615
v -0.028017 -0.253952 0.182592
v -0.028561 -0.255790 0.183146
v -0.063121 -0.226334 0.179724
v -0.062997 -0.227456 0.177424
v -0.062818 -0.228721 0.178126
v -0.062907 -0.227227 0.179889
v -0.060080 -0.233577 0.182989
v -0.059536 -0.231738 0.182432
v -0.060979 -0.230746 0.182340
v -0.061031 -0.232939 0.182940
v -0.004824 -0.060812 -0.016555
v -0.005511 -0.067438 -0.011570
v -0.006237 -0.067529 -0.011702
v -0.004932 -0.060849 -0.016563
v -0.006951 -0.061029 -0.016862
v -0.008264 -0.067685 -0.011969
v -0.009124 -0.067761 -0.012069
v -0.007817 -0.061124 -0.017043
v -0.015358 -0.242658 0.134967
v -0.015938 -0.243709 0.135805
v -0.016049 -0.244367 0.134671
v -0.015246 -0.243231 0.133617
v -0.019461 -0.246428 0.134231
v -0.019516 -0.246032 0.133626
v -0.017745 -0.245016 0.133395
v -0.018584 -0.246110 0.134412
v -0.018808 -0.243190 0.131084
v -0.019255 -0.242088 0.129886
v -0.017895 -0.241609 0.129811
v -0.017021 -0.242227 0.130825
v -0.014921 -0.240852 0.129650
v -0.015782 -0.240287 0.128608
v -0.015189 -0.239982 0.128448
v -0.014506 -0.240083 0.128858
v -0.024091 -0.227214 0.166330
v -0.024047 -0.228184 0.166792
v -0.022414 -0.229123 0.166514
v -0.022195 -0.227993 0.165783
v -0.021749 -0.230087 0.164174
v -0.021272 -0.228943 0.163266
v -0.021497 -0.228364 0.164599
v -0.021770 -0.229450 0.165315
v -0.019340 -0.225699 0.161179
v -0.019428 -0.224818 0.162545
v -0.020213 -0.226067 0.163185
v -0.019945 -0.226661 0.161865
v -0.068794 -0.210964 0.175178
v -0.069015 -0.209891 0.177505
v -0.069247 -0.209024 0.177362
v -0.069066 -0.209512 0.175449
v -0.065593 -0.211180 0.178464
v -0.065618 -0.210213 0.178067
v -0.067536 -0.209440 0.178498
v -0.067254 -0.210291 0.178674
v -0.066431 -0.205433 0.176522
v -0.068791 -0.204703 0.177135
v -0.068654 -0.205893 0.177502
v -0.066743 -0.206662 0.177041
v -0.039725 -0.229367 0.106998
v -0.039082 -0.229365 0.107023
v -0.038174 -0.230019 0.108021
v -0.039551 -0.230399 0.108142
v -0.039136 -0.220009 0.099593
v -0.038267 -0.219970 0.099642
v -0.039517 -0.226681 0.104632
v -0.040163 -0.226643 0.104605
v -0.037489 -0.226444 0.104922
v -0.036240 -0.219719 0.099952
v -0.035513 -0.219629 0.100082
v -0.036195 -0.226278 0.105157
v -0.060923 -0.264591 0.136321
v -0.060858 -0.265767 0.137225
v -0.061059 -0.264245 0.138932
v -0.061168 -0.262950 0.138212
v -0.058281 -0.263840 0.134729
v -0.057814 -0.265010 0.135875
v -0.059519 -0.265943 0.136152
v -0.059565 -0.264787 0.135222
v -0.056548 -0.267086 0.139322
v -0.057446 -0.266962 0.138550
v -0.055747 -0.266010 0.138299
v -0.055690 -0.266410 0.138903
v -0.060118 -0.269845 0.141553
v -0.059933 -0.268707 0.139753
v -0.059036 -0.268825 0.140525
v -0.059536 -0.269906 0.142033
v -0.062309 -0.233190 0.181554
v -0.062258 -0.230996 0.180950
v -0.062226 -0.232517 0.179203
v -0.062285 -0.234177 0.180392
v 0.123756 -0.112202 -0.060656
v 0.129937 -0.105883 -0.062161
v 0.122725 -0.111465 -0.059851
v 0.105453 -0.095187 -0.048676
v 0.107334 -0.096358 -0.048492
v 0.115590 -0.091673 -0.051698
v 0.110052 -0.088525 -0.052750
v -0.030839 -0.029011 -0.090387
v -0.025806 -0.023757 -0.092411
v -0.025068 -0.023946 -0.093089
v -0.029799 -0.029174 -0.091309
v -0.018640 -0.042071 -0.103556
v -0.014749 -0.036355 -0.104531
v -0.008880 -0.038860 -0.102434
v -0.014035 -0.045163 -0.101646
v -0.249352 -0.452259 0.030492
v -0.249161 -0.453706 0.030445
v -0.247264 -0.452254 0.030507
v -0.248028 -0.451753 0.030535
v -0.257346 -0.372864 0.035931
v -0.258860 -0.372496 0.037347
v -0.259113 -0.370633 0.037672
v -0.258578 -0.369052 0.037081
v -0.256795 -0.369685 0.035391
v -0.211567 -0.385719 -0.003682
v -0.207647 -0.386455 -0.004138
v -0.209817 -0.389765 -0.003389
v -0.212117 -0.388899 -0.003155
v -0.184693 -0.400170 0.033474
v -0.185272 -0.402512 0.033029
v -0.182701 -0.403170 0.032852
v -0.181836 -0.402554 0.032937
v -0.182924 -0.400161 0.033444
v -0.208437 -0.346301 0.044951
v -0.209554 -0.343904 0.045437
v -0.211564 -0.344985 0.045225
v -0.210199 -0.346303 0.044966
v -0.165015 -0.298564 0.044172
v -0.163004 -0.296229 0.043754
v -0.164565 -0.294547 0.045130
v -0.166285 -0.296535 0.045245
v -0.221890 -0.229076 -0.026810
v -0.221395 -0.226934 -0.027914
v -0.220448 -0.227096 -0.028709
v -0.220748 -0.229308 -0.027782
v -0.195022 -0.228090 -0.047725
v -0.196007 -0.228634 -0.047480
v -0.197034 -0.228375 -0.046718
v -0.196416 -0.227847 -0.046714
v -0.131538 -0.336583 0.006359
v -0.128611 -0.336249 0.007296
v -0.130601 -0.339136 0.008313
v -0.132750 -0.338945 0.007165
v -0.150546 -0.256256 0.031779
v -0.149539 -0.254602 0.031318
v -0.152078 -0.252961 0.032638
v -0.152714 -0.254668 0.033091
v -0.163243 -0.194857 -0.001906
v -0.164342 -0.192875 -0.003187
v -0.165255 -0.194187 -0.002382
v -0.164675 -0.196453 -0.000951
v -0.190422 -0.190260 -0.026624
v -0.191118 -0.190136 -0.027456
v -0.192713 -0.191569 -0.026972
v -0.191670 -0.191629 -0.025959
v 0.056198 -0.051093 -0.048688
v 0.047606 -0.055006 -0.046060
v 0.051671 -0.057652 -0.044506
v -0.203242 -0.418000 0.029797
v -0.201914 -0.416342 0.029114
v -0.200644 -0.416443 0.030545
v -0.203302 -0.418490 0.030432
v -0.251411 -0.417428 0.031052
v -0.250541 -0.415242 0.031300
v -0.253087 -0.414543 0.031316
v -0.252903 -0.416435 0.031049
v -0.252719 -0.417919 0.030969
v -0.227444 -0.419844 0.009005
v -0.227134 -0.418807 0.008676
v -0.225938 -0.418852 0.007751
v -0.226946 -0.420311 0.008681
v -0.155676 -0.196346 -0.056112
v -0.154248 -0.196652 -0.057210
v -0.155599 -0.198035 -0.056810
v -0.157136 -0.197735 -0.055658
v -0.093046 -0.290245 -0.001736
v -0.091998 -0.288875 -0.002136
v -0.088616 -0.291815 0.000017
v -0.090036 -0.293751 0.000493
v -0.072861 -0.218955 0.011859
v -0.081526 -0.225618 0.014870
v -0.081726 -0.226585 0.015279
v -0.078782 -0.225604 0.014598
v -0.071033 -0.220202 0.011983
v -0.146305 -0.151061 -0.044019
v -0.151059 -0.156362 -0.042208
v -0.152256 -0.156032 -0.041107
v -0.147347 -0.150898 -0.043098
v -0.113230 -0.164405 -0.066411
v -0.120359 -0.171358 -0.064256
v -0.123468 -0.167818 -0.066357
v -0.122193 -0.166488 -0.066755
v -0.117845 -0.161340 -0.068349
v -0.141024 -0.156515 -0.026625
v -0.144036 -0.159843 -0.025147
v -0.143635 -0.160037 -0.024502
v -0.139085 -0.154725 -0.027123
v -0.032944 -0.243269 -0.014523
v -0.040275 -0.248867 -0.012199
v -0.038793 -0.249833 -0.013319
v -0.031913 -0.244007 -0.015327
v -0.102742 -0.197742 0.001808
v -0.109714 -0.205167 0.005184
v -0.107366 -0.207088 0.006308
v -0.098675 -0.200382 0.003372
v -0.241820 -0.325038 0.023805
v -0.245129 -0.327857 0.023437
v -0.245654 -0.329915 0.024362
v -0.246159 -0.331481 0.024987
v -0.205124 -0.341765 -0.012952
v -0.204884 -0.340135 -0.013621
v -0.202776 -0.339968 -0.014772
v -0.200190 -0.340313 -0.014299
v -0.201151 -0.342430 -0.013335
v -0.231224 -0.276622 -0.003043
v -0.231490 -0.278847 -0.002095
v -0.232841 -0.278538 -0.000967
v -0.232363 -0.276388 -0.002071
v -0.194562 -0.285445 -0.028160
v -0.193713 -0.287551 -0.027211
v -0.196374 -0.285780 -0.028497
v -0.196327 -0.283548 -0.029257
v -0.213102 -0.216589 -0.016659
v -0.213714 -0.211241 -0.019790
v -0.214370 -0.211969 -0.019665
v -0.214774 -0.212529 -0.019813
v -0.175812 -0.219043 -0.050978
v -0.175132 -0.218518 -0.050963
v -0.173360 -0.218787 -0.052233
v -0.174422 -0.219279 -0.051999
v 0.124724 -0.111155 -0.061977
v 0.120112 -0.108059 -0.063693
v 0.125297 -0.101791 -0.064643
v 0.130858 -0.104795 -0.063278
v 0.116027 -0.094072 -0.051779
v 0.107699 -0.098860 -0.048682
v 0.108815 -0.099654 -0.049470
v -0.043215 -0.041589 -0.083883
v -0.044761 -0.043559 -0.082701
v -0.042827 -0.041764 -0.083195
v -0.038178 -0.036342 -0.085914
v -0.024258 -0.022382 -0.091945
v -0.028746 -0.027465 -0.088943
v -0.026180 -0.028806 -0.087707
v -0.017591 -0.024902 -0.090342
v -0.023398 -0.022304 -0.092399
v -0.017285 -0.036494 -0.103863
v -0.021194 -0.042204 -0.102845
v -0.022019 -0.041722 -0.102084
v -0.249928 -0.451885 0.029599
v -0.249254 -0.451454 0.028981
v -0.248763 -0.451925 0.028654
v -0.249724 -0.453329 0.029572
v -0.247889 -0.453336 0.029585
v -0.246903 -0.451932 0.028668
v -0.245905 -0.451406 0.028983
v -0.245979 -0.451888 0.029628
v -0.257832 -0.372186 0.039307
v -0.255263 -0.372861 0.039236
v -0.254687 -0.370525 0.039691
v -0.256043 -0.369197 0.039930
v -0.258026 -0.370301 0.039661
v -0.257703 -0.367687 0.039653
v -0.255741 -0.366585 0.039955
v -0.252887 -0.359684 0.037862
v -0.257237 -0.366123 0.039062
v -0.180955 -0.400058 0.029717
v -0.178950 -0.400167 0.031037
v -0.180987 -0.402855 0.031957
v -0.181848 -0.403483 0.031877
v -0.183231 -0.403319 0.030553
v -0.179552 -0.400868 0.032770
v -0.177367 -0.398205 0.031856
v -0.178673 -0.396158 0.032795
v -0.180575 -0.398469 0.033375
v -0.205866 -0.344120 0.044601
v -0.203859 -0.341809 0.044208
v -0.205223 -0.339745 0.045079
v -0.206951 -0.341740 0.045198
v -0.208861 -0.341395 0.045217
v -0.207061 -0.339422 0.045152
v -0.208029 -0.335568 0.042926
v -0.210832 -0.342481 0.044948
v -0.161149 -0.293382 0.043170
v -0.160202 -0.291716 0.042715
v -0.162197 -0.290066 0.044148
v -0.162753 -0.291755 0.044582
v -0.165298 -0.292653 0.044771
v -0.164834 -0.291000 0.044266
v -0.168009 -0.290775 0.042512
v -0.167068 -0.294622 0.044779
v -0.221286 -0.227729 -0.026074
v -0.219096 -0.229103 -0.023560
v -0.220536 -0.225036 -0.026895
v -0.220920 -0.225602 -0.027102
v -0.220334 -0.224672 -0.027928
v -0.220070 -0.224117 -0.027641
v -0.218756 -0.224310 -0.028704
v -0.219378 -0.224831 -0.028719
v -0.193824 -0.229192 -0.047867
v -0.190715 -0.232768 -0.045780
v -0.192106 -0.233776 -0.045525
v -0.194804 -0.229769 -0.047654
v -0.195579 -0.237286 -0.045040
v -0.195493 -0.235026 -0.045804
v -0.192792 -0.239058 -0.043724
v -0.193813 -0.239184 -0.043943
v -0.198835 -0.230527 -0.046101
v -0.197802 -0.230794 -0.046851
v -0.197891 -0.233055 -0.046082
v -0.199141 -0.232743 -0.045176
v -0.134228 -0.334087 0.004840
v -0.135058 -0.332754 0.004197
v -0.134100 -0.331870 0.004244
v -0.131256 -0.333787 0.005699
v -0.136732 -0.324430 0.001080
v -0.135716 -0.324303 0.001309
v -0.133043 -0.328452 0.003492
v -0.135888 -0.326535 0.002038
v -0.124144 -0.331126 0.006420
v -0.125899 -0.332776 0.006663
v -0.128556 -0.328640 0.004437
v -0.127178 -0.327596 0.004265
v -0.127670 -0.331429 0.009044
v -0.126265 -0.333006 0.007544
v -0.124609 -0.331331 0.007242
v -0.126534 -0.329742 0.008748
v -0.131642 -0.336294 0.010357
v -0.130515 -0.338369 0.009251
v -0.128371 -0.335502 0.008244
v -0.129799 -0.333952 0.009757
v -0.146518 -0.252532 0.030387
v -0.144108 -0.251235 0.029795
v -0.146165 -0.249886 0.030933
v -0.149115 -0.250929 0.031688
v -0.151501 -0.247268 0.030717
v -0.150864 -0.249560 0.032075
v -0.147889 -0.248504 0.031386
v -0.147725 -0.247594 0.030887
v -0.150068 -0.245668 0.029767
v -0.153633 -0.251785 0.032606
v -0.154271 -0.249509 0.031224
v -0.157364 -0.253240 0.031356
v -0.154192 -0.253465 0.033112
v -0.165922 -0.192030 -0.004573
v -0.166709 -0.191897 -0.005386
v -0.167947 -0.193278 -0.004731
v -0.166835 -0.193335 -0.003761
v -0.168041 -0.195886 -0.002204
v -0.169216 -0.195822 -0.003120
v -0.170549 -0.201888 -0.000653
v -0.167522 -0.198153 -0.000726
v -0.190798 -0.190190 -0.029055
v -0.189450 -0.190487 -0.030198
v -0.190920 -0.191873 -0.029754
v -0.192394 -0.191615 -0.028558
v -0.193668 -0.194411 -0.028773
v -0.194360 -0.195157 -0.028562
v -0.195991 -0.194938 -0.027291
v -0.195150 -0.194151 -0.027584
v -0.194900 -0.194053 -0.026601
v -0.195653 -0.194862 -0.026403
v -0.195243 -0.200185 -0.023076
v -0.193759 -0.194145 -0.025689
v -0.204105 -0.418437 0.031345
v -0.201428 -0.416411 0.031456
v -0.203992 -0.415743 0.031610
v -0.204877 -0.417944 0.031401
v -0.252138 -0.413619 0.029202
v -0.252352 -0.415182 0.029302
v -0.253473 -0.415129 0.030269
v -0.253697 -0.413270 0.030599
v -0.253255 -0.417703 0.030109
v -0.252132 -0.417756 0.029143
v -0.252443 -0.418792 0.029471
v -0.253109 -0.419219 0.030093
v -0.222142 -0.415592 0.006108
v -0.223472 -0.416480 0.005794
v -0.224642 -0.416281 0.006462
v -0.224455 -0.414873 0.006619
v -0.223273 -0.418585 0.008248
v -0.224260 -0.419118 0.007926
v -0.223281 -0.417650 0.007006
v -0.221947 -0.416925 0.007567
v -0.152758 -0.197584 -0.057568
v -0.149658 -0.201087 -0.055391
v -0.151534 -0.202331 -0.055100
v -0.154105 -0.198962 -0.057152
v -0.153882 -0.205125 -0.054355
v -0.155276 -0.204345 -0.055060
v -0.157014 -0.202498 -0.056275
v -0.156454 -0.201761 -0.056414
v -0.157872 -0.200654 -0.056258
v -0.158436 -0.201390 -0.056116
v -0.160104 -0.201100 -0.054898
v -0.159417 -0.200353 -0.055113
v -0.102069 -0.275311 -0.010825
v -0.102836 -0.273758 -0.011691
v -0.101445 -0.274537 -0.010978
v -0.098697 -0.278239 -0.008640
v -0.086759 -0.284342 -0.003360
v -0.083790 -0.287865 -0.001114
v -0.085890 -0.289282 -0.000717
v -0.088638 -0.285575 -0.003048
v -0.088424 -0.288204 0.001736
v -0.086078 -0.289543 0.000302
v -0.083983 -0.288127 -0.000118
v -0.086023 -0.286901 0.001117
v -0.091837 -0.292262 0.002841
v -0.089808 -0.293862 0.001450
v -0.088418 -0.291915 0.000992
v -0.090741 -0.290578 0.002456
v -0.081780 -0.228651 0.015609
v -0.079753 -0.229969 0.014381
v -0.077324 -0.228686 0.013798
v -0.078865 -0.227664 0.014849
v -0.075581 -0.225709 0.013784
v -0.074051 -0.226711 0.012691
v -0.066724 -0.221112 0.010361
v -0.067834 -0.220319 0.011155
v -0.153596 -0.158866 -0.041262
v -0.155065 -0.160251 -0.040815
v -0.156402 -0.159958 -0.039662
v -0.154802 -0.158534 -0.040169
v -0.156000 -0.160025 -0.037320
v -0.154724 -0.158658 -0.037993
v -0.155083 -0.158488 -0.038661
v -0.156679 -0.159920 -0.038167
v -0.152606 -0.156039 -0.039485
v -0.152259 -0.156196 -0.038808
v -0.149246 -0.152869 -0.040286
v -0.147696 -0.150902 -0.041471
v -0.127682 -0.167866 -0.064626
v -0.126227 -0.166478 -0.065085
v -0.124986 -0.166837 -0.066118
v -0.126267 -0.168171 -0.065736
v -0.119090 -0.158626 -0.067629
v -0.118267 -0.159108 -0.068392
v -0.122607 -0.164284 -0.066855
v -0.123843 -0.163927 -0.065818
v -0.146210 -0.162391 -0.023702
v -0.147470 -0.163777 -0.023044
v -0.146692 -0.163900 -0.022221
v -0.145803 -0.162591 -0.023063
v -0.143276 -0.165643 -0.020272
v -0.136303 -0.158254 -0.023691
v -0.138943 -0.157053 -0.025031
v -0.143495 -0.162368 -0.022416
v -0.144378 -0.163723 -0.021627
v -0.043092 -0.251117 -0.011638
v -0.045479 -0.252431 -0.010960
v -0.043459 -0.253650 -0.012227
v -0.041582 -0.252093 -0.012711
v -0.037714 -0.241964 -0.017834
v -0.033153 -0.244985 -0.015853
v -0.040029 -0.250839 -0.013893
v -0.041880 -0.252412 -0.013373
v -0.044853 -0.248852 -0.015551
v -0.245236 -0.327482 0.021773
v -0.243729 -0.327824 0.020423
v -0.244066 -0.329891 0.021145
v -0.245770 -0.329543 0.022699
v -0.247027 -0.333500 0.024307
v -0.246516 -0.331930 0.023688
v -0.244827 -0.332285 0.022129
v -0.245212 -0.334119 0.022629
v -0.205378 -0.337306 -0.013294
v -0.205018 -0.335226 -0.014008
v -0.203408 -0.335573 -0.015320
v -0.203591 -0.337586 -0.014819
v -0.201306 -0.337556 -0.015195
v -0.201102 -0.335535 -0.015697
v -0.199211 -0.336110 -0.014980
v -0.198376 -0.337444 -0.014346
v -0.232092 -0.281134 -0.001013
v -0.232432 -0.283188 -0.000266
v -0.233960 -0.282858 0.001076
v -0.233433 -0.280820 0.000119
v -0.229864 -0.277955 0.002016
v -0.232181 -0.276590 -0.000415
v -0.232658 -0.278745 0.000682
v -0.233175 -0.280773 0.001650
v -0.194101 -0.291419 -0.026105
v -0.195063 -0.292303 -0.026145
v -0.196955 -0.291728 -0.026860
v -0.196762 -0.289649 -0.027391
v -0.200662 -0.289623 -0.025608
v -0.200292 -0.287553 -0.026344
v -0.198839 -0.287883 -0.027449
v -0.199020 -0.289954 -0.026908
v -0.199957 -0.282989 -0.028035
v -0.198710 -0.283302 -0.028942
v -0.198750 -0.285533 -0.028185
v -0.200221 -0.285213 -0.027087
v -0.211956 -0.209684 -0.021725
v -0.210320 -0.209904 -0.022990
v -0.211022 -0.210640 -0.022796
v -0.212721 -0.210410 -0.021494
v -0.214606 -0.212881 -0.021748
v -0.212907 -0.213105 -0.023054
v -0.213584 -0.213637 -0.023061
v -0.214900 -0.213437 -0.022005
v -0.171542 -0.216256 -0.051990
v -0.170844 -0.215519 -0.052188
v -0.169172 -0.215809 -0.053404
v -0.169770 -0.216526 -0.053260
v -0.165728 -0.218336 -0.052457
v -0.164957 -0.219891 -0.051599
v -0.168065 -0.217205 -0.053522
v -0.167466 -0.216489 -0.053671
v -0.168726 -0.223543 -0.050814
v -0.171834 -0.220020 -0.052990
v -0.170772 -0.219501 -0.053177
v -0.167666 -0.222215 -0.051296
v -0.061498 -0.079311 -0.123435
v -0.032020 -0.083543 -0.125866
v -0.043694 -0.082079 -0.105503
v -0.064230 -0.080246 -0.105977
v -0.279797 -0.491809 -0.139632
v -0.216900 -0.440405 -0.147945
v -0.207272 -0.455452 -0.111893
v -0.255901 -0.411622 -0.090207
v -0.259043 -0.395991 -0.142897
v -0.064190 -0.078087 -0.121371
v -0.059083 -0.075096 -0.120537
v -0.029344 -0.089585 -0.128018
v -0.031122 -0.087574 -0.131303
v -0.046795 -0.086584 -0.103402
v -0.043687 -0.086552 -0.106151
v -0.061873 -0.081443 -0.103539
v -0.059441 -0.076812 -0.105312
v -0.220994 -0.447459 -0.148207
v -0.224163 -0.443814 -0.151113
v -0.218900 -0.437642 -0.150140
v -0.212909 -0.461200 -0.113231
v -0.211276 -0.462000 -0.117393
v -0.205234 -0.456827 -0.115511
v -0.259474 -0.419757 -0.093749
v -0.257117 -0.422188 -0.091127
v -0.253791 -0.414415 -0.088504
v -0.262486 -0.405400 -0.141835
v -0.264703 -0.403978 -0.139123
v -0.260953 -0.394670 -0.139745
v -0.155833 -0.155343 -0.171690
v -0.156333 -0.152306 -0.173702
v -0.149622 -0.148731 -0.169986
v -0.148601 -0.151871 -0.167232
v -0.055778 -0.087572 -0.107761
v -0.046403 -0.087378 -0.108940
v -0.053068 -0.090941 -0.112764
v -0.061704 -0.091448 -0.111637
v -0.299096 -0.187543 -0.136598
v -0.300261 -0.183172 -0.143828
v -0.292796 -0.181856 -0.145881
v -0.292099 -0.185406 -0.141050
v -0.206455 -0.093706 -0.095026
v -0.214977 -0.094591 -0.093458
v -0.209985 -0.090038 -0.090049
v -0.200589 -0.089513 -0.091417
v -0.140607 -0.195818 -0.136463
v -0.140465 -0.199230 -0.133527
v -0.147263 -0.202276 -0.138736
v -0.147689 -0.199392 -0.141073
v -0.039338 -0.139505 -0.042240
v -0.039655 -0.142675 -0.038744
v -0.030265 -0.143586 -0.039643
v -0.029852 -0.140017 -0.043407
v -0.268601 -0.247065 -0.022713
v -0.267076 -0.250258 -0.017650
v -0.273441 -0.252706 -0.010592
v -0.275550 -0.248729 -0.017978
v -0.217587 -0.136771 -0.031449
v -0.216231 -0.139817 -0.025995
v -0.212641 -0.133312 -0.027222
v -0.212940 -0.130909 -0.030416
v -0.165034 -0.157129 -0.171907
v -0.172554 -0.159637 -0.167820
v -0.173200 -0.155575 -0.172230
v -0.165620 -0.154305 -0.174110
v -0.163023 -0.147074 -0.175317
v -0.170698 -0.148357 -0.173846
v -0.164882 -0.144156 -0.170443
v -0.156322 -0.143299 -0.171819
v -0.046207 -0.086206 -0.100675
v -0.045529 -0.088855 -0.097088
v -0.036026 -0.089236 -0.098149
v -0.036826 -0.086219 -0.101833
v -0.041850 -0.092724 -0.109827
v -0.035267 -0.089209 -0.105820
v -0.034379 -0.092386 -0.102298
v -0.040976 -0.095762 -0.106922
v -0.300830 -0.183364 -0.131678
v -0.296789 -0.177648 -0.130469
v -0.297251 -0.174328 -0.135971
v -0.301948 -0.179298 -0.139111
v -0.294481 -0.175275 -0.144329
v -0.289675 -0.170473 -0.141107
v -0.281245 -0.169259 -0.142966
v -0.286955 -0.173821 -0.146097
v -0.220703 -0.098459 -0.086090
v -0.220294 -0.101745 -0.080563
v -0.215629 -0.095896 -0.079541
v -0.215749 -0.093712 -0.082864
v -0.206260 -0.090174 -0.081364
v -0.206134 -0.092383 -0.078059
v -0.196131 -0.092407 -0.078900
v -0.196820 -0.089867 -0.082566
v -0.144150 -0.205181 -0.125214
v -0.150693 -0.208180 -0.122039
v -0.157365 -0.211006 -0.123472
v -0.150884 -0.208213 -0.130518
v -0.157531 -0.206996 -0.139177
v -0.164136 -0.209995 -0.132363
v -0.165542 -0.206305 -0.137084
v -0.158145 -0.204332 -0.141651
v -0.056352 -0.150574 -0.032066
v -0.061956 -0.154854 -0.030870
v -0.059808 -0.157362 -0.030995
v -0.046980 -0.151534 -0.033086
v -0.043946 -0.157384 -0.044784
v -0.037950 -0.154124 -0.039379
v -0.050749 -0.160042 -0.037362
v -0.050493 -0.160385 -0.041616
v -0.035345 -0.145290 -0.051491
v -0.028937 -0.141775 -0.046707
v -0.029267 -0.145454 -0.043047
v -0.035393 -0.148563 -0.048394
v -0.255984 -0.250942 -0.015124
v -0.249309 -0.248120 -0.013699
v -0.249571 -0.247775 -0.009445
v -0.262350 -0.253102 -0.007965
v -0.253317 -0.239296 -0.004006
v -0.260699 -0.240754 -0.003450
v -0.263925 -0.247221 -0.002726
v -0.251173 -0.241806 -0.004118
v -0.275119 -0.250619 -0.006770
v -0.271902 -0.244156 -0.007588
v -0.273282 -0.241094 -0.013027
v -0.277264 -0.246847 -0.014264
v -0.208917 -0.143884 -0.020588
v -0.201534 -0.142438 -0.021143
v -0.195935 -0.138149 -0.022328
v -0.205359 -0.137379 -0.021892
v -0.193395 -0.125610 -0.031349
v -0.203388 -0.125486 -0.030430
v -0.203124 -0.127951 -0.027285
v -0.193697 -0.128659 -0.027749
v 0.020085 -0.027537 -0.110839
v 0.020788 -0.028036 -0.110866
v 0.022463 -0.028019 -0.113127
v 0.019937 -0.025865 -0.113096
v -0.050045 0.001558 -0.130245
v -0.035737 0.018650 -0.125716
v -0.034375 0.018960 -0.128497
v -0.048667 0.002456 -0.133361
v 0.047539 -0.054280 -0.169192
v 0.059250 -0.036419 -0.163134
v 0.058035 -0.036482 -0.160828
v 0.046724 -0.054413 -0.166231
v 0.010613 0.018266 -0.183161
v 0.012531 0.018145 -0.186524
v 0.010423 0.020159 -0.187485
v 0.008925 0.020200 -0.184772
v -0.421755 -0.670107 -0.325982
v -0.422602 -0.668834 -0.327083
v -0.423278 -0.667522 -0.328328
v -0.422680 -0.666434 -0.330655
v -0.421851 -0.665583 -0.332899
v -0.418691 -0.667944 -0.332837
v -0.415612 -0.670388 -0.332481
v -0.415707 -0.671031 -0.330199
v -0.416053 -0.671559 -0.327831
v -0.417078 -0.671414 -0.327017
v -0.418245 -0.671190 -0.326357
v -0.420033 -0.670691 -0.326089
v -0.367693 -0.390000 -0.237640
v -0.381883 -0.406844 -0.242517
v -0.383062 -0.408602 -0.239113
v -0.368788 -0.391149 -0.234483
v -0.235211 -0.464753 -0.214057
v -0.246342 -0.483197 -0.218290
v -0.244734 -0.483429 -0.219454
v -0.234058 -0.465018 -0.214790
v -0.332375 -0.358145 -0.316296
v -0.345723 -0.375077 -0.321787
v -0.350215 -0.371029 -0.321776
v -0.335749 -0.355052 -0.316515
v -0.227453 -0.457132 -0.305591
v -0.239074 -0.475145 -0.311015
v -0.239045 -0.474703 -0.314723
v -0.226999 -0.456742 -0.308623
v -0.358512 -0.484459 -0.198718
v -0.355620 -0.478776 -0.194920
v -0.358440 -0.478253 -0.194926
v -0.360370 -0.484109 -0.198727
v -0.042123 -0.007000 -0.122849
v -0.041268 -0.008328 -0.122044
v -0.027895 0.010726 -0.119106
v -0.028143 0.011214 -0.119287
v -0.288426 -0.493142 -0.204157
v -0.283952 -0.487689 -0.200755
v -0.285764 -0.487457 -0.199807
v -0.289636 -0.492995 -0.203536
v 0.002898 -0.016250 -0.113425
v 0.001271 -0.016399 -0.111648
v 0.002154 -0.017494 -0.111208
v 0.002987 -0.017998 -0.111223
v 0.015030 -0.031776 -0.104001
v 0.004085 -0.050077 -0.107985
v 0.005300 -0.050424 -0.108527
v 0.015731 -0.032195 -0.104141
v 0.021580 -0.033369 -0.111181
v 0.010962 -0.051436 -0.115778
v 0.012120 -0.051470 -0.118794
v 0.023071 -0.033271 -0.113540
v -0.046024 -0.002140 -0.122455
v -0.045387 -0.003444 -0.121490
v -0.031478 0.014802 -0.117817
v -0.031828 0.015080 -0.118039
v -0.026705 0.020323 -0.123953
v -0.026316 0.020009 -0.123805
v -0.023489 0.018556 -0.125075
v -0.025192 0.020470 -0.126695
v 0.044015 -0.050922 -0.174727
v 0.040796 -0.047742 -0.175679
v 0.053927 -0.031064 -0.169678
v 0.055995 -0.033206 -0.168759
v 0.056299 -0.027738 -0.161466
v 0.057700 -0.027847 -0.163708
v 0.055714 -0.025679 -0.164781
v 0.053784 -0.025569 -0.161423
v 0.008450 0.016060 -0.193744
v -0.004811 -0.000642 -0.199374
v -0.008098 0.002488 -0.199928
v 0.006282 0.018065 -0.194495
v 0.000884 0.020601 -0.187151
v 0.002285 0.020671 -0.189902
v -0.012058 0.004974 -0.195087
v -0.013671 0.004351 -0.192099
v -0.389294 -0.425143 -0.243796
v -0.388082 -0.417817 -0.241153
v -0.387029 -0.415956 -0.244554
v -0.388603 -0.423904 -0.246043
v -0.387747 -0.434282 -0.235425
v -0.386248 -0.427710 -0.232176
v -0.387112 -0.425471 -0.233940
v -0.388319 -0.432798 -0.236583
v -0.382575 -0.415693 -0.231941
v -0.381705 -0.417936 -0.230187
v -0.367836 -0.399421 -0.226275
v -0.368416 -0.398143 -0.227318
v -0.256227 -0.497361 -0.224208
v -0.251219 -0.491985 -0.221226
v -0.252794 -0.491786 -0.220005
v -0.257267 -0.497239 -0.223407
v -0.251328 -0.497207 -0.235150
v -0.246242 -0.491719 -0.233444
v -0.246490 -0.492060 -0.229645
v -0.251497 -0.497436 -0.232629
v -0.238722 -0.485172 -0.226536
v -0.238297 -0.484945 -0.230309
v -0.227012 -0.466714 -0.224908
v -0.227835 -0.466909 -0.221791
v -0.356743 -0.389535 -0.323597
v -0.354730 -0.381086 -0.323212
v -0.350215 -0.385112 -0.323349
v -0.353757 -0.392190 -0.323686
v -0.363902 -0.388766 -0.316379
v -0.362328 -0.380819 -0.314890
v -0.360991 -0.379349 -0.318178
v -0.363008 -0.387797 -0.318565
v -0.342288 -0.354388 -0.309364
v -0.340897 -0.353549 -0.312409
v -0.355266 -0.369659 -0.317527
v -0.356720 -0.371020 -0.314254
v -0.250269 -0.488909 -0.316144
v -0.245232 -0.483227 -0.315712
v -0.245106 -0.483770 -0.312005
v -0.250189 -0.489262 -0.313712
v -0.256986 -0.482038 -0.321717
v -0.253444 -0.474960 -0.321383
v -0.249037 -0.479078 -0.321073
v -0.254070 -0.484762 -0.321507
v -0.232861 -0.450345 -0.315228
v -0.229536 -0.453496 -0.314590
v -0.241780 -0.471374 -0.320538
v -0.246147 -0.467235 -0.320996
v -0.348906 -0.469785 -0.191146
v -0.336345 -0.450763 -0.187832
v -0.338221 -0.449950 -0.187987
v -0.351720 -0.469255 -0.191235
v -0.348410 -0.444179 -0.192247
v -0.362314 -0.462678 -0.196111
v -0.361084 -0.464812 -0.194561
v -0.347604 -0.445485 -0.191361
v -0.368139 -0.479221 -0.201681
v -0.366213 -0.473368 -0.197875
v -0.367414 -0.471245 -0.199465
v -0.368914 -0.477817 -0.202713
v -0.035078 -0.016187 -0.119046
v -0.033229 -0.017010 -0.118718
v -0.020732 0.001782 -0.115753
v -0.021702 0.002857 -0.116064
v -0.019732 0.010650 -0.121520
v -0.018803 0.009549 -0.121146
v -0.017185 0.009680 -0.122934
v -0.020024 0.011122 -0.121681
v -0.265708 -0.461519 -0.192758
v -0.267016 -0.461136 -0.192251
v -0.278619 -0.479764 -0.195986
v -0.276778 -0.480031 -0.196851
v -0.292601 -0.477064 -0.194861
v -0.289682 -0.477467 -0.194984
v -0.278108 -0.458789 -0.191412
v -0.280048 -0.458065 -0.191383
v -0.300254 -0.491989 -0.201396
v -0.296382 -0.486449 -0.197669
v -0.299301 -0.486062 -0.197465
v -0.302194 -0.491746 -0.201263
v -0.006669 -0.016435 -0.107275
v -0.019118 -0.035220 -0.110467
v -0.017206 -0.035965 -0.110277
v -0.005789 -0.017566 -0.107011
v 0.001952 -0.023698 -0.108442
v -0.009446 -0.042066 -0.111946
v -0.008101 -0.042508 -0.112272
v 0.002808 -0.024135 -0.108519
v 0.131333 -0.131199 -0.343886
v 0.132899 -0.125951 -0.343487
v 0.122696 -0.123293 -0.341407
v 0.121482 -0.128672 -0.341701
v -0.117232 -0.054767 -0.312032
v -0.118083 -0.052530 -0.304629
v -0.107770 -0.054448 -0.306467
v -0.108207 -0.054959 -0.311536
v 0.094903 -0.079432 -0.419533
v 0.095536 -0.075247 -0.418573
v 0.097398 -0.077259 -0.415685
v 0.096635 -0.082055 -0.416467
v -0.088025 -0.123785 -0.474467
v -0.088471 -0.124921 -0.479555
v -0.096071 -0.127107 -0.482173
v -0.097048 -0.124524 -0.474726
v -0.070535 -0.544062 -0.439909
v -0.074712 -0.535338 -0.435187
v -0.075528 -0.530783 -0.435846
v -0.073506 -0.533258 -0.438819
v -0.137832 -0.355619 -0.333754
v -0.137789 -0.349952 -0.331057
v -0.145584 -0.346537 -0.329347
v -0.141968 -0.355910 -0.333959
v 0.041475 -0.416716 -0.388721
v 0.044209 -0.410699 -0.388012
v 0.043441 -0.415166 -0.384610
v 0.039709 -0.421687 -0.387356
v 0.038209 -0.302802 -0.464112
v 0.039328 -0.295061 -0.463992
v 0.045706 -0.295666 -0.465326
v 0.041546 -0.306606 -0.464870
v -0.142858 -0.184741 -0.320625
v -0.143771 -0.190662 -0.319329
v -0.144126 -0.187401 -0.315298
v -0.143433 -0.181628 -0.314774
v -0.107512 -0.259866 -0.423062
v -0.107851 -0.264915 -0.421870
v -0.115714 -0.269454 -0.420699
v -0.115208 -0.262958 -0.423164
v 0.083593 -0.170414 -0.434391
v 0.082350 -0.175694 -0.435217
v 0.081139 -0.172475 -0.438416
v 0.082045 -0.167806 -0.437564
v 0.082454 -0.248310 -0.354608
v 0.081116 -0.254080 -0.355213
v 0.090408 -0.256713 -0.357510
v 0.092281 -0.250820 -0.356916
v 0.136785 -0.129158 -0.353077
v 0.135734 -0.126433 -0.356119
v 0.136725 -0.121665 -0.355471
v 0.138219 -0.123895 -0.352506
v 0.131780 -0.119841 -0.349280
v 0.130031 -0.118173 -0.352299
v 0.121173 -0.117164 -0.352470
v 0.121454 -0.117761 -0.347426
v -0.125947 -0.066961 -0.311325
v -0.127064 -0.072513 -0.310219
v -0.127577 -0.069407 -0.304358
v -0.126756 -0.064203 -0.304036
v -0.110099 -0.064478 -0.298933
v -0.120365 -0.062038 -0.297227
v -0.121191 -0.067243 -0.297531
v -0.111299 -0.069865 -0.299158
v 0.083466 -0.077083 -0.424765
v 0.075796 -0.080188 -0.426256
v 0.076500 -0.075212 -0.426439
v 0.084115 -0.072890 -0.424146
v 0.089034 -0.062157 -0.417377
v 0.081390 -0.063666 -0.419893
v 0.082010 -0.063750 -0.414849
v 0.090851 -0.063363 -0.414372
v -0.087414 -0.131784 -0.487829
v -0.088336 -0.136632 -0.486883
v -0.095875 -0.139974 -0.487728
v -0.095086 -0.134249 -0.489949
v -0.105421 -0.132567 -0.481657
v -0.106459 -0.138147 -0.479089
v -0.107559 -0.135125 -0.473228
v -0.106574 -0.129559 -0.474362
v -0.058419 -0.546978 -0.450585
v -0.054357 -0.543742 -0.451706
v -0.051036 -0.547546 -0.452516
v -0.055469 -0.557794 -0.451599
v -0.036992 -0.547070 -0.443869
v -0.041127 -0.552555 -0.446454
v -0.036619 -0.542333 -0.447302
v -0.035223 -0.542097 -0.445222
v -0.055936 -0.567856 -0.443653
v -0.051847 -0.562404 -0.440933
v -0.055931 -0.558854 -0.438656
v -0.060063 -0.559179 -0.438804
v -0.143745 -0.329903 -0.323897
v -0.142630 -0.324087 -0.323176
v -0.151232 -0.321138 -0.321450
v -0.151545 -0.326506 -0.322168
v -0.156488 -0.313822 -0.327501
v -0.156130 -0.314285 -0.329903
v -0.155994 -0.317301 -0.331463
v -0.156753 -0.319198 -0.328181
v -0.151403 -0.345035 -0.336994
v -0.154962 -0.335674 -0.332315
v -0.154217 -0.333792 -0.335607
v -0.152209 -0.340479 -0.337656
v 0.051115 -0.388996 -0.384311
v 0.052647 -0.383685 -0.383647
v 0.052378 -0.387661 -0.380243
v 0.050489 -0.393511 -0.380946
v 0.034574 -0.401362 -0.370662
v 0.042402 -0.404051 -0.372937
v 0.044373 -0.398221 -0.372282
v 0.035700 -0.395556 -0.369884
v 0.027792 -0.422009 -0.376943
v 0.031877 -0.425521 -0.379283
v 0.035657 -0.419003 -0.376598
v 0.027841 -0.416340 -0.374251
v 0.044445 -0.278284 -0.462938
v 0.047293 -0.275274 -0.462994
v 0.051669 -0.274348 -0.463593
v 0.050823 -0.278895 -0.464271
v 0.060775 -0.290482 -0.456258
v 0.060700 -0.285773 -0.459502
v 0.061654 -0.281252 -0.458810
v 0.062118 -0.285127 -0.455541
v 0.048933 -0.323079 -0.456477
v 0.047532 -0.323307 -0.458555
v 0.051638 -0.312348 -0.459029
v 0.051658 -0.317056 -0.455778
v -0.145308 -0.213846 -0.321345
v -0.145919 -0.216500 -0.320263
v -0.146274 -0.216034 -0.317860
v -0.145678 -0.210584 -0.317317
v -0.130921 -0.211244 -0.312421
v -0.129665 -0.205465 -0.311860
v -0.138972 -0.202834 -0.310188
v -0.139532 -0.208287 -0.310752
v -0.136870 -0.185674 -0.307963
v -0.127556 -0.188311 -0.309579
v -0.126228 -0.182532 -0.309036
v -0.136119 -0.179912 -0.307401
v -0.085434 -0.271536 -0.427052
v -0.083338 -0.273295 -0.427916
v -0.086160 -0.276324 -0.427755
v -0.093346 -0.275945 -0.425572
v -0.108261 -0.300594 -0.424718
v -0.112312 -0.303830 -0.423542
v -0.114304 -0.292486 -0.422310
v -0.107148 -0.292852 -0.424596
v -0.125621 -0.304890 -0.410755
v -0.127584 -0.298191 -0.408694
v -0.125557 -0.296007 -0.412516
v -0.123563 -0.307355 -0.413712
v -0.131250 -0.280937 -0.398388
v -0.130548 -0.278294 -0.399441
v -0.129055 -0.281773 -0.403769
v -0.131019 -0.283962 -0.399918
v -0.124832 -0.261139 -0.413016
v -0.123431 -0.264177 -0.418800
v -0.124146 -0.270551 -0.416016
v -0.125514 -0.267069 -0.411660
v 0.075499 -0.194632 -0.437721
v 0.074274 -0.199781 -0.438506
v 0.073621 -0.195874 -0.441704
v 0.074481 -0.191440 -0.441015
v 0.060358 -0.195166 -0.447323
v 0.058241 -0.193390 -0.446543
v 0.065514 -0.189800 -0.447150
v 0.064739 -0.194243 -0.447902
v 0.062123 -0.168042 -0.449018
v 0.069900 -0.164930 -0.448346
v 0.069085 -0.169614 -0.448826
v 0.061829 -0.173207 -0.448624
v 0.075961 -0.270315 -0.356317
v 0.074692 -0.276085 -0.356944
v 0.083380 -0.278761 -0.359276
v 0.085238 -0.272937 -0.358686
v 0.090812 -0.271802 -0.372460
v 0.092216 -0.266689 -0.371741
v 0.092497 -0.269985 -0.368448
v 0.090722 -0.275826 -0.369103
v 0.096947 -0.241347 -0.367418
v 0.097760 -0.244024 -0.364254
v 0.095970 -0.249933 -0.364920
v 0.095509 -0.246592 -0.368148
v -0.000513 -0.317797 -0.082172
v -0.000905 -0.318112 -0.079982
v -0.001335 -0.307220 -0.082595
v 0.023834 -0.297126 -0.121718
v 0.024950 -0.307356 -0.123492
v 0.024656 -0.307703 -0.121295
v -0.012938 -0.285092 -0.111793
v -0.017862 -0.294192 -0.114901
v -0.014830 -0.294748 -0.114280
v -0.027797 -0.303560 -0.084749
v -0.023860 -0.294012 -0.086809
v -0.025592 -0.306258 -0.084210
v -0.142247 -0.896694 -0.197407
v -0.142263 -0.899962 -0.198467
v -0.140305 -0.895638 -0.197376
v -0.140912 -0.894807 -0.197030
v -0.096773 -0.801940 -0.171095
v -0.095877 -0.800047 -0.170139
v -0.094302 -0.796235 -0.170702
v -0.096340 -0.800737 -0.171812
v -0.140324 -0.821932 -0.172745
v -0.139586 -0.819251 -0.172011
v -0.141605 -0.820460 -0.172005
v -0.141653 -0.823817 -0.173104
v -0.152518 -0.824946 -0.126737
v -0.152696 -0.825884 -0.126435
v -0.155685 -0.830306 -0.127881
v -0.155447 -0.829556 -0.129387
v -0.154003 -0.825657 -0.129094
v -0.135363 -0.887322 -0.157360
v -0.135292 -0.887099 -0.155594
v -0.134489 -0.889403 -0.156744
v -0.134769 -0.889951 -0.158432
v -0.047452 -0.721004 -0.093910
v -0.043932 -0.715328 -0.091957
v -0.042631 -0.714722 -0.091789
v -0.046299 -0.721723 -0.094324
v -0.047890 -0.686346 -0.182385
v -0.045926 -0.687846 -0.180723
v -0.041517 -0.676679 -0.177821
v -0.045749 -0.676100 -0.181347
v -0.124805 -0.697524 -0.157762
v -0.128686 -0.697655 -0.157830
v -0.129735 -0.708900 -0.158217
v -0.126888 -0.707635 -0.158522
v -0.112297 -0.746341 -0.123880
v -0.110362 -0.736775 -0.123475
v -0.108752 -0.739723 -0.120537
v -0.110628 -0.745773 -0.121640
v -0.008410 -0.539082 -0.123453
v -0.011127 -0.549221 -0.124388
v -0.006695 -0.549870 -0.122700
v -0.005407 -0.539580 -0.122580
v -0.112632 -0.524559 -0.161827
v -0.115878 -0.534548 -0.162389
v -0.117182 -0.534662 -0.166508
v -0.113173 -0.524325 -0.164380
v -0.075755 -0.529747 -0.063261
v -0.077918 -0.537421 -0.062618
v -0.080192 -0.536915 -0.062891
v -0.077958 -0.527043 -0.063792
v 0.005446 -0.545340 -0.059202
v 0.005105 -0.555385 -0.058647
v 0.005300 -0.555704 -0.056013
v 0.005251 -0.545555 -0.056955
v -0.078387 -0.731197 -0.099140
v -0.076565 -0.725115 -0.097880
v -0.075770 -0.725562 -0.097012
v -0.075310 -0.727946 -0.097361
v -0.078426 -0.732232 -0.099033
v -0.090486 -0.668930 -0.080716
v -0.090499 -0.665406 -0.080101
v -0.090440 -0.666732 -0.078776
v -0.090051 -0.669453 -0.079589
v -0.098896 -0.610763 -0.083229
v -0.098158 -0.611867 -0.080767
v -0.098822 -0.615005 -0.081523
v -0.099568 -0.611884 -0.084791
v -0.023935 -0.541367 -0.058412
v -0.022688 -0.549818 -0.057467
v -0.023860 -0.549598 -0.057578
v -0.026101 -0.549051 -0.057784
v -0.086458 -0.630207 -0.112554
v -0.085663 -0.624551 -0.112440
v -0.084517 -0.627900 -0.110112
v -0.084470 -0.629509 -0.109051
v -0.084930 -0.633149 -0.109574
v -0.002722 -0.317597 -0.079353
v -0.004884 -0.318950 -0.079366
v -0.003152 -0.306704 -0.081965
v 0.023450 -0.296574 -0.122366
v 0.021557 -0.306230 -0.124853
v 0.024566 -0.306803 -0.124140
v -0.014343 -0.285140 -0.110518
v -0.018816 -0.294446 -0.111047
v -0.019267 -0.294240 -0.113626
v -0.028254 -0.302545 -0.086151
v -0.028790 -0.302303 -0.088741
v -0.024317 -0.292997 -0.088212
v -0.143785 -0.900312 -0.197382
v -0.143809 -0.900290 -0.195665
v -0.143475 -0.903128 -0.196812
v -0.143677 -0.903500 -0.198421
v -0.142481 -0.903038 -0.198312
v -0.142139 -0.902588 -0.196667
v -0.140945 -0.899917 -0.196488
v -0.140506 -0.898716 -0.197206
v -0.091520 -0.790384 -0.170192
v -0.088722 -0.784418 -0.168932
v -0.090647 -0.782956 -0.170668
v -0.091842 -0.787579 -0.170834
v -0.090179 -0.786362 -0.170304
v -0.095974 -0.797306 -0.171884
v -0.093931 -0.792806 -0.170772
v -0.095850 -0.793796 -0.170822
v -0.096586 -0.796477 -0.171552
v -0.139539 -0.816369 -0.171709
v -0.138237 -0.811757 -0.171569
v -0.141049 -0.812946 -0.171116
v -0.141518 -0.817528 -0.171599
v -0.142555 -0.818757 -0.168474
v -0.142162 -0.818280 -0.170252
v -0.141454 -0.813605 -0.169614
v -0.141565 -0.814693 -0.168078
v -0.142642 -0.821080 -0.170899
v -0.143140 -0.821543 -0.169125
v -0.142845 -0.824499 -0.170320
v -0.142596 -0.824381 -0.171953
v -0.152334 -0.828206 -0.126723
v -0.151252 -0.829093 -0.127181
v -0.154746 -0.834687 -0.129100
v -0.155623 -0.832385 -0.128020
v -0.156803 -0.833741 -0.129634
v -0.156049 -0.836138 -0.130808
v -0.155871 -0.836137 -0.132472
v -0.156381 -0.833335 -0.131388
v -0.134831 -0.885479 -0.153953
v -0.131327 -0.879890 -0.151992
v -0.130182 -0.880604 -0.152449
v -0.133893 -0.887659 -0.155052
v -0.130217 -0.881795 -0.156132
v -0.131902 -0.885683 -0.155539
v -0.128186 -0.878630 -0.152925
v -0.127316 -0.875920 -0.155069
v -0.133179 -0.887639 -0.159254
v -0.134381 -0.890307 -0.159431
v -0.133973 -0.889632 -0.157705
v -0.132285 -0.885746 -0.158297
v -0.042154 -0.711478 -0.090880
v -0.041121 -0.705301 -0.089413
v -0.039007 -0.704694 -0.089243
v -0.040851 -0.710878 -0.090698
v -0.040288 -0.711644 -0.091950
v -0.038192 -0.705545 -0.090567
v -0.038548 -0.704804 -0.093765
v -0.042978 -0.715969 -0.096686
v -0.043658 -0.718740 -0.094583
v -0.129040 -0.699215 -0.156595
v -0.128224 -0.701809 -0.154646
v -0.129924 -0.711379 -0.155143
v -0.130232 -0.710336 -0.156654
v -0.007544 -0.559262 -0.122454
v -0.005654 -0.553733 -0.120940
v -0.006496 -0.553113 -0.122860
v -0.010573 -0.552854 -0.125383
v -0.011736 -0.558715 -0.126058
v -0.004727 -0.540174 -0.121448
v -0.005831 -0.550321 -0.121368
v -0.005559 -0.550666 -0.118753
v -0.004831 -0.540453 -0.119211
v -0.115352 -0.537930 -0.159489
v -0.115337 -0.540096 -0.158562
v -0.116002 -0.541216 -0.160125
v -0.116740 -0.538015 -0.163584
v -0.115381 -0.545555 -0.159444
v -0.114766 -0.546886 -0.159110
v -0.114830 -0.546028 -0.160613
v -0.116129 -0.542363 -0.162906
v -0.117062 -0.550573 -0.164374
v -0.118107 -0.547978 -0.166236
v -0.117571 -0.541244 -0.166544
v -0.116290 -0.544914 -0.164245
v -0.113730 -0.544510 -0.167431
v -0.112758 -0.538632 -0.166733
v -0.117161 -0.538031 -0.168048
v -0.117701 -0.544907 -0.168064
v -0.112285 -0.524697 -0.165543
v -0.116389 -0.534952 -0.167501
v -0.111965 -0.535468 -0.166017
v -0.109258 -0.525198 -0.164778
v -0.078601 -0.540436 -0.062612
v -0.080264 -0.544320 -0.063418
v -0.081575 -0.543103 -0.063574
v -0.080875 -0.539943 -0.062939
v -0.083774 -0.541823 -0.067542
v -0.083790 -0.539657 -0.068468
v -0.082323 -0.539747 -0.064384
v -0.083031 -0.542926 -0.065080
v -0.079757 -0.526421 -0.067848
v -0.079131 -0.526684 -0.065284
v -0.081453 -0.536529 -0.064350
v -0.082824 -0.536460 -0.068461
v 0.004154 -0.558892 -0.058963
v 0.002471 -0.564629 -0.060925
v 0.002743 -0.565334 -0.057704
v 0.004521 -0.559109 -0.056271
v -0.000283 -0.565742 -0.056671
v 0.002477 -0.558657 -0.055113
v 0.003632 -0.558914 -0.055085
v 0.001834 -0.565130 -0.056484
v 0.003896 -0.555784 -0.055048
v 0.002732 -0.555544 -0.055123
v 0.001488 -0.547089 -0.056061
v 0.003646 -0.545745 -0.056061
v -0.073652 -0.723038 -0.095525
v -0.070660 -0.718727 -0.094500
v -0.071707 -0.724917 -0.096040
v -0.073011 -0.725504 -0.096229
v -0.075838 -0.733872 -0.098921
v -0.076935 -0.732983 -0.098536
v -0.073638 -0.728790 -0.097244
v -0.072330 -0.728194 -0.097041
v -0.089921 -0.660996 -0.079988
v -0.090208 -0.660207 -0.079634
v -0.090432 -0.660550 -0.078838
v -0.090094 -0.662466 -0.078713
v -0.089546 -0.660463 -0.077095
v -0.087923 -0.656702 -0.076369
v -0.086604 -0.657897 -0.076136
v -0.089207 -0.662405 -0.077039
v -0.088581 -0.665485 -0.077460
v -0.085966 -0.660993 -0.076574
v -0.084978 -0.663760 -0.077255
v -0.087947 -0.668051 -0.078171
v -0.097135 -0.614164 -0.080000
v -0.095837 -0.615337 -0.079685
v -0.097445 -0.619150 -0.080577
v -0.097825 -0.617277 -0.080659
v -0.097726 -0.620860 -0.082523
v -0.097776 -0.619731 -0.083014
v -0.098316 -0.619357 -0.081905
v -0.097956 -0.621210 -0.081732
v -0.098677 -0.617340 -0.082981
v -0.098135 -0.617712 -0.084088
v -0.098791 -0.615542 -0.085913
v -0.099414 -0.614221 -0.086253
v -0.023066 -0.553013 -0.057802
v -0.025808 -0.560071 -0.059257
v -0.026821 -0.557334 -0.058698
v -0.024227 -0.552778 -0.057850
v -0.026323 -0.552307 -0.058026
v -0.028909 -0.556860 -0.058850
v -0.030223 -0.555621 -0.058968
v -0.028566 -0.551772 -0.058271
v -0.086005 -0.621025 -0.111772
v -0.085943 -0.621888 -0.110272
v -0.085276 -0.624043 -0.108438
v -0.084724 -0.624402 -0.109534
v -0.084649 -0.626277 -0.107920
v -0.085202 -0.625922 -0.106824
v -0.085164 -0.627065 -0.106343
v -0.084870 -0.627847 -0.106691
v 0.023459 -0.282751 -0.048935
v 0.023915 -0.283133 -0.049221
v 0.024160 -0.283120 -0.051361
v 0.022498 -0.281471 -0.050374
v -0.030447 -0.260484 -0.034961
v -0.019231 -0.247403 -0.037434
v -0.019393 -0.247166 -0.039799
v -0.030726 -0.259797 -0.037553
v 0.019326 -0.303217 -0.098115
v 0.029407 -0.289549 -0.098581
v 0.029483 -0.289596 -0.096588
v 0.019919 -0.303320 -0.095841
v -0.010493 -0.247697 -0.093243
v -0.010509 -0.247790 -0.096207
v -0.012273 -0.246248 -0.096037
v -0.012229 -0.246217 -0.093666
v -0.351711 -0.774519 -0.022454
v -0.352693 -0.773545 -0.022860
v -0.353617 -0.772541 -0.023427
v -0.354112 -0.771709 -0.025197
v -0.354421 -0.771057 -0.027002
v -0.352303 -0.772864 -0.028170
v -0.350126 -0.774735 -0.029112
v -0.349315 -0.775227 -0.027563
v -0.348639 -0.775631 -0.025862
v -0.349007 -0.775520 -0.024929
v -0.349527 -0.775348 -0.024046
v -0.350611 -0.774967 -0.023184
v -0.282075 -0.560150 0.015411
v -0.293345 -0.573040 0.017608
v -0.292824 -0.574386 0.020315
v -0.281592 -0.561029 0.017922
v -0.185243 -0.617359 -0.019655
v -0.194241 -0.631474 -0.018201
v -0.193620 -0.631652 -0.019587
v -0.184760 -0.617562 -0.020582
v -0.288764 -0.535770 -0.050236
v -0.299713 -0.548729 -0.048768
v -0.302686 -0.545631 -0.047042
v -0.291085 -0.533403 -0.049090
v -0.215128 -0.611527 -0.083290
v -0.224906 -0.625312 -0.082439
v -0.226305 -0.624974 -0.084908
v -0.215987 -0.611228 -0.085474
v -0.261096 -0.632441 0.037694
v -0.257725 -0.628091 0.039104
v -0.259597 -0.627691 0.040180
v -0.262331 -0.632172 0.038399
v -0.022366 -0.267034 -0.033090
v -0.021491 -0.268050 -0.032884
v -0.011504 -0.253467 -0.036054
v -0.011738 -0.253094 -0.036079
v -0.216725 -0.639086 0.007270
v -0.212458 -0.634913 0.007813
v -0.213296 -0.634735 0.009135
v -0.217289 -0.638973 0.008145
v 0.011079 -0.274113 -0.044072
v 0.010680 -0.274226 -0.042271
v 0.011434 -0.275065 -0.042318
v 0.011980 -0.275450 -0.042647
v 0.022726 -0.285995 -0.042468
v 0.013947 -0.300001 -0.040920
v 0.014544 -0.300266 -0.041744
v 0.023137 -0.286315 -0.042829
v 0.024319 -0.287214 -0.049734
v 0.015523 -0.301041 -0.048717
v 0.015136 -0.301067 -0.051160
v 0.024405 -0.287139 -0.051867
v -0.024801 -0.263314 -0.031336
v -0.024010 -0.264312 -0.030941
v -0.013385 -0.250348 -0.033828
v -0.013703 -0.250135 -0.033841
v -0.012570 -0.246123 -0.039722
v -0.012255 -0.246363 -0.039772
v -0.010869 -0.247475 -0.041696
v -0.012617 -0.246010 -0.042118
v 0.014873 -0.300647 -0.100436
v 0.012375 -0.298214 -0.099835
v 0.023375 -0.285450 -0.100882
v 0.025097 -0.287089 -0.101064
v 0.028088 -0.282904 -0.096347
v 0.028160 -0.282988 -0.098369
v 0.026432 -0.281328 -0.098320
v 0.026438 -0.281245 -0.095356
v -0.015976 -0.249385 -0.099431
v -0.026921 -0.262168 -0.098087
v -0.029310 -0.259772 -0.097197
v -0.017701 -0.247851 -0.099098
v -0.018468 -0.245910 -0.092165
v -0.018592 -0.245856 -0.094525
v -0.030083 -0.257870 -0.092473
v -0.030008 -0.258347 -0.089876
v -0.298747 -0.587045 0.019596
v -0.296932 -0.581438 0.020884
v -0.297536 -0.580014 0.018227
v -0.299148 -0.586096 0.017842
v -0.294518 -0.594039 0.024552
v -0.292282 -0.589009 0.026132
v -0.293529 -0.587296 0.025294
v -0.295341 -0.592904 0.024003
v -0.289757 -0.579813 0.024882
v -0.288509 -0.581529 0.025712
v -0.277820 -0.567359 0.022997
v -0.278604 -0.566381 0.022528
v -0.203057 -0.642315 -0.018341
v -0.198597 -0.638200 -0.018280
v -0.199174 -0.638048 -0.016869
v -0.203440 -0.642221 -0.017412
v -0.203997 -0.642197 -0.027467
v -0.199973 -0.637996 -0.028283
v -0.198684 -0.638258 -0.025671
v -0.203144 -0.642372 -0.025732
v -0.192345 -0.632986 -0.026582
v -0.193508 -0.632812 -0.029245
v -0.183961 -0.618860 -0.029984
v -0.183315 -0.619009 -0.027603
v -0.307710 -0.559794 -0.045751
v -0.306227 -0.553327 -0.046266
v -0.303288 -0.556408 -0.048084
v -0.305764 -0.561825 -0.046952
v -0.309691 -0.559205 -0.038227
v -0.308079 -0.553123 -0.037843
v -0.308451 -0.551998 -0.040533
v -0.309936 -0.558464 -0.040018
v -0.292682 -0.532895 -0.041849
v -0.292925 -0.532253 -0.044399
v -0.304407 -0.544582 -0.042293
v -0.304118 -0.545623 -0.039568
v -0.234288 -0.635846 -0.081554
v -0.230785 -0.631498 -0.083195
v -0.229282 -0.631913 -0.080787
v -0.233304 -0.636116 -0.079973
v -0.240872 -0.630587 -0.082678
v -0.238397 -0.625170 -0.083811
v -0.235357 -0.628323 -0.085292
v -0.238860 -0.632673 -0.083654
v -0.222400 -0.606332 -0.087608
v -0.219951 -0.608744 -0.088458
v -0.230343 -0.622426 -0.087715
v -0.233413 -0.619258 -0.086347
v -0.251831 -0.621210 0.039037
v -0.242238 -0.606652 0.036426
v -0.243540 -0.606030 0.037042
v -0.253730 -0.620805 0.040054
v -0.251924 -0.601613 0.038117
v -0.262618 -0.615771 0.040877
v -0.261209 -0.617404 0.041433
v -0.251051 -0.602613 0.038396
v -0.268610 -0.628431 0.039414
v -0.265877 -0.623952 0.041200
v -0.267282 -0.622328 0.040605
v -0.269518 -0.627358 0.039027
v -0.016241 -0.274065 -0.033266
v -0.014891 -0.274694 -0.033755
v -0.005474 -0.260312 -0.036573
v -0.006236 -0.259490 -0.036407
v -0.007017 -0.253526 -0.040778
v -0.006259 -0.254368 -0.040885
v -0.005871 -0.254268 -0.042689
v -0.007273 -0.253165 -0.040772
v -0.197306 -0.614884 0.006132
v -0.197979 -0.614591 0.006968
v -0.207099 -0.628847 0.008933
v -0.206209 -0.629052 0.007655
v -0.215935 -0.626781 0.015028
v -0.214047 -0.627089 0.013830
v -0.205009 -0.612795 0.011769
v -0.206284 -0.612241 0.012531
v -0.223508 -0.638203 0.013626
v -0.219515 -0.633964 0.014614
v -0.221373 -0.633667 0.015867
v -0.224743 -0.638017 0.014456
v 0.007091 -0.274254 -0.036335
v -0.002381 -0.288631 -0.033687
v -0.001041 -0.289201 -0.034292
v 0.007776 -0.275120 -0.036496
v 0.012359 -0.279813 -0.040407
v 0.003464 -0.293870 -0.038368
v 0.004230 -0.294208 -0.039099
v 0.012896 -0.280147 -0.040786
v 0.020107 -0.355158 -0.185179
v 0.023230 -0.346636 -0.182311
v 0.018990 -0.355500 -0.184095
v -0.001778 -0.356855 -0.165595
v 0.000535 -0.357036 -0.166026
v 0.005950 -0.347897 -0.165499
v -0.000849 -0.347309 -0.164858
v -0.167872 -0.342187 -0.170383
v -0.165538 -0.334709 -0.168679
v -0.164893 -0.334143 -0.169340
v -0.166998 -0.341328 -0.171223
v -0.153677 -0.339447 -0.188992
v -0.152409 -0.332713 -0.186164
v -0.145332 -0.333248 -0.185488
v -0.147621 -0.340894 -0.188910
v -0.184748 -0.837519 -0.333089
v -0.183998 -0.838534 -0.333990
v -0.182737 -0.836596 -0.332946
v -0.183666 -0.836562 -0.332666
v -0.222873 -0.782352 -0.281020
v -0.224182 -0.783544 -0.279656
v -0.225098 -0.782391 -0.278267
v -0.225334 -0.780585 -0.277797
v -0.223719 -0.779325 -0.279544
v -0.181942 -0.749497 -0.320531
v -0.177974 -0.748070 -0.321134
v -0.178589 -0.752036 -0.322605
v -0.181098 -0.752517 -0.322020
v -0.142627 -0.769929 -0.295202
v -0.142347 -0.771756 -0.297035
v -0.139647 -0.771026 -0.297429
v -0.139043 -0.770211 -0.296932
v -0.140935 -0.769119 -0.295115
v -0.184504 -0.745066 -0.254194
v -0.186431 -0.743972 -0.252394
v -0.187979 -0.745587 -0.253352
v -0.186196 -0.745859 -0.254288
v -0.161867 -0.688163 -0.223494
v -0.160948 -0.685213 -0.222330
v -0.162832 -0.685380 -0.220212
v -0.163673 -0.687758 -0.221414
v -0.258947 -0.618984 -0.246999
v -0.259553 -0.616470 -0.246642
v -0.258741 -0.615723 -0.247375
v -0.257958 -0.618106 -0.247917
v -0.237832 -0.594388 -0.263015
v -0.238513 -0.595388 -0.263189
v -0.239445 -0.596076 -0.262431
v -0.239061 -0.595393 -0.262071
v -0.122396 -0.681389 -0.277333
v -0.119518 -0.680361 -0.276139
v -0.120074 -0.684072 -0.277110
v -0.122455 -0.684225 -0.278126
v -0.167339 -0.641750 -0.207947
v -0.167123 -0.639752 -0.207293
v -0.169944 -0.640353 -0.205308
v -0.169784 -0.642223 -0.205978
v -0.210957 -0.580441 -0.201119
v -0.213068 -0.578658 -0.201110
v -0.213258 -0.580543 -0.201253
v -0.211501 -0.582862 -0.201335
v -0.244065 -0.574888 -0.221555
v -0.244956 -0.574627 -0.222248
v -0.245820 -0.576727 -0.222785
v -0.244583 -0.576886 -0.221875
v -0.066698 -0.344407 -0.142040
v -0.072864 -0.352765 -0.142625
v -0.067578 -0.353904 -0.142617
v -0.154149 -0.789963 -0.310269
v -0.153672 -0.787693 -0.309785
v -0.152113 -0.788022 -0.308522
v -0.153881 -0.790733 -0.310014
v -0.200458 -0.811636 -0.311751
v -0.200440 -0.809689 -0.310165
v -0.203163 -0.810285 -0.309886
v -0.202290 -0.811524 -0.311246
v -0.201539 -0.812552 -0.312199
v -0.181018 -0.790333 -0.330979
v -0.181199 -0.789201 -0.330622
v -0.180223 -0.788178 -0.331384
v -0.180421 -0.790291 -0.331513
v -0.214339 -0.547422 -0.248828
v -0.213071 -0.546402 -0.249883
v -0.213738 -0.548306 -0.250449
v -0.215097 -0.549410 -0.249357
v -0.105465 -0.623607 -0.254155
v -0.105084 -0.621847 -0.253616
v -0.100215 -0.623857 -0.253303
v -0.100712 -0.626266 -0.254140
v -0.111563 -0.566864 -0.198147
v -0.116624 -0.577614 -0.200059
v -0.116348 -0.578688 -0.200296
v -0.114048 -0.576229 -0.200121
v -0.109283 -0.567093 -0.198679
v -0.220815 -0.514877 -0.210445
v -0.222905 -0.522146 -0.212346
v -0.223960 -0.523046 -0.211259
v -0.221691 -0.515736 -0.209606
v -0.188338 -0.497838 -0.236002
v -0.191985 -0.507644 -0.238741
v -0.196820 -0.505076 -0.238631
v -0.196204 -0.503247 -0.238099
v -0.194399 -0.496401 -0.236126
v -0.209954 -0.526664 -0.198240
v -0.211222 -0.531434 -0.199138
v -0.210625 -0.531773 -0.198667
v -0.208903 -0.524126 -0.197479
v -0.068971 -0.553058 -0.233375
v -0.073316 -0.561995 -0.235164
v -0.071738 -0.561451 -0.236631
v -0.067852 -0.552716 -0.234457
v -0.150830 -0.557913 -0.195949
v -0.153885 -0.568712 -0.197899
v -0.150630 -0.569803 -0.197933
v -0.145543 -0.559051 -0.195929
v -0.229465 -0.731325 -0.261855
v -0.231604 -0.734781 -0.264073
v -0.231099 -0.737142 -0.264538
v -0.230833 -0.738941 -0.264966
v -0.195142 -0.707146 -0.301756
v -0.195698 -0.705388 -0.301343
v -0.193975 -0.703668 -0.302119
v -0.191252 -0.703056 -0.301757
v -0.191134 -0.705680 -0.302249
v -0.244092 -0.673661 -0.255470
v -0.243266 -0.676050 -0.255999
v -0.244455 -0.677051 -0.254911
v -0.245079 -0.674537 -0.254550
v -0.210527 -0.649958 -0.280463
v -0.208676 -0.651761 -0.280852
v -0.212207 -0.650833 -0.281068
v -0.213207 -0.648643 -0.280384
v -0.253349 -0.611129 -0.230095
v -0.256714 -0.605457 -0.229641
v -0.257030 -0.606387 -0.230011
v -0.257226 -0.606918 -0.230501
v -0.223622 -0.576959 -0.259239
v -0.223174 -0.576256 -0.258869
v -0.221626 -0.574956 -0.260031
v -0.222403 -0.575944 -0.260187
v 0.020349 -0.353161 -0.185642
v 0.014324 -0.351826 -0.185553
v 0.016623 -0.344102 -0.182292
v 0.023451 -0.344745 -0.182574
v 0.007306 -0.349524 -0.166989
v 0.001842 -0.358713 -0.167676
v 0.003066 -0.358388 -0.168773
v -0.173429 -0.361176 -0.173036
v -0.173886 -0.364069 -0.173286
v -0.172842 -0.361532 -0.172518
v -0.171089 -0.353698 -0.171343
v -0.164499 -0.333216 -0.167351
v -0.166172 -0.340874 -0.168066
v -0.162915 -0.341481 -0.167640
v -0.156751 -0.333127 -0.167067
v -0.163796 -0.332515 -0.167648
v -0.154655 -0.334329 -0.185819
v -0.155934 -0.341090 -0.188607
v -0.156762 -0.341514 -0.187704
v -0.185636 -0.836977 -0.333678
v -0.185287 -0.835991 -0.333916
v -0.184696 -0.835953 -0.334455
v -0.184872 -0.837994 -0.334558
v -0.183100 -0.837192 -0.334439
v -0.182900 -0.835140 -0.334334
v -0.182084 -0.834466 -0.333682
v -0.181830 -0.835241 -0.333415
v -0.222909 -0.783960 -0.277698
v -0.220183 -0.783303 -0.278010
v -0.220463 -0.781487 -0.276172
v -0.222246 -0.781192 -0.275246
v -0.223771 -0.782779 -0.276266
v -0.224501 -0.780596 -0.274679
v -0.222989 -0.779038 -0.273633
v -0.223420 -0.771208 -0.271129
v -0.224797 -0.778836 -0.274224
v -0.139856 -0.766045 -0.298184
v -0.137610 -0.765989 -0.296976
v -0.138310 -0.769511 -0.297916
v -0.138905 -0.770336 -0.298416
v -0.140576 -0.770071 -0.299556
v -0.137551 -0.767788 -0.295923
v -0.136696 -0.764224 -0.294985
v -0.138573 -0.763744 -0.293012
v -0.139363 -0.766718 -0.294014
v -0.182971 -0.742027 -0.253030
v -0.182039 -0.739112 -0.251860
v -0.183992 -0.738607 -0.249939
v -0.184836 -0.740995 -0.251142
v -0.186807 -0.741586 -0.251033
v -0.185873 -0.739214 -0.249793
v -0.188800 -0.735377 -0.249472
v -0.188327 -0.743154 -0.252042
v -0.160416 -0.681841 -0.221013
v -0.160261 -0.679864 -0.220349
v -0.162539 -0.680281 -0.218227
v -0.162313 -0.682090 -0.218899
v -0.164365 -0.684028 -0.219430
v -0.164681 -0.682246 -0.218847
v -0.168189 -0.682486 -0.220432
v -0.165284 -0.686351 -0.220716
v -0.258749 -0.618086 -0.245509
v -0.255574 -0.619612 -0.244011
v -0.259268 -0.615190 -0.244558
v -0.259456 -0.615683 -0.245103
v -0.259433 -0.614230 -0.245227
v -0.259341 -0.613843 -0.244627
v -0.258220 -0.612805 -0.245590
v -0.258615 -0.613478 -0.245955
v -0.236271 -0.594633 -0.263729
v -0.231425 -0.597221 -0.263875
v -0.232310 -0.598769 -0.264344
v -0.236940 -0.595638 -0.263951
v -0.234154 -0.603321 -0.266245
v -0.235129 -0.601089 -0.265545
v -0.230496 -0.604211 -0.265995
v -0.231474 -0.604637 -0.266324
v -0.240194 -0.598903 -0.263298
v -0.239250 -0.598226 -0.264049
v -0.238278 -0.600462 -0.264746
v -0.239416 -0.601290 -0.263844
v -0.126291 -0.679778 -0.277319
v -0.127753 -0.678743 -0.277127
v -0.127173 -0.677656 -0.276496
v -0.123373 -0.678712 -0.276208
v -0.133321 -0.671235 -0.274933
v -0.132345 -0.670814 -0.274596
v -0.127672 -0.674098 -0.275029
v -0.131472 -0.673043 -0.275314
v -0.117438 -0.673890 -0.273546
v -0.118420 -0.676093 -0.274434
v -0.123083 -0.672788 -0.274046
v -0.122209 -0.671264 -0.273483
v -0.120166 -0.677184 -0.271654
v -0.118498 -0.676935 -0.273827
v -0.117634 -0.674723 -0.272981
v -0.119805 -0.675198 -0.270827
v -0.121780 -0.683483 -0.273680
v -0.120101 -0.683969 -0.275825
v -0.119387 -0.680211 -0.274847
v -0.121064 -0.680500 -0.272680
v -0.165233 -0.636269 -0.206675
v -0.163553 -0.633852 -0.206264
v -0.165832 -0.634363 -0.204584
v -0.168098 -0.636915 -0.204733
v -0.172052 -0.634573 -0.203519
v -0.170245 -0.636847 -0.203676
v -0.167946 -0.634310 -0.203461
v -0.168253 -0.633245 -0.203339
v -0.171506 -0.632150 -0.203298
v -0.171914 -0.640111 -0.204721
v -0.173720 -0.637837 -0.204594
v -0.175184 -0.642191 -0.206914
v -0.171678 -0.641954 -0.205325
v -0.215211 -0.577914 -0.201906
v -0.216191 -0.577698 -0.202582
v -0.216697 -0.579696 -0.202918
v -0.215402 -0.579798 -0.202038
v -0.215226 -0.583205 -0.202290
v -0.216571 -0.583156 -0.203122
v -0.214930 -0.589874 -0.204703
v -0.213518 -0.585579 -0.202335
v -0.244959 -0.573618 -0.223655
v -0.243781 -0.572600 -0.224748
v -0.244552 -0.574586 -0.225286
v -0.245825 -0.575720 -0.224177
v -0.245983 -0.578340 -0.226125
v -0.246309 -0.579348 -0.226432
v -0.247701 -0.580625 -0.225291
v -0.247266 -0.579472 -0.225022
v -0.246860 -0.579843 -0.224090
v -0.247221 -0.580920 -0.224451
v -0.244020 -0.586774 -0.224730
v -0.245536 -0.579927 -0.223281
v -0.154484 -0.791566 -0.309235
v -0.152691 -0.788863 -0.307755
v -0.155392 -0.789569 -0.307375
v -0.155412 -0.791557 -0.308936
v -0.203056 -0.807942 -0.311115
v -0.202621 -0.809310 -0.311982
v -0.203519 -0.810318 -0.311174
v -0.204406 -0.809157 -0.309781
v -0.202319 -0.812134 -0.312851
v -0.201419 -0.811126 -0.313656
v -0.201237 -0.812258 -0.314014
v -0.201580 -0.813240 -0.313769
v -0.178208 -0.783020 -0.330623
v -0.179200 -0.784123 -0.331513
v -0.180266 -0.784869 -0.330881
v -0.180613 -0.783778 -0.329885
v -0.177662 -0.787070 -0.330628
v -0.178467 -0.787739 -0.331290
v -0.178300 -0.785638 -0.331148
v -0.177188 -0.784801 -0.330142
v -0.211342 -0.546261 -0.250666
v -0.206514 -0.548848 -0.250689
v -0.207763 -0.550816 -0.251298
v -0.212004 -0.548169 -0.251215
v -0.208757 -0.554458 -0.252473
v -0.210556 -0.554069 -0.252703
v -0.213214 -0.552713 -0.252755
v -0.212997 -0.551812 -0.252399
v -0.214769 -0.551669 -0.251682
v -0.214989 -0.552572 -0.252036
v -0.216457 -0.553781 -0.250900
v -0.216137 -0.552772 -0.250596
v -0.121970 -0.610822 -0.253636
v -0.123504 -0.609462 -0.253502
v -0.121709 -0.609856 -0.253265
v -0.117108 -0.612845 -0.253289
v -0.102100 -0.615295 -0.251636
v -0.097376 -0.617994 -0.251618
v -0.098751 -0.620256 -0.252253
v -0.103352 -0.617266 -0.252220
v -0.101109 -0.621939 -0.249618
v -0.098617 -0.621123 -0.251533
v -0.097251 -0.618850 -0.250920
v -0.099445 -0.619505 -0.249228
v -0.102549 -0.627242 -0.251305
v -0.100251 -0.626795 -0.253359
v -0.099781 -0.624401 -0.252502
v -0.102244 -0.625225 -0.250561
v -0.115511 -0.580508 -0.201256
v -0.113291 -0.579935 -0.202997
v -0.111586 -0.577525 -0.202587
v -0.113256 -0.578012 -0.201148
v -0.111095 -0.574425 -0.200700
v -0.109452 -0.573904 -0.202164
v -0.105112 -0.564965 -0.200380
v -0.106330 -0.565292 -0.199277
v -0.224154 -0.525760 -0.213183
v -0.224924 -0.527745 -0.213716
v -0.226087 -0.528767 -0.212614
v -0.225220 -0.526660 -0.212102
v -0.225187 -0.529971 -0.210589
v -0.224643 -0.527958 -0.210275
v -0.225194 -0.527605 -0.210777
v -0.226059 -0.529710 -0.211305
v -0.223957 -0.524130 -0.209870
v -0.223420 -0.524483 -0.209353
v -0.222150 -0.519713 -0.208456
v -0.221688 -0.516820 -0.208212
v -0.200496 -0.507969 -0.237405
v -0.199742 -0.505981 -0.236882
v -0.198620 -0.505122 -0.237923
v -0.199243 -0.506947 -0.238470
v -0.196526 -0.495250 -0.233939
v -0.195702 -0.494827 -0.234845
v -0.197499 -0.501658 -0.236884
v -0.198615 -0.502519 -0.235840
v -0.212001 -0.535205 -0.199544
v -0.212526 -0.537218 -0.199881
v -0.211557 -0.537436 -0.199190
v -0.211397 -0.535544 -0.199082
v -0.207174 -0.538383 -0.198333
v -0.204112 -0.527588 -0.196442
v -0.207408 -0.527064 -0.197048
v -0.209131 -0.534712 -0.198244
v -0.209277 -0.536607 -0.198426
v -0.075015 -0.565317 -0.236200
v -0.076648 -0.567786 -0.236544
v -0.074483 -0.567118 -0.238261
v -0.073397 -0.564796 -0.237632
v -0.074766 -0.552279 -0.235765
v -0.068765 -0.553730 -0.235581
v -0.072647 -0.562458 -0.237814
v -0.073694 -0.564800 -0.238419
v -0.078422 -0.562111 -0.238355
v -0.232201 -0.733591 -0.265305
v -0.230896 -0.732419 -0.266597
v -0.230249 -0.734589 -0.267233
v -0.231704 -0.735959 -0.265772
v -0.231006 -0.740512 -0.266828
v -0.231268 -0.738711 -0.266391
v -0.229825 -0.737350 -0.267862
v -0.229363 -0.739234 -0.268554
v -0.197230 -0.703592 -0.299385
v -0.197859 -0.701407 -0.298732
v -0.196444 -0.700216 -0.299989
v -0.195716 -0.702149 -0.300774
v -0.193607 -0.700896 -0.300946
v -0.194318 -0.698947 -0.300154
v -0.192122 -0.698963 -0.299760
v -0.190657 -0.699989 -0.299961
v -0.242712 -0.678713 -0.256469
v -0.242067 -0.680887 -0.257075
v -0.243390 -0.682073 -0.255799
v -0.243893 -0.679708 -0.255374
v -0.241203 -0.676970 -0.251779
v -0.244479 -0.675554 -0.253217
v -0.243854 -0.678068 -0.253587
v -0.243344 -0.680427 -0.253995
v -0.207282 -0.655573 -0.282241
v -0.207865 -0.656666 -0.282866
v -0.210062 -0.656652 -0.283258
v -0.210813 -0.654646 -0.282457
v -0.214205 -0.657373 -0.281124
v -0.214824 -0.655178 -0.280496
v -0.213525 -0.654161 -0.281571
v -0.212763 -0.656161 -0.282357
v -0.216668 -0.650515 -0.279203
v -0.215532 -0.649689 -0.280106
v -0.214526 -0.651874 -0.280792
v -0.215841 -0.652904 -0.279731
v -0.256043 -0.602364 -0.230284
v -0.254644 -0.601089 -0.231421
v -0.254987 -0.602084 -0.231738
v -0.256442 -0.603401 -0.230567
v -0.257327 -0.606017 -0.232390
v -0.255874 -0.604695 -0.233561
v -0.256315 -0.605406 -0.233929
v -0.257442 -0.606435 -0.232967
v -0.220832 -0.572316 -0.258185
v -0.220494 -0.571319 -0.257871
v -0.219022 -0.570112 -0.259005
v -0.219284 -0.571017 -0.259347
v -0.214508 -0.571086 -0.259492
v -0.212971 -0.572443 -0.259633
v -0.217427 -0.570639 -0.259881
v -0.217167 -0.569731 -0.259544
v -0.214982 -0.577407 -0.261376
v -0.219825 -0.574808 -0.261342
v -0.219048 -0.573825 -0.261127
v -0.214590 -0.575627 -0.260932
v 0.019549 -0.092990 -0.254962
v 0.025303 -0.078543 -0.249642
v 0.024775 -0.092461 -0.253832
v 0.111602 -0.091367 -0.216201
v 0.111853 -0.090724 -0.218887
v 0.109095 -0.090235 -0.219783
v 0.107690 -0.090882 -0.216560
v 0.099263 -0.111830 -0.133677
v 0.100197 -0.113044 -0.129624
v 0.102887 -0.113026 -0.130638
v 0.103174 -0.112317 -0.133318
v 0.016175 -0.113210 -0.103047
v 0.013648 -0.114075 -0.099301
v 0.014410 -0.114496 -0.098023
v 0.017108 -0.114428 -0.098996
v -0.070192 -0.559853 -0.393303
v -0.071218 -0.575194 -0.397511
v -0.075285 -0.576866 -0.398501
v -0.078468 -0.575456 -0.398804
v -0.075425 -0.560392 -0.394395
v -0.065968 -0.523112 -0.248118
v -0.065211 -0.523151 -0.245627
v -0.063510 -0.510517 -0.242614
v -0.063821 -0.510068 -0.244717
v 0.176475 -0.533330 -0.342169
v 0.177923 -0.521163 -0.344633
v 0.176630 -0.508162 -0.340704
v 0.176095 -0.511713 -0.337162
v 0.176235 -0.534495 -0.339177
v 0.161434 -0.735596 -0.194816
v 0.160790 -0.714995 -0.192140
v 0.156643 -0.716630 -0.191039
v 0.157695 -0.734749 -0.193851
v 0.004159 -0.590648 -0.140207
v 0.004505 -0.585925 -0.138835
v 0.004554 -0.571598 -0.137422
v 0.003667 -0.570872 -0.138406
v 0.001844 -0.590120 -0.142644
v 0.131404 -0.850867 -0.414868
v 0.131984 -0.847449 -0.418099
v 0.133333 -0.837630 -0.415926
v 0.132040 -0.845474 -0.413155
v 0.113617 -0.952246 -0.312251
v 0.112231 -0.960014 -0.309426
v 0.112370 -0.961037 -0.310672
v 0.113120 -0.957659 -0.313950
v 0.059183 -0.936017 -0.276503
v 0.059319 -0.936547 -0.277264
v 0.060917 -0.937371 -0.278223
v 0.060687 -0.936612 -0.277202
v -0.006924 -0.100976 -0.142691
v -0.009474 -0.100922 -0.142884
v -0.010254 -0.101748 -0.140298
v -0.009451 -0.101947 -0.138971
v -0.030172 -0.553234 -0.168581
v -0.029797 -0.554824 -0.167614
v -0.028574 -0.551529 -0.165696
v -0.029722 -0.550791 -0.168072
v 0.107940 -0.913324 -0.267384
v 0.106305 -0.920589 -0.266506
v 0.105499 -0.924340 -0.268174
v 0.107877 -0.912218 -0.270481
v 0.057866 -0.926443 -0.256860
v 0.057714 -0.925761 -0.255882
v 0.056273 -0.925487 -0.255437
v 0.056359 -0.925900 -0.256143
v 0.079836 -0.789356 -0.212552
v 0.080540 -0.785303 -0.211122
v 0.079002 -0.784698 -0.211023
v 0.078358 -0.788920 -0.212381
v 0.124221 -0.799005 -0.210937
v 0.125427 -0.801418 -0.212063
v 0.126871 -0.802038 -0.212307
v 0.128010 -0.799897 -0.211656
v -0.001952 -0.742283 -0.192251
v -0.001565 -0.746787 -0.193390
v 0.000492 -0.747604 -0.191579
v 0.000525 -0.742802 -0.189946
v 0.027458 -0.617573 -0.382614
v 0.031080 -0.617595 -0.381943
v 0.026461 -0.620766 -0.383010
v 0.023368 -0.619280 -0.383476
v 0.088576 -0.974203 -0.421009
v 0.087730 -0.976896 -0.421247
v 0.087169 -0.975815 -0.424280
v 0.088510 -0.971868 -0.424102
v 0.102051 -1.008563 -0.319550
v 0.101362 -1.008793 -0.319300
v 0.102660 -1.011130 -0.320637
v 0.102956 -1.009500 -0.320292
v -0.031836 -1.033949 -0.308362
v -0.030995 -1.036240 -0.311279
v -0.029718 -1.040317 -0.311927
v -0.029565 -1.041022 -0.310663
v -0.025476 -0.870510 -0.357538
v -0.027592 -0.872028 -0.356924
v -0.031368 -0.868575 -0.354597
v -0.026245 -0.868083 -0.356730
v -0.053785 -0.833102 -0.315647
v -0.053645 -0.835051 -0.315685
v -0.055186 -0.826997 -0.313098
v -0.054663 -0.828320 -0.314235
v -0.070432 -0.822318 -0.314744
v -0.070884 -0.821528 -0.314102
v -0.071312 -0.821550 -0.314309
v -0.070365 -0.822801 -0.315280
v -0.026462 -0.766362 -0.366801
v -0.031801 -0.771798 -0.365979
v -0.031739 -0.769054 -0.366337
v -0.029932 -0.764703 -0.366878
v -0.059472 -0.810064 -0.365959
v -0.060042 -0.808978 -0.365770
v -0.059556 -0.808457 -0.367372
v -0.058974 -0.810206 -0.366872
v -0.048105 -0.660242 -0.363195
v -0.046807 -0.661660 -0.362666
v -0.048992 -0.662865 -0.361949
v -0.049898 -0.660169 -0.363076
v 0.035628 -0.811338 -0.253357
v 0.035531 -0.807308 -0.252288
v 0.034246 -0.807938 -0.253598
v 0.034948 -0.811949 -0.254295
v 0.040620 -0.688482 -0.150548
v 0.037887 -0.700243 -0.151061
v 0.037924 -0.704876 -0.152263
v 0.041497 -0.706567 -0.153815
v -0.062484 -0.642021 -0.268761
v -0.062667 -0.643660 -0.269694
v -0.061742 -0.647009 -0.268056
v -0.061859 -0.643371 -0.267386
v -0.068563 -0.654652 -0.232556
v -0.068569 -0.657093 -0.232665
v -0.068767 -0.657203 -0.231533
v -0.068658 -0.653379 -0.231920
v -0.091783 -0.514259 -0.319442
v -0.091693 -0.514377 -0.323439
v -0.094882 -0.527902 -0.326038
v -0.094893 -0.527817 -0.325103
v -0.094368 -0.527192 -0.322789
v 0.022360 -0.076432 -0.245930
v 0.017569 -0.089563 -0.252816
v 0.019810 -0.076272 -0.246096
v 0.000899 -1.109692 -0.403670
v -0.000389 -1.113690 -0.402983
v -0.001929 -1.108432 -0.403374
v 0.000786 -1.105150 -0.404219
v 0.050365 -1.251988 -0.383935
v 0.050094 -1.255280 -0.382480
v 0.048314 -1.262533 -0.384236
v 0.049567 -1.254143 -0.385556
v -0.020118 -1.076885 -0.257851
v -0.022475 -1.074018 -0.256700
v -0.022901 -1.083544 -0.256912
v -0.019074 -1.081559 -0.258721
v -0.010597 -0.766828 -0.250729
v -0.012299 -0.765742 -0.251698
v -0.010758 -0.767181 -0.251772
v -0.009390 -0.768395 -0.251718
v -0.068605 -0.694703 -0.300597
v -0.068631 -0.690789 -0.300130
v -0.068746 -0.690729 -0.300614
v -0.068796 -0.694685 -0.300959
v -0.088352 -0.554260 -0.353660
v -0.088708 -0.554118 -0.352056
v -0.089351 -0.549970 -0.353569
v -0.089030 -0.550742 -0.354919
v -0.062907 -0.715584 -0.248230
v -0.064748 -0.718453 -0.251137
v -0.064491 -0.719168 -0.251223
v -0.062475 -0.720067 -0.249411
v -0.072294 -0.694407 -0.249623
v -0.072427 -0.695541 -0.250059
v -0.072567 -0.695764 -0.249107
v -0.072458 -0.694644 -0.248518
v -0.063562 -0.708412 -0.283366
v -0.064041 -0.698636 -0.282914
v -0.065530 -0.696227 -0.283961
v -0.064560 -0.706847 -0.284476
v 0.017402 -0.090673 -0.252550
v 0.017020 -0.090044 -0.250873
v 0.021753 -0.076868 -0.244007
v 0.023214 -0.076273 -0.247212
v 0.113834 -0.094235 -0.216389
v 0.115801 -0.109963 -0.219255
v 0.116023 -0.106438 -0.222869
v 0.114124 -0.093577 -0.219067
v 0.109570 -0.092456 -0.222165
v 0.112364 -0.092892 -0.221395
v 0.114267 -0.105791 -0.225063
v 0.109077 -0.106327 -0.226481
v 0.100377 -0.116251 -0.127878
v 0.100786 -0.136427 -0.129545
v 0.104877 -0.134789 -0.130836
v 0.103078 -0.116228 -0.128862
v 0.105377 -0.115667 -0.131504
v 0.107236 -0.134216 -0.133440
v 0.107593 -0.130699 -0.137058
v 0.105713 -0.114951 -0.134176
v 0.011286 -0.116801 -0.098584
v 0.010964 -0.130623 -0.099547
v 0.011805 -0.131347 -0.098530
v 0.012103 -0.117223 -0.097348
v 0.015394 -0.117679 -0.096394
v 0.015169 -0.131802 -0.097563
v 0.018491 -0.137788 -0.099063
v 0.018111 -0.117609 -0.097313
v -0.074646 -0.581461 -0.397434
v -0.075128 -0.582790 -0.396841
v -0.076922 -0.582721 -0.396728
v -0.077811 -0.580019 -0.397828
v -0.082052 -0.576383 -0.395458
v -0.081631 -0.577253 -0.396789
v -0.080818 -0.579996 -0.395700
v -0.081235 -0.579826 -0.394167
v -0.081071 -0.571537 -0.396057
v -0.081392 -0.570630 -0.394698
v -0.078473 -0.555807 -0.389959
v -0.078010 -0.556491 -0.391608
v -0.066915 -0.528267 -0.249043
v -0.066550 -0.530756 -0.248684
v -0.065927 -0.532106 -0.247309
v -0.066014 -0.528327 -0.246588
v -0.065416 -0.543781 -0.244180
v -0.065317 -0.539797 -0.244640
v -0.065230 -0.543576 -0.245359
v -0.065323 -0.545054 -0.244816
v -0.063386 -0.529519 -0.239360
v -0.064510 -0.528994 -0.241810
v -0.064614 -0.532977 -0.241349
v -0.063835 -0.531962 -0.239869
v -0.064196 -0.523508 -0.241682
v -0.063068 -0.524035 -0.239233
v -0.062410 -0.515615 -0.238010
v -0.062642 -0.510854 -0.238631
v 0.174929 -0.541034 -0.344445
v 0.174297 -0.546472 -0.346190
v 0.175681 -0.538644 -0.348956
v 0.177021 -0.528818 -0.346750
v 0.174696 -0.532591 -0.348610
v 0.168672 -0.534909 -0.348449
v 0.171558 -0.525727 -0.347544
v 0.176067 -0.522744 -0.346792
v 0.168287 -0.506641 -0.344600
v 0.173534 -0.506016 -0.343446
v 0.175409 -0.519040 -0.347030
v 0.170920 -0.521941 -0.348353
v 0.167290 -0.521934 -0.348979
v 0.163286 -0.709655 -0.198155
v 0.163001 -0.713172 -0.194537
v 0.163570 -0.733788 -0.197062
v 0.163611 -0.732423 -0.200147
v 0.007129 -0.604167 -0.141777
v 0.007814 -0.604930 -0.141505
v 0.008225 -0.602895 -0.140626
v 0.007289 -0.599454 -0.140256
v 0.007860 -0.587146 -0.138191
v 0.008786 -0.590586 -0.138634
v 0.011404 -0.578793 -0.138350
v 0.008048 -0.572811 -0.136970
v 0.130374 -0.857449 -0.415507
v 0.129533 -0.860146 -0.415793
v 0.129560 -0.857859 -0.418914
v 0.130856 -0.853999 -0.418729
v 0.124010 -0.852057 -0.417771
v 0.128948 -0.851595 -0.419716
v 0.127602 -0.855431 -0.419897
v 0.124784 -0.854485 -0.418567
v 0.130356 -0.846237 -0.419882
v 0.125338 -0.846659 -0.418232
v 0.125741 -0.838772 -0.417154
v 0.131671 -0.836386 -0.418009
v 0.108885 -0.960339 -0.305749
v 0.107369 -0.959890 -0.305014
v 0.107598 -0.960678 -0.306023
v 0.109111 -0.961358 -0.306990
v 0.109623 -0.967566 -0.311073
v 0.109840 -0.966027 -0.310664
v 0.108328 -0.965333 -0.309703
v 0.108722 -0.966632 -0.310324
v 0.111347 -0.965207 -0.313407
v 0.111055 -0.966721 -0.313810
v 0.111214 -0.964538 -0.316994
v 0.111935 -0.961794 -0.316688
v 0.057918 -0.932814 -0.275826
v 0.057696 -0.928828 -0.274779
v 0.057206 -0.929373 -0.275821
v 0.057913 -0.933374 -0.276539
v 0.054797 -0.934726 -0.277085
v 0.053400 -0.940845 -0.277733
v 0.056943 -0.941048 -0.279189
v 0.055588 -0.938655 -0.278018
v 0.063336 -0.943122 -0.282826
v 0.064633 -0.945486 -0.284165
v 0.065329 -0.945261 -0.284400
v 0.064931 -0.943959 -0.283787
v -0.014720 -0.116158 -0.145700
v -0.012905 -0.103607 -0.142559
v -0.012319 -0.102629 -0.145131
v -0.014689 -0.115775 -0.147827
v -0.015388 -0.138618 -0.145408
v -0.014447 -0.134657 -0.143533
v -0.013999 -0.121260 -0.142902
v -0.015623 -0.133857 -0.146028
v -0.011244 -0.104964 -0.138617
v -0.011643 -0.118363 -0.139281
v -0.010819 -0.118878 -0.138185
v -0.010396 -0.105059 -0.137294
v -0.023989 -0.538834 -0.159478
v -0.024901 -0.538407 -0.160017
v -0.025280 -0.551360 -0.161699
v -0.026545 -0.554750 -0.163070
v -0.025935 -0.558092 -0.163601
v -0.027530 -0.546504 -0.164027
v -0.027074 -0.533386 -0.163307
v -0.028018 -0.537346 -0.165181
v -0.028677 -0.545766 -0.166404
v 0.102877 -0.924477 -0.266045
v 0.101420 -0.924183 -0.265680
v 0.100718 -0.928154 -0.267241
v 0.102186 -0.928291 -0.267671
v 0.100600 -0.932811 -0.270927
v 0.102113 -0.933224 -0.271678
v 0.101909 -0.932199 -0.270442
v 0.100449 -0.932070 -0.269971
v 0.105858 -0.923408 -0.275388
v 0.106387 -0.917953 -0.273657
v 0.104177 -0.930118 -0.271348
v 0.104320 -0.931156 -0.272586
v 0.057678 -0.921794 -0.252501
v 0.058360 -0.917766 -0.251054
v 0.056890 -0.917379 -0.250763
v 0.056224 -0.921531 -0.252108
v 0.052807 -0.921959 -0.253880
v 0.053319 -0.917785 -0.252552
v 0.052816 -0.918304 -0.253605
v 0.052752 -0.922340 -0.254550
v 0.079811 -0.779868 -0.208521
v 0.078602 -0.777550 -0.207253
v 0.076113 -0.778244 -0.207892
v 0.078266 -0.779296 -0.208422
v 0.071635 -0.780461 -0.210213
v 0.071452 -0.781282 -0.211287
v 0.072455 -0.782174 -0.212088
v 0.073797 -0.781459 -0.210800
v 0.076055 -0.785103 -0.212721
v 0.074771 -0.785807 -0.214064
v 0.074761 -0.789870 -0.215026
v 0.075466 -0.789334 -0.214077
v 0.123079 -0.809743 -0.215662
v 0.124547 -0.810098 -0.215915
v 0.125231 -0.806372 -0.214334
v 0.123783 -0.805743 -0.214115
v 0.128685 -0.800318 -0.218291
v 0.128562 -0.801581 -0.215186
v 0.127630 -0.803855 -0.215762
v 0.126743 -0.807457 -0.217394
v -0.000736 -0.750746 -0.195976
v 0.000520 -0.752285 -0.196880
v 0.002171 -0.753273 -0.196054
v 0.001313 -0.751566 -0.194158
v 0.007951 -0.754809 -0.194650
v 0.005703 -0.753808 -0.194093
v 0.006560 -0.755520 -0.195987
v 0.007769 -0.755623 -0.195726
v 0.006125 -0.748040 -0.189346
v 0.005081 -0.749546 -0.190601
v 0.007331 -0.750510 -0.191187
v 0.009826 -0.749793 -0.190577
v 0.003801 -0.744566 -0.187861
v 0.004840 -0.743094 -0.186575
v 0.004520 -0.740527 -0.185955
v 0.003838 -0.739763 -0.186231
v 0.032675 -0.622430 -0.382636
v 0.029765 -0.631577 -0.382886
v 0.026329 -0.629970 -0.383201
v 0.028022 -0.625540 -0.383443
v 0.020350 -0.633278 -0.381981
v 0.018827 -0.634342 -0.381659
v 0.019800 -0.630174 -0.381835
v 0.022089 -0.628901 -0.382443
v 0.021708 -0.623873 -0.382895
v 0.019431 -0.625139 -0.382242
v 0.018132 -0.623721 -0.382771
v 0.018615 -0.622387 -0.383357
v 0.086787 -0.982607 -0.420778
v 0.085825 -0.988017 -0.420981
v 0.085027 -0.990172 -0.422602
v 0.086175 -0.981499 -0.423794
v 0.080276 -0.990186 -0.424482
v 0.082959 -0.986278 -0.425097
v 0.081806 -0.994953 -0.423917
v 0.080392 -0.994720 -0.423912
v 0.080572 -0.982195 -0.424513
v 0.079069 -0.978616 -0.423305
v 0.079704 -0.974940 -0.423047
v 0.083254 -0.978291 -0.425141
v 0.085522 -0.973832 -0.425379
v 0.081968 -0.970480 -0.423292
v 0.084089 -0.968963 -0.423895
v 0.086907 -0.969909 -0.425223
v 0.099013 -1.013813 -0.320289
v 0.095581 -1.013643 -0.318564
v 0.096524 -1.018321 -0.319639
v 0.100372 -1.016158 -0.321510
v 0.097266 -1.023227 -0.320540
v 0.097414 -1.027628 -0.322422
v 0.099402 -1.028639 -0.324361
v 0.101050 -1.021055 -0.322527
v 0.101321 -1.023280 -0.328650
v 0.102280 -1.017869 -0.328446
v 0.102702 -1.018991 -0.325351
v 0.101047 -1.026571 -0.327193
v 0.104534 -1.010204 -0.327098
v 0.104510 -1.012433 -0.323934
v 0.104157 -1.014044 -0.324257
v 0.103796 -1.012944 -0.327365
v -0.030577 -1.039289 -0.305744
v -0.031193 -1.038036 -0.303950
v -0.032625 -1.033849 -0.301974
v -0.032845 -1.032214 -0.303442
v -0.033674 -1.016614 -0.301840
v -0.032880 -1.026393 -0.302382
v -0.032491 -1.028004 -0.300963
v -0.032962 -1.018211 -0.300567
v -0.033857 -1.026350 -0.306132
v -0.034880 -1.016608 -0.305553
v -0.034458 -1.019774 -0.306565
v -0.033080 -1.028656 -0.309061
v -0.030762 -0.875678 -0.356144
v -0.031392 -0.879355 -0.356393
v -0.033594 -0.879002 -0.355261
v -0.034532 -0.872226 -0.353805
v -0.038579 -0.866582 -0.348682
v -0.037863 -0.867974 -0.350021
v -0.036914 -0.874750 -0.351466
v -0.037702 -0.871364 -0.350095
v -0.045332 -0.853607 -0.340635
v -0.044134 -0.855161 -0.341830
v -0.044855 -0.853764 -0.340497
v -0.045406 -0.853145 -0.340089
v -0.040323 -0.860359 -0.351564
v -0.039589 -0.862300 -0.350986
v -0.040811 -0.860774 -0.349799
v -0.040807 -0.860203 -0.350644
v -0.039519 -0.854215 -0.354533
v -0.039232 -0.852961 -0.354687
v -0.038705 -0.853184 -0.354478
v -0.038808 -0.856174 -0.353960
v -0.035131 -0.863807 -0.351856
v -0.034947 -0.860782 -0.352098
v -0.029691 -0.855387 -0.353218
v -0.029927 -0.863282 -0.353723
v -0.056353 -0.826884 -0.308772
v -0.056862 -0.824768 -0.306329
v -0.058150 -0.815295 -0.305465
v -0.057754 -0.818790 -0.306175
v -0.059291 -0.812383 -0.308628
v -0.059644 -0.811946 -0.308832
v -0.059507 -0.815812 -0.309446
v -0.059064 -0.815929 -0.309287
v -0.058905 -0.820250 -0.310373
v -0.059384 -0.820145 -0.310473
v -0.058937 -0.820949 -0.311107
v -0.058388 -0.821574 -0.311512
v -0.073101 -0.817482 -0.311610
v -0.073166 -0.813600 -0.311101
v -0.073447 -0.813588 -0.311398
v -0.073496 -0.817515 -0.311854
v -0.074013 -0.813008 -0.314916
v -0.073566 -0.812477 -0.316638
v -0.073727 -0.816531 -0.316969
v -0.074114 -0.816938 -0.315331
v -0.072728 -0.821377 -0.317434
v -0.072367 -0.820979 -0.319080
v -0.071795 -0.822063 -0.319268
v -0.071787 -0.822622 -0.318417
v -0.035990 -0.777678 -0.365454
v -0.036515 -0.777457 -0.365670
v -0.036665 -0.775914 -0.365955
v -0.035928 -0.774943 -0.365840
v -0.035408 -0.766859 -0.365724
v -0.036142 -0.767805 -0.365746
v -0.035135 -0.763570 -0.365962
v -0.033598 -0.762472 -0.366145
v -0.060798 -0.803804 -0.366507
v -0.060607 -0.799751 -0.366169
v -0.060049 -0.799136 -0.367858
v -0.060305 -0.803291 -0.368109
v -0.056912 -0.797571 -0.370533
v -0.057630 -0.798616 -0.370526
v -0.057370 -0.794468 -0.370336
v -0.055892 -0.793305 -0.370592
v -0.057533 -0.805646 -0.369325
v -0.056802 -0.804599 -0.369279
v -0.056655 -0.806136 -0.368981
v -0.056940 -0.807393 -0.368833
v -0.046006 -0.666510 -0.361624
v -0.047002 -0.670689 -0.361532
v -0.048457 -0.671843 -0.361174
v -0.048202 -0.667719 -0.360946
v -0.051730 -0.674208 -0.357314
v -0.051521 -0.670133 -0.357023
v -0.050891 -0.669466 -0.358734
v -0.051145 -0.673593 -0.358994
v -0.051190 -0.663890 -0.359089
v -0.051767 -0.664503 -0.357350
v -0.052591 -0.661068 -0.358700
v -0.052031 -0.661138 -0.360181
v 0.034927 -0.802987 -0.250448
v 0.033925 -0.802093 -0.249648
v 0.032717 -0.801986 -0.249911
v 0.033594 -0.803637 -0.251707
v 0.028426 -0.801300 -0.252918
v 0.029741 -0.802383 -0.252897
v 0.028870 -0.800723 -0.251103
v 0.027213 -0.799743 -0.251927
v 0.031190 -0.807658 -0.254688
v 0.029875 -0.806587 -0.254600
v 0.030600 -0.817795 -0.255922
v 0.031947 -0.811653 -0.255329
v 0.033861 -0.698821 -0.151378
v 0.033445 -0.700859 -0.152249
v 0.033768 -0.703424 -0.152873
v -0.062738 -0.650857 -0.271282
v -0.062510 -0.652878 -0.271057
v -0.061974 -0.655309 -0.270150
v -0.061815 -0.654205 -0.269642
v -0.061661 -0.657818 -0.266960
v -0.061864 -0.658116 -0.265870
v -0.061715 -0.656995 -0.265349
v -0.061503 -0.656712 -0.266455
v -0.061299 -0.651586 -0.264864
v -0.061509 -0.651866 -0.263758
v -0.061511 -0.649426 -0.263649
v -0.061413 -0.647948 -0.264191
v -0.069069 -0.662301 -0.233564
v -0.069201 -0.663426 -0.234083
v -0.069379 -0.663661 -0.232979
v -0.069256 -0.662413 -0.232430
v -0.066651 -0.658369 -0.226022
v -0.067899 -0.661611 -0.228099
v -0.068025 -0.662868 -0.228629
v -0.066034 -0.661722 -0.226472
v -0.067309 -0.649491 -0.226723
v -0.068093 -0.650506 -0.228200
v -0.068194 -0.654331 -0.227817
v -0.066940 -0.651081 -0.225753
v -0.095032 -0.534372 -0.328193
v -0.094308 -0.538875 -0.326845
v -0.094281 -0.538927 -0.326142
v -0.095079 -0.534261 -0.327253
v -0.089878 -0.555181 -0.316689
v -0.090876 -0.551585 -0.318412
v -0.090058 -0.556245 -0.317299
v -0.089640 -0.557201 -0.316468
v -0.092841 -0.534974 -0.319568
v -0.093212 -0.532486 -0.319924
v -0.094028 -0.533018 -0.322222
v -0.093031 -0.536614 -0.320499
v 0.002941 -0.102769 -0.203605
v 0.005508 -0.089668 -0.200896
v 0.003267 -0.102960 -0.207615
v -0.004925 -1.107098 -0.398243
v -0.004086 -1.108953 -0.401023
v -0.002550 -1.114216 -0.400642
v -0.003644 -1.111173 -0.398890
v -0.007859 -1.090775 -0.393733
v -0.007183 -1.092842 -0.396160
v -0.005583 -1.101499 -0.398998
v -0.006383 -1.099632 -0.396208
v -0.011660 -1.062253 -0.390927
v -0.010887 -1.065642 -0.392306
v -0.009892 -1.072850 -0.393797
v -0.011535 -1.064205 -0.390971
v -0.003096 -1.102561 -0.403030
v -0.004087 -1.095351 -0.401544
v -0.001886 -1.095703 -0.402675
v -0.000386 -1.099282 -0.403891
v 0.047867 -1.259946 -0.380275
v 0.045881 -1.258935 -0.378335
v 0.044002 -1.261949 -0.378233
v 0.046085 -1.267195 -0.382041
v 0.039290 -1.253369 -0.375928
v 0.041689 -1.260323 -0.378294
v 0.039600 -1.255073 -0.374494
v 0.038671 -1.252118 -0.374134
v 0.040691 -1.256065 -0.382658
v 0.041788 -1.259107 -0.384409
v 0.043244 -1.263724 -0.383760
v 0.040843 -1.256771 -0.381394
v 0.045409 -1.255141 -0.387366
v 0.046823 -1.255373 -0.387367
v 0.045574 -1.263760 -0.386040
v 0.044119 -1.259146 -0.386697
v -0.025887 -1.072155 -0.257461
v -0.026721 -1.070156 -0.258660
v -0.026575 -1.079968 -0.258924
v -0.026110 -1.081675 -0.257657
v -0.023428 -1.090115 -0.262540
v -0.022510 -1.093076 -0.262901
v -0.024550 -1.087630 -0.259215
v -0.024869 -1.085932 -0.260566
v -0.022466 -1.088489 -0.258818
v -0.020409 -1.093933 -0.262495
v -0.018529 -1.090919 -0.262597
v -0.018679 -1.086517 -0.260717
v -0.019490 -0.758958 -0.255371
v -0.020130 -0.757888 -0.256021
v -0.019606 -0.758175 -0.256332
v -0.017950 -0.760397 -0.255445
v -0.013586 -0.776684 -0.256776
v -0.012504 -0.778695 -0.255777
v -0.012290 -0.769120 -0.255551
v -0.013857 -0.766906 -0.256555
v -0.007415 -0.784913 -0.255897
v -0.008185 -0.773716 -0.254875
v -0.009514 -0.772489 -0.254736
v -0.009857 -0.782070 -0.255038
v -0.070401 -0.685814 -0.299629
v -0.071113 -0.681287 -0.300971
v -0.071084 -0.681502 -0.301615
v -0.070445 -0.685746 -0.300132
v -0.070438 -0.680678 -0.308230
v -0.069740 -0.684201 -0.306937
v -0.070235 -0.684813 -0.305156
v -0.070916 -0.680598 -0.306663
v -0.069616 -0.690169 -0.303877
v -0.069079 -0.689522 -0.305639
v -0.069257 -0.693597 -0.305921
v -0.069737 -0.694128 -0.304207
v -0.089808 -0.551974 -0.348326
v -0.089868 -0.551769 -0.347684
v -0.090556 -0.547254 -0.349030
v -0.090402 -0.547802 -0.349828
v -0.086511 -0.530567 -0.349714
v -0.089443 -0.545385 -0.354459
v -0.089712 -0.544581 -0.353099
v -0.089869 -0.544041 -0.352299
v -0.066798 -0.716285 -0.254008
v -0.066792 -0.715987 -0.254607
v -0.066615 -0.716170 -0.254983
v -0.066495 -0.716974 -0.254126
v -0.062223 -0.722586 -0.254698
v -0.063751 -0.721207 -0.254667
v -0.063868 -0.720406 -0.255526
v -0.062858 -0.721508 -0.255343
v -0.057461 -0.726954 -0.249985
v -0.058718 -0.725418 -0.249081
v -0.060695 -0.724498 -0.250929
v -0.059164 -0.725870 -0.250954
v -0.072032 -0.700349 -0.251729
v -0.071955 -0.700902 -0.251485
v -0.071966 -0.701200 -0.250887
v -0.072156 -0.700565 -0.250773
v -0.069655 -0.696601 -0.244058
v -0.071630 -0.697741 -0.246232
v -0.071738 -0.698861 -0.246821
v -0.071534 -0.699488 -0.246930
v -0.063363 -0.697290 -0.280974
v -0.063891 -0.697011 -0.280668
v -0.064893 -0.695892 -0.280841
v -0.064975 -0.694899 -0.281912
v -0.067665 -0.695109 -0.276176
v -0.067745 -0.694559 -0.276422
v -0.067557 -0.694285 -0.277616
v -0.067497 -0.695295 -0.276554
v -0.067066 -0.687146 -0.280457
v -0.066878 -0.686844 -0.281548
v -0.067031 -0.688016 -0.282092
v -0.067208 -0.688278 -0.280894
v -0.067345 -0.680708 -0.285000
v -0.067760 -0.679752 -0.285833
v -0.066976 -0.684309 -0.284635
v -0.066814 -0.683139 -0.284091
v -0.068318 -0.682307 -0.290253
v -0.067574 -0.686825 -0.288912
v -0.067485 -0.686911 -0.288352
v -0.068254 -0.682349 -0.289550
v -0.068249 -0.696176 -0.288125
v -0.067993 -0.696635 -0.287835
v -0.068225 -0.692347 -0.287080
v -0.068391 -0.692276 -0.287613
v -0.063409 -0.717775 -0.288408
v -0.063059 -0.722041 -0.289195
v -0.061960 -0.731566 -0.290061
v -0.062263 -0.728372 -0.289043
v 0.172631 -0.285967 -0.161813
v 0.174203 -0.279540 -0.161578
v 0.174028 -0.284752 -0.166135
v 0.172948 -0.287287 -0.164857
v 0.180618 -0.412280 -0.264422
v 0.181945 -0.418092 -0.265487
v 0.177898 -0.414802 -0.271484
v 0.177979 -0.407967 -0.266859
v 0.141118 -0.431812 -0.170488
v 0.140551 -0.436459 -0.172185
v 0.139447 -0.438383 -0.167817
v 0.140856 -0.430543 -0.167429
v 0.258070 -0.496501 -0.122200
v 0.258940 -0.502591 -0.121775
v 0.264075 -0.505227 -0.120297
v 0.260290 -0.495122 -0.121716
v 0.261756 -0.952428 -0.192856
v 0.264069 -0.960791 -0.189582
v 0.263116 -0.978090 -0.192643
v 0.260038 -0.957339 -0.196038
v 0.146531 -0.703469 -0.233920
v 0.147031 -0.713436 -0.232183
v 0.142588 -0.702296 -0.233479
v 0.143863 -0.692205 -0.235377
v 0.176549 -0.287977 -0.154577
v 0.179476 -0.291928 -0.153352
v 0.181684 -0.290540 -0.152834
v 0.178076 -0.281505 -0.154429
v 0.179952 -0.275277 -0.158938
v 0.183637 -0.284263 -0.157436
v 0.182496 -0.284846 -0.161050
v 0.179898 -0.280484 -0.163501
v 0.183901 -0.436923 -0.268760
v 0.184998 -0.451060 -0.268623
v 0.183264 -0.455971 -0.271796
v 0.179846 -0.433623 -0.274750
v 0.173419 -0.469591 -0.274217
v 0.174907 -0.458541 -0.275705
v 0.178304 -0.480908 -0.272771
v 0.176075 -0.480879 -0.272794
v 0.169606 -0.441431 -0.272908
v 0.168994 -0.437737 -0.270649
v 0.169461 -0.430707 -0.270232
v 0.171119 -0.430403 -0.274420
v 0.172263 -0.405237 -0.263818
v 0.172204 -0.412066 -0.268446
v 0.170562 -0.412369 -0.264252
v 0.171126 -0.407722 -0.262553
v 0.138535 -0.455537 -0.175340
v 0.138061 -0.462565 -0.175763
v 0.137269 -0.467365 -0.173698
v 0.137436 -0.457458 -0.170970
v 0.139805 -0.496153 -0.171501
v 0.142849 -0.507078 -0.171296
v 0.144599 -0.507333 -0.169747
v 0.139977 -0.486222 -0.168801
v 0.149096 -0.485062 -0.162303
v 0.151276 -0.479745 -0.160520
v 0.149658 -0.466169 -0.159259
v 0.144451 -0.463971 -0.161331
v 0.142853 -0.442585 -0.160726
v 0.148049 -0.444783 -0.158625
v 0.147179 -0.438690 -0.159039
v 0.144263 -0.434752 -0.160309
v 0.266941 -0.527319 -0.120276
v 0.268568 -0.540883 -0.121563
v 0.271912 -0.548697 -0.121490
v 0.272075 -0.529939 -0.118784
v 0.271995 -0.540055 -0.127647
v 0.270896 -0.525918 -0.127780
v 0.274425 -0.529675 -0.121620
v 0.274290 -0.548419 -0.124360
v 0.264415 -0.498024 -0.128608
v 0.265537 -0.497468 -0.124985
v 0.269277 -0.507603 -0.123516
v 0.265764 -0.503815 -0.129679
v 0.261910 -0.951897 -0.185256
v 0.258566 -0.944083 -0.185327
v 0.256377 -0.949411 -0.187087
v 0.261002 -0.969180 -0.188361
v 0.243679 -0.943464 -0.194601
v 0.245209 -0.952676 -0.195924
v 0.250069 -0.963479 -0.194330
v 0.245423 -0.943729 -0.193046
v 0.252166 -0.963693 -0.199534
v 0.247334 -0.952889 -0.201209
v 0.246823 -0.942932 -0.202963
v 0.249050 -0.942976 -0.202957
v 0.145195 -0.713929 -0.226792
v 0.143686 -0.704701 -0.225482
v 0.140615 -0.693801 -0.225669
v 0.140791 -0.702782 -0.228199
v 0.138277 -0.678225 -0.231498
v 0.138087 -0.669187 -0.229032
v 0.138925 -0.664394 -0.231080
v 0.139498 -0.668083 -0.233349
v 0.054363 -0.544341 -0.190691
v 0.058866 -0.529029 -0.189423
v 0.059415 -0.543176 -0.189975
v 0.144410 -0.526433 -0.158430
v 0.144541 -0.526469 -0.161128
v 0.141804 -0.526435 -0.161975
v 0.140566 -0.526358 -0.158722
v 0.135953 -0.526357 -0.075164
v 0.137050 -0.526435 -0.071089
v 0.139636 -0.526465 -0.072162
v 0.139797 -0.526434 -0.074872
v 0.056116 -0.526355 -0.042457
v 0.053818 -0.526438 -0.038609
v 0.054620 -0.526463 -0.037335
v 0.057212 -0.526436 -0.038382
v 0.002940 -1.023744 -0.204086
v 0.003124 -1.039271 -0.204288
v -0.000706 -1.041388 -0.204645
v -0.003919 -1.040375 -0.205138
v -0.002117 -1.024909 -0.204764
v 0.007195 -0.953305 -0.076328
v 0.007988 -0.952674 -0.074003
v 0.008657 -0.939934 -0.074299
v 0.008271 -0.940051 -0.076376
v 0.241231 -0.967845 -0.172717
v 0.241572 -0.956906 -0.178051
v 0.239327 -0.943821 -0.177446
v 0.239179 -0.946330 -0.173224
v 0.241160 -0.968224 -0.169605
v 0.246657 -1.122945 0.015857
v 0.244381 -1.102975 0.013410
v 0.240517 -1.104552 0.015020
v 0.242979 -1.122192 0.016719
v 0.083224 -0.985083 0.038807
v 0.083199 -0.980281 0.038939
v 0.082090 -0.966466 0.036795
v 0.081147 -0.966092 0.035729
v 0.080881 -0.985356 0.036479
v 0.222221 -1.287473 -0.162335
v 0.222429 -1.285009 -0.166234
v 0.222972 -1.275147 -0.166623
v 0.222429 -1.281937 -0.162056
v 0.215630 -1.358927 -0.040278
v 0.214991 -1.365638 -0.035673
v 0.215183 -1.366895 -0.036605
v 0.215559 -1.364468 -0.040545
v 0.162251 -1.338979 -0.008225
v 0.162410 -1.339653 -0.008819
v 0.164007 -1.340543 -0.009591
v 0.163744 -1.339597 -0.008803
v 0.031813 -0.526302 -0.081817
v 0.029330 -0.526489 -0.081905
v 0.028697 -0.526689 -0.079234
v 0.029523 -0.526492 -0.077969
v 0.046183 -0.959440 0.004436
v 0.046699 -0.960670 0.005717
v 0.047656 -0.957012 0.006674
v 0.046429 -0.956986 0.004305
v 0.207883 -1.311771 -0.007187
v 0.206918 -1.318506 -0.004530
v 0.206411 -1.322501 -0.005158
v 0.207662 -1.311495 -0.010372
v 0.160612 -1.325263 0.008024
v 0.160430 -1.324393 0.008787
v 0.159018 -1.324135 0.009200
v 0.159121 -1.324690 0.008632
v 0.171541 -1.183918 0.015616
v 0.171921 -1.179706 0.015952
v 0.170380 -1.179227 0.015962
v 0.170075 -1.183576 0.015734
v 0.215448 -1.189273 0.017608
v 0.216794 -1.191727 0.017080
v 0.218241 -1.192261 0.016940
v 0.219183 -1.190004 0.016986
v 0.088721 -1.140812 0.026782
v 0.089445 -1.145296 0.026785
v 0.091548 -1.145465 0.028603
v 0.091217 -1.140550 0.028976
v 0.102719 -1.068074 -0.184129
v 0.106251 -1.067659 -0.183644
v 0.102009 -1.071246 -0.183686
v 0.098873 -1.070195 -0.184355
v 0.190753 -1.408096 -0.136409
v 0.190150 -1.410750 -0.135944
v 0.189449 -1.410518 -0.139041
v 0.190426 -1.406665 -0.139887
v 0.208915 -1.414510 -0.033013
v 0.208272 -1.414716 -0.032692
v 0.209695 -1.417143 -0.033440
v 0.209854 -1.415505 -0.033523
v 0.081346 -1.445633 -0.010668
v 0.082286 -1.448438 -0.012898
v 0.083849 -1.452333 -0.012573
v 0.084085 -1.452675 -0.011217
v 0.072880 -1.303605 -0.096922
v 0.070966 -1.305040 -0.095887
v 0.067067 -1.301506 -0.094372
v 0.071951 -1.301183 -0.096717
v 0.043232 -1.260293 -0.065317
v 0.043528 -1.262123 -0.064886
v 0.041423 -1.254035 -0.064336
v 0.042015 -1.255518 -0.065108
v 0.026204 -1.251180 -0.066379
v 0.025714 -1.250315 -0.065947
v 0.025296 -1.250418 -0.066118
v 0.026297 -1.251760 -0.066770
v 0.063084 -1.208066 -0.130869
v 0.058371 -1.213373 -0.128550
v 0.058196 -1.210877 -0.129556
v 0.059577 -1.206784 -0.131198
v 0.034692 -1.251400 -0.118086
v 0.034054 -1.250376 -0.118147
v 0.034447 -1.250242 -0.119804
v 0.035167 -1.251720 -0.118933
v 0.033361 -1.109063 -0.152293
v 0.034750 -1.110169 -0.151505
v 0.032746 -1.111289 -0.150445
v 0.031618 -1.109098 -0.152123
v 0.129566 -1.217885 -0.015651
v 0.129161 -1.213843 -0.015617
v 0.127938 -1.214851 -0.016644
v 0.128936 -1.218740 -0.016358
v 0.126490 -1.076841 0.051248
v 0.124802 -1.088226 0.053732
v 0.125196 -1.092871 0.053721
v 0.128769 -1.094574 0.052518
v 0.019980 -1.069862 -0.067096
v 0.019918 -1.071644 -0.067571
v 0.021129 -1.074321 -0.065253
v 0.020729 -1.070746 -0.065499
v 0.015927 -1.073311 -0.029651
v 0.016121 -1.075633 -0.029162
v 0.015963 -1.075473 -0.028060
v 0.015744 -1.071966 -0.029357
v -0.020163 -0.964399 -0.144614
v -0.020154 -0.965482 -0.148357
v -0.022184 -0.979070 -0.147392
v -0.022182 -0.978761 -0.146531
v -0.021672 -0.977568 -0.144524
v 0.055916 -0.526355 -0.186312
v 0.052205 -0.540742 -0.189416
v 0.053426 -0.526435 -0.186400
v 0.117290 -1.537738 -0.083513
v 0.116387 -1.541424 -0.081842
v 0.114446 -1.536693 -0.083420
v 0.116790 -1.533612 -0.085127
v 0.177525 -1.662940 -0.032489
v 0.177567 -1.665697 -0.030307
v 0.176402 -1.673077 -0.030129
v 0.176893 -1.665422 -0.033460
v 0.097390 -1.472728 0.046860
v 0.094891 -1.469927 0.047348
v 0.095263 -1.478963 0.049477
v 0.098772 -1.477255 0.047129
v 0.081077 -1.178862 -0.022020
v 0.079314 -1.178207 -0.023124
v 0.080927 -1.179463 -0.022911
v 0.082356 -1.180488 -0.022623
v 0.017706 -1.127637 -0.084070
v 0.017367 -1.123846 -0.084578
v 0.017240 -1.123916 -0.085044
v 0.017511 -1.127723 -0.084407
v -0.014271 -1.010126 -0.167311
v -0.014594 -1.009626 -0.165818
v -0.015594 -1.006146 -0.168223
v -0.015249 -1.007179 -0.169322
v 0.026122 -1.133998 -0.029887
v 0.024510 -1.137545 -0.031854
v 0.024816 -1.138218 -0.031772
v 0.026887 -1.138469 -0.029931
v 0.015226 -1.115138 -0.035940
v 0.015182 -1.116321 -0.036070
v 0.015086 -1.116307 -0.035113
v 0.015112 -1.115102 -0.034834
v 0.024117 -1.135920 -0.064716
v 0.022851 -1.126657 -0.066641
v 0.021183 -1.124761 -0.068149
v 0.022995 -1.134796 -0.066100
v 0.052141 -0.541733 -0.188889
v 0.051754 -0.540759 -0.187445
v 0.055406 -0.526338 -0.184368
v 0.056704 -0.526456 -0.187595
v 0.146809 -0.529008 -0.158006
v 0.149959 -0.544345 -0.156976
v 0.149802 -0.541902 -0.161247
v 0.146977 -0.529024 -0.160701
v 0.142397 -0.529071 -0.163701
v 0.145161 -0.529083 -0.162988
v 0.147996 -0.541963 -0.163398
v 0.142973 -0.543203 -0.164386
v 0.137529 -0.529007 -0.068673
v 0.139561 -0.548347 -0.065369
v 0.143368 -0.546819 -0.067155
v 0.140126 -0.529025 -0.069720
v 0.142252 -0.528973 -0.072443
v 0.145551 -0.546742 -0.069848
v 0.145527 -0.544297 -0.074126
v 0.142460 -0.528930 -0.075149
v 0.051768 -0.529001 -0.037173
v 0.052580 -0.542251 -0.034716
v 0.053478 -0.542620 -0.033617
v 0.052624 -0.529033 -0.035940
v 0.055876 -0.528982 -0.035069
v 0.056801 -0.542559 -0.032737
v 0.060489 -0.548305 -0.032839
v 0.058485 -0.528938 -0.036067
v 0.000319 -1.045397 -0.202551
v -0.000025 -1.046537 -0.201651
v -0.001769 -1.046579 -0.201485
v -0.002880 -1.044375 -0.203139
v -0.007245 -1.040694 -0.201608
v -0.006794 -1.041807 -0.202669
v -0.005754 -1.044057 -0.201012
v -0.006139 -1.043553 -0.199591
v -0.006708 -1.036214 -0.203389
v -0.007066 -1.035051 -0.202315
v -0.005357 -1.019740 -0.201566
v -0.004888 -1.020753 -0.202973
v 0.006683 -0.958448 -0.075910
v 0.007252 -0.960671 -0.074984
v 0.007999 -0.961556 -0.073386
v 0.007616 -0.957834 -0.073620
v 0.009532 -0.971724 -0.067628
v 0.009287 -0.968085 -0.069032
v 0.009668 -0.971807 -0.068796
v 0.009713 -0.973069 -0.067922
v 0.010425 -0.956986 -0.066628
v 0.009236 -0.957177 -0.069018
v 0.009475 -0.960815 -0.067612
v 0.010180 -0.959440 -0.066497
v 0.009090 -0.951967 -0.070241
v 0.010282 -0.951777 -0.067852
v 0.010249 -0.943514 -0.068769
v 0.009615 -0.939210 -0.070500
v 0.240319 -0.975759 -0.172928
v 0.240118 -0.981346 -0.173228
v 0.240751 -0.974563 -0.177791
v 0.241285 -0.964687 -0.178153
v 0.239301 -0.968863 -0.178892
v 0.233651 -0.971452 -0.177924
v 0.235710 -0.962385 -0.179420
v 0.239854 -0.959060 -0.179624
v 0.231018 -0.943969 -0.181136
v 0.236083 -0.942707 -0.180421
v 0.238904 -0.955686 -0.180720
v 0.234759 -0.959072 -0.181074
v 0.231222 -0.959491 -0.181512
v 0.246229 -1.099245 0.006340
v 0.246324 -1.101685 0.010616
v 0.248529 -1.121637 0.013212
v 0.248388 -1.121106 0.009971
v 0.087193 -0.997951 0.040480
v 0.087928 -0.998550 0.040892
v 0.088177 -0.996391 0.041210
v 0.086992 -0.993137 0.040764
v 0.086570 -0.981020 0.039701
v 0.087745 -0.984293 0.040079
v 0.089314 -0.972943 0.037376
v 0.085592 -0.967234 0.037369
v 0.221753 -1.293893 -0.161298
v 0.221154 -1.296561 -0.160878
v 0.220922 -1.295174 -0.164375
v 0.221864 -1.291404 -0.165191
v 0.215081 -1.289856 -0.164472
v 0.219790 -1.289529 -0.166625
v 0.218798 -1.293279 -0.165808
v 0.216015 -1.292275 -0.164666
v 0.220709 -1.284429 -0.168139
v 0.215911 -1.284796 -0.166271
v 0.215672 -1.277089 -0.167185
v 0.221210 -1.274613 -0.168819
v 0.211852 -1.365293 -0.031987
v 0.210360 -1.364804 -0.031339
v 0.210626 -1.365775 -0.032109
v 0.212130 -1.366537 -0.032919
v 0.213051 -1.373335 -0.035284
v 0.213143 -1.371772 -0.035281
v 0.211639 -1.370997 -0.034479
v 0.212115 -1.372340 -0.034766
v 0.214476 -1.371561 -0.038128
v 0.214309 -1.373104 -0.038129
v 0.214213 -1.371822 -0.041666
v 0.214691 -1.369114 -0.042074
v 0.160772 -1.335896 -0.008310
v 0.160250 -1.331910 -0.008281
v 0.159797 -1.332715 -0.009110
v 0.160798 -1.336598 -0.008846
v 0.157874 -1.338236 -0.008901
v 0.157012 -1.344250 -0.007969
v 0.160435 -1.344532 -0.009442
v 0.158948 -1.342098 -0.008861
v 0.166731 -1.346896 -0.012636
v 0.168155 -1.349349 -0.013380
v 0.168806 -1.349143 -0.013685
v 0.168326 -1.347799 -0.013406
v 0.025439 -0.541891 -0.080643
v 0.026230 -0.529189 -0.080803
v 0.026660 -0.528856 -0.083488
v 0.025391 -0.542050 -0.082742
v 0.026660 -0.562978 -0.074893
v 0.027286 -0.558725 -0.074126
v 0.026624 -0.545946 -0.076799
v 0.026023 -0.558673 -0.076622
v 0.028041 -0.529374 -0.076828
v 0.028749 -0.542159 -0.074187
v 0.029617 -0.542313 -0.073064
v 0.028901 -0.529076 -0.075593
v 0.051189 -0.943213 0.009263
v 0.050257 -0.943012 0.008690
v 0.050926 -0.955627 0.010263
v 0.049950 -0.959243 0.009845
v 0.050807 -0.962469 0.010129
v 0.048289 -0.951802 0.006985
v 0.047659 -0.939262 0.004463
v 0.047030 -0.943514 0.003698
v 0.047063 -0.951777 0.004614
v 0.203924 -1.322303 -0.003008
v 0.202494 -1.322046 -0.002674
v 0.202107 -1.326214 -0.003152
v 0.203534 -1.326338 -0.003586
v 0.202298 -1.331503 -0.005492
v 0.203785 -1.331962 -0.006164
v 0.203529 -1.330710 -0.005238
v 0.202111 -1.330583 -0.004764
v 0.206522 -1.323366 -0.012198
v 0.206622 -1.317775 -0.011912
v 0.205537 -1.328808 -0.006693
v 0.205734 -1.330076 -0.007614
v 0.160140 -1.319840 0.011013
v 0.160500 -1.315648 0.011371
v 0.159048 -1.315323 0.011613
v 0.158716 -1.319604 0.011381
v 0.155397 -1.320697 0.009958
v 0.155577 -1.316409 0.010177
v 0.155109 -1.317193 0.009331
v 0.155360 -1.321223 0.009421
v 0.170819 -1.174014 0.017115
v 0.169482 -1.171615 0.017800
v 0.167110 -1.172610 0.017470
v 0.169275 -1.173568 0.017135
v 0.162898 -1.175597 0.016009
v 0.162765 -1.176645 0.015203
v 0.163794 -1.177606 0.014623
v 0.165065 -1.176518 0.015607
v 0.167517 -1.180245 0.014585
v 0.166299 -1.181332 0.013544
v 0.166605 -1.185387 0.013622
v 0.167266 -1.184598 0.014357
v 0.215125 -1.200608 0.015806
v 0.216574 -1.200895 0.015592
v 0.216963 -1.196954 0.016150
v 0.215511 -1.196418 0.016265
v 0.219725 -1.191976 0.010807
v 0.219780 -1.192411 0.014044
v 0.219051 -1.194760 0.014092
v 0.218454 -1.198611 0.013465
v 0.090520 -1.149589 0.025272
v 0.091846 -1.151162 0.024741
v 0.093549 -1.151765 0.025689
v 0.092616 -1.149760 0.027098
v 0.099315 -1.152432 0.027142
v 0.097063 -1.151523 0.027519
v 0.097995 -1.153533 0.026112
v 0.099183 -1.153476 0.026332
v 0.097099 -1.144907 0.030576
v 0.096183 -1.146708 0.029803
v 0.098434 -1.147589 0.029389
v 0.100810 -1.146580 0.029685
v 0.094590 -1.141451 0.031231
v 0.095504 -1.139675 0.032042
v 0.094994 -1.137135 0.032018
v 0.094262 -1.136535 0.031601
v 0.108184 -1.072253 -0.183192
v 0.106114 -1.081130 -0.181086
v 0.102639 -1.079953 -0.181627
v 0.103911 -1.075722 -0.183002
v 0.097139 -1.083209 -0.179424
v 0.095756 -1.084245 -0.178798
v 0.096350 -1.080298 -0.180016
v 0.098453 -1.079079 -0.180994
v 0.097657 -1.074493 -0.182623
v 0.095566 -1.075693 -0.181605
v 0.094177 -1.074587 -0.182393
v 0.094521 -1.073440 -0.183289
v 0.189719 -1.416072 -0.134077
v 0.189229 -1.421278 -0.132916
v 0.188597 -1.423761 -0.133888
v 0.188966 -1.415816 -0.137162
v 0.183947 -1.424590 -0.135456
v 0.186212 -1.420867 -0.137096
v 0.185839 -1.428818 -0.133832
v 0.184448 -1.428703 -0.133824
v 0.183571 -1.417065 -0.137435
v 0.181843 -1.413518 -0.137101
v 0.182159 -1.409952 -0.137777
v 0.185835 -1.413350 -0.139088
v 0.187661 -1.409048 -0.140488
v 0.183981 -1.405651 -0.139184
v 0.185900 -1.404215 -0.140210
v 0.188684 -1.405219 -0.141351
v 0.206386 -1.419853 -0.032308
v 0.203080 -1.419526 -0.030579
v 0.204359 -1.424116 -0.030497
v 0.207872 -1.422254 -0.032947
v 0.205466 -1.428892 -0.030189
v 0.205933 -1.433479 -0.030901
v 0.207903 -1.434756 -0.032567
v 0.208914 -1.427055 -0.032747
v 0.209226 -1.430627 -0.037990
v 0.209713 -1.425420 -0.039151
v 0.210284 -1.425684 -0.035979
v 0.209266 -1.433384 -0.035808
v 0.211294 -1.417717 -0.039834
v 0.211525 -1.419038 -0.036310
v 0.211310 -1.420658 -0.036209
v 0.210800 -1.420413 -0.039390
v 0.083068 -1.449915 -0.006958
v 0.082406 -1.448344 -0.005545
v 0.080712 -1.444031 -0.004638
v 0.080331 -1.442872 -0.006409
v 0.078268 -1.427879 -0.008648
v 0.079837 -1.437143 -0.006820
v 0.080380 -1.438281 -0.005108
v 0.079119 -1.429015 -0.007090
v 0.078803 -1.438095 -0.010324
v 0.077015 -1.428874 -0.012098
v 0.077665 -1.432066 -0.012302
v 0.079684 -1.440922 -0.012558
v 0.068210 -1.308515 -0.094133
v 0.067898 -1.312079 -0.093449
v 0.065757 -1.311635 -0.092375
v 0.064317 -1.304979 -0.092606
v 0.060035 -1.298722 -0.088975
v 0.060816 -1.300305 -0.089930
v 0.062267 -1.306956 -0.089689
v 0.061251 -1.303497 -0.089185
v 0.052583 -1.285059 -0.084253
v 0.053848 -1.286722 -0.085053
v 0.053062 -1.285137 -0.084105
v 0.052486 -1.284496 -0.083848
v 0.057763 -1.293710 -0.093128
v 0.058649 -1.295337 -0.092143
v 0.057362 -1.293703 -0.091343
v 0.057301 -1.293374 -0.092278
v 0.057968 -1.288603 -0.097450
v 0.058139 -1.287441 -0.097912
v 0.058674 -1.287560 -0.097683
v 0.058833 -1.290250 -0.096465
v 0.063080 -1.296634 -0.092786
v 0.063003 -1.293836 -0.093756
v 0.067632 -1.288648 -0.096341
v 0.068045 -1.296209 -0.094892
v 0.040375 -1.252955 -0.060236
v 0.039761 -1.250406 -0.058425
v 0.037744 -1.241387 -0.059854
v 0.038402 -1.244816 -0.059692
v 0.036326 -1.239511 -0.063493
v 0.035942 -1.239176 -0.063777
v 0.036382 -1.242951 -0.063423
v 0.036826 -1.242988 -0.063264
v 0.037314 -1.247304 -0.063246
v 0.036838 -1.247265 -0.063346
v 0.037325 -1.248143 -0.063768
v 0.037900 -1.248789 -0.064021
v 0.023282 -1.246066 -0.064485
v 0.022907 -1.242298 -0.064944
v 0.022627 -1.242381 -0.065215
v 0.022895 -1.246187 -0.064691
v 0.021953 -1.242740 -0.068649
v 0.022304 -1.242630 -0.070419
v 0.022477 -1.246533 -0.069741
v 0.022172 -1.246543 -0.068083
v 0.023838 -1.251127 -0.069046
v 0.024119 -1.251130 -0.070709
v 0.024760 -1.252152 -0.070648
v 0.024833 -1.252468 -0.069710
v 0.054806 -1.219083 -0.126453
v 0.054273 -1.218968 -0.126688
v 0.053993 -1.217599 -0.127325
v 0.054630 -1.216603 -0.127483
v 0.054467 -1.208937 -0.129356
v 0.053832 -1.209887 -0.129117
v 0.054454 -1.205885 -0.130390
v 0.055851 -1.204783 -0.130893
v 0.032876 -1.245750 -0.120065
v 0.032732 -1.241843 -0.120737
v 0.033186 -1.241637 -0.122502
v 0.033276 -1.245623 -0.121720
v 0.036040 -1.240589 -0.125535
v 0.035431 -1.241623 -0.125245
v 0.035343 -1.237658 -0.126082
v 0.036675 -1.236517 -0.126668
v 0.036134 -1.247928 -0.122412
v 0.036758 -1.246878 -0.122653
v 0.037034 -1.248239 -0.122006
v 0.036865 -1.249404 -0.121549
v 0.035953 -1.114411 -0.149381
v 0.035334 -1.118391 -0.148238
v 0.034026 -1.119497 -0.147560
v 0.033937 -1.115546 -0.148356
v 0.031131 -1.121017 -0.143210
v 0.031003 -1.117101 -0.143933
v 0.031521 -1.116846 -0.145734
v 0.031611 -1.120808 -0.144968
v 0.030761 -1.111715 -0.147408
v 0.030290 -1.111908 -0.145595
v 0.029176 -1.109073 -0.147667
v 0.029692 -1.109459 -0.149069
v 0.128258 -1.209376 -0.014905
v 0.127228 -1.208414 -0.014326
v 0.126041 -1.208468 -0.014548
v 0.126989 -1.210395 -0.015878
v 0.121754 -1.208882 -0.017368
v 0.123121 -1.209796 -0.017141
v 0.122177 -1.207861 -0.015816
v 0.120470 -1.207266 -0.016760
v 0.124924 -1.215084 -0.017611
v 0.123562 -1.214155 -0.017732
v 0.125165 -1.224958 -0.016291
v 0.125976 -1.218939 -0.017278
v 0.120771 -1.087268 0.053258
v 0.120516 -1.089427 0.052949
v 0.121029 -1.091967 0.052969
v 0.020410 -1.078803 -0.067319
v 0.020805 -1.080631 -0.066626
v 0.021547 -1.082652 -0.065205
v 0.021620 -1.081479 -0.065000
v 0.022128 -1.084205 -0.061602
v 0.021981 -1.084233 -0.060494
v 0.022043 -1.083040 -0.060281
v 0.022202 -1.083030 -0.061401
v 0.022009 -1.077807 -0.061154
v 0.021852 -1.077815 -0.060034
v 0.021651 -1.075495 -0.060523
v 0.021612 -1.074231 -0.061397
v 0.016048 -1.080785 -0.028725
v 0.016002 -1.081979 -0.028936
v 0.015873 -1.081943 -0.027831
v 0.015900 -1.080626 -0.027622
v 0.018235 -1.075060 -0.022672
v 0.017246 -1.078709 -0.023790
v 0.017217 -1.080030 -0.023981
v 0.019101 -1.078275 -0.022309
v 0.016845 -1.066937 -0.025458
v 0.016136 -1.068311 -0.026571
v 0.016363 -1.071820 -0.025278
v 0.017356 -1.068166 -0.024174
v -0.021841 -0.985690 -0.147848
v -0.020735 -0.989538 -0.145516
v -0.020689 -0.989413 -0.144842
v -0.021875 -0.985359 -0.146987
v -0.014860 -1.002042 -0.132176
v -0.016165 -0.999160 -0.134630
v -0.014961 -1.003205 -0.132485
v -0.014457 -1.003869 -0.131488
v -0.019474 -0.983977 -0.139665
v -0.020048 -0.981754 -0.140589
v -0.020848 -0.982879 -0.142591
v -0.019543 -0.985761 -0.140137
v 0.040190 -0.542182 -0.139213
v 0.041655 -0.529014 -0.139944
v 0.040433 -0.543321 -0.142960
v 0.111542 -1.534405 -0.078781
v 0.112449 -1.536768 -0.080987
v 0.114384 -1.541506 -0.079416
v 0.113108 -1.538298 -0.078457
v 0.107441 -1.518178 -0.078365
v 0.108215 -1.520665 -0.080181
v 0.110423 -1.529377 -0.080823
v 0.109553 -1.526998 -0.078613
v 0.101449 -1.490968 -0.082477
v 0.102450 -1.494432 -0.082987
v 0.103981 -1.501499 -0.082686
v 0.101732 -1.492803 -0.082051
v 0.112835 -1.531178 -0.084471
v 0.111309 -1.524111 -0.084777
v 0.113449 -1.524555 -0.085851
v 0.115174 -1.528104 -0.086192
v 0.175842 -1.669708 -0.027004
v 0.173873 -1.668431 -0.025336
v 0.172301 -1.671380 -0.024430
v 0.174673 -1.677088 -0.026834
v 0.167068 -1.663103 -0.024139
v 0.169920 -1.670040 -0.024785
v 0.167543 -1.664330 -0.022388
v 0.166403 -1.661534 -0.022726
v 0.168503 -1.667181 -0.029888
v 0.169781 -1.670388 -0.030847
v 0.171591 -1.674460 -0.029178
v 0.168738 -1.667524 -0.028532
v 0.172901 -1.667115 -0.034749
v 0.174292 -1.667228 -0.034753
v 0.173805 -1.674879 -0.031415
v 0.171996 -1.670811 -0.033092
v 0.091409 -1.468618 0.046324
v 0.090407 -1.467095 0.044744
v 0.091357 -1.476370 0.046868
v 0.091978 -1.477629 0.048457
v 0.095172 -1.486559 0.045789
v 0.096300 -1.489362 0.046127
v 0.093950 -1.483491 0.048367
v 0.093471 -1.482251 0.046695
v 0.096053 -1.484046 0.048862
v 0.098419 -1.489910 0.046629
v 0.099991 -1.486962 0.045723
v 0.099522 -1.482375 0.046433
v 0.071692 -1.173268 -0.027929
v 0.070968 -1.172470 -0.028774
v 0.071494 -1.172777 -0.029020
v 0.073305 -1.174525 -0.027715
v 0.078860 -1.189831 -0.025204
v 0.080099 -1.191396 -0.023819
v 0.079518 -1.182325 -0.025938
v 0.077792 -1.180608 -0.027355
v 0.085550 -1.196889 -0.022640
v 0.083897 -1.186173 -0.024359
v 0.082509 -1.185085 -0.024469
v 0.082964 -1.194189 -0.022416
v 0.015247 -1.119179 -0.085237
v 0.014152 -1.115307 -0.087570
v 0.014184 -1.115664 -0.088126
v 0.015189 -1.119242 -0.085726
v 0.014596 -1.116464 -0.094588
v 0.015595 -1.119406 -0.092545
v 0.015204 -1.119581 -0.090696
v 0.014161 -1.116040 -0.093110
v 0.016277 -1.124255 -0.088218
v 0.016706 -1.124039 -0.090059
v 0.016865 -1.127952 -0.089328
v 0.016481 -1.128066 -0.087564
v -0.015757 -1.006778 -0.162777
v -0.015817 -1.006433 -0.162218
v -0.016890 -1.002571 -0.164553
v -0.016712 -1.003270 -0.165178
v -0.014362 -0.986753 -0.169415
v -0.016083 -1.002062 -0.170170
v -0.016381 -1.000993 -0.169072
v -0.016561 -1.000301 -0.168442
v 0.022277 -1.136364 -0.034999
v 0.022245 -1.136230 -0.035636
v 0.022423 -1.136481 -0.035953
v 0.022626 -1.137018 -0.034956
v 0.027224 -1.142114 -0.034314
v 0.025628 -1.140924 -0.034555
v 0.025429 -1.140390 -0.035554
v 0.026504 -1.141306 -0.035157
v 0.032311 -1.144708 -0.029014
v 0.030984 -1.143136 -0.028481
v 0.028948 -1.142872 -0.030362
v 0.030548 -1.144054 -0.030118
v 0.015928 -1.121219 -0.036495
v 0.016053 -1.121673 -0.036134
v 0.016080 -1.121807 -0.035498
v 0.015846 -1.121197 -0.035537
v 0.018092 -1.115638 -0.030274
v 0.016222 -1.117390 -0.031963
v 0.016198 -1.118595 -0.032242
v 0.016445 -1.119197 -0.032202
v 0.023441 -1.124866 -0.065168
v 0.022911 -1.124568 -0.064924
v 0.021843 -1.123633 -0.065317
v 0.021658 -1.122969 -0.066564
v 0.019191 -1.121961 -0.060992
v 0.019063 -1.121511 -0.061355
v 0.019196 -1.121532 -0.062554
v 0.019362 -1.122216 -0.061311
v 0.019017 -1.115481 -0.066984
v 0.019152 -1.115452 -0.068094
v 0.019088 -1.116698 -0.068315
v 0.018964 -1.116664 -0.067115
v 0.018113 -1.110566 -0.072816
v 0.017613 -1.109902 -0.073815
v 0.018777 -1.113833 -0.071614
v 0.018850 -1.112588 -0.071392
v 0.017185 -1.113430 -0.077337
v 0.018312 -1.117291 -0.075010
v 0.018417 -1.117227 -0.074465
v 0.017267 -1.113291 -0.076668
v 0.018450 -1.125937 -0.071972
v 0.018742 -1.126279 -0.071598
v 0.018178 -1.122080 -0.071917
v 0.017999 -1.122157 -0.072429
v 0.024930 -1.145945 -0.067204
v 0.025606 -1.150120 -0.066927
v 0.027444 -1.159203 -0.065479
v 0.026907 -1.155974 -0.065281
v -0.035998 -0.695159 -0.038706
v -0.018934 -0.696233 -0.039625
v -0.025825 -0.692974 -0.028511
v -0.037636 -0.693168 -0.028898
v -0.137701 -0.936414 0.016703
v -0.104591 -0.905957 0.003824
v -0.098541 -0.908218 0.025959
v -0.128850 -0.883498 0.031637
v -0.131110 -0.883090 0.000173
v -0.037617 -0.694320 -0.037731
v -0.034874 -0.692268 -0.037763
v -0.017059 -0.699735 -0.039915
v -0.018160 -0.699227 -0.042022
v -0.027361 -0.695302 -0.026641
v -0.025570 -0.695532 -0.028188
v -0.036243 -0.693326 -0.027386
v -0.035098 -0.690916 -0.029089
v -0.106537 -0.910101 0.004783
v -0.108523 -0.908713 0.002647
v -0.105868 -0.904882 0.002206
v -0.101430 -0.911891 0.026136
v -0.100424 -0.912875 0.023946
v -0.097276 -0.909412 0.024154
v -0.130415 -0.888706 0.030944
v -0.128956 -0.889514 0.032744
v -0.127506 -0.884658 0.032987
v -0.132564 -0.888290 0.002216
v -0.133927 -0.887218 0.003515
v -0.132296 -0.881989 0.001728
v -0.001121 -1.019308 -0.025572
v -0.000181 -1.031702 -0.025437
v 0.002895 -1.019297 -0.022531
v 0.001257 -1.015169 -0.023557
v 0.074819 -0.731472 0.038438
v 0.071875 -0.723227 0.035571
v 0.073597 -0.735579 0.041024
v -0.018844 -0.731451 -0.027736
v -0.018919 -0.723227 -0.032172
v -0.021214 -0.735589 -0.029761
v -0.065565 -0.731486 -0.153458
v -0.061714 -0.723227 -0.152293
v -0.065817 -0.735632 -0.155141
v 0.074890 -0.731508 -0.089567
v 0.075876 -0.723227 -0.086838
v 0.077825 -0.735621 -0.086739
v -0.002735 -1.020522 -0.027899
v -0.004280 -1.016419 -0.031479
v -0.004542 -1.020565 -0.033158
v -0.001792 -1.032916 -0.027757
v 0.002758 -1.021314 -0.030859
v -0.000559 -1.033672 -0.028388
v -0.003293 -1.021324 -0.033804
v -0.000182 -1.017196 -0.033675
v 0.001119 -1.032439 -0.026384
v 0.004446 -1.020081 -0.028843
v 0.005425 -1.015928 -0.026074
v 0.004219 -1.020038 -0.023488
v 0.072102 -0.735579 0.041805
v 0.070380 -0.723227 0.036352
v 0.070455 -0.731451 0.040789
v -0.020646 -0.723227 -0.034451
v -0.024496 -0.731486 -0.035616
v -0.022941 -0.735589 -0.032040
v -0.060630 -0.723227 -0.153253
v -0.061615 -0.731508 -0.155982
v -0.064732 -0.735632 -0.156100
v 0.080172 -0.731472 -0.081715
v 0.079178 -0.735621 -0.084484
v 0.077228 -0.723227 -0.084582
v 0.162536 -0.172397 -0.035597
v 0.162311 -0.172454 -0.032465
v 0.152994 -0.161419 -0.038539
v 0.174017 -0.140883 -0.098235
v 0.183648 -0.151849 -0.098428
v 0.183559 -0.151861 -0.095293
v 0.122282 -0.154220 -0.082018
v 0.124154 -0.169140 -0.083408
v 0.128041 -0.167157 -0.082876
v 0.119994 -0.179150 -0.038428
v 0.116722 -0.165956 -0.044077
v 0.124687 -0.180233 -0.037383
v 0.475093 -0.961241 -0.036441
v 0.477756 -0.965180 -0.037123
v 0.476439 -0.958502 -0.036934
v 0.475066 -0.957970 -0.036566
v 0.449107 -0.812210 -0.029398
v 0.448567 -0.809123 -0.028666
v 0.447258 -0.803781 -0.030565
v 0.448631 -0.810725 -0.030727
v 0.415958 -0.869779 -0.020507
v 0.414600 -0.866004 -0.020240
v 0.413292 -0.868963 -0.019649
v 0.415990 -0.873038 -0.020359
v 0.403788 -0.870141 0.045036
v 0.404346 -0.871243 0.045696
v 0.404577 -0.878953 0.045197
v 0.404263 -0.878346 0.042922
v 0.402721 -0.872774 0.042193
v 0.474602 -0.934206 0.015198
v 0.474471 -0.933412 0.017554
v 0.477281 -0.935648 0.016402
v 0.477437 -0.936948 0.014259
v 0.437889 -0.661348 0.050015
v 0.437231 -0.651677 0.050835
v 0.438211 -0.649915 0.050730
v 0.439792 -0.661336 0.049445
v 0.410649 -0.647714 -0.079266
v 0.414073 -0.647347 -0.076928
v 0.409937 -0.630599 -0.076230
v 0.404718 -0.634323 -0.080570
v 0.331983 -0.714935 -0.031510
v 0.327685 -0.718209 -0.030999
v 0.335661 -0.731653 -0.028731
v 0.337869 -0.728051 -0.029868
v 0.385387 -0.749769 0.024521
v 0.379786 -0.737476 0.022541
v 0.383965 -0.738647 0.027020
v 0.386782 -0.747180 0.027208
v 0.334529 -0.436086 -0.038985
v 0.339718 -0.449791 -0.037482
v 0.345251 -0.446492 -0.035673
v 0.338331 -0.433991 -0.038118
v 0.204975 -0.514091 -0.079523
v 0.209435 -0.527949 -0.077464
v 0.208117 -0.530263 -0.082888
v 0.204214 -0.514972 -0.082996
v 0.249423 -0.462981 0.051258
v 0.253207 -0.473063 0.054263
v 0.250217 -0.474399 0.054107
v 0.244727 -0.461888 0.050223
v 0.354281 -0.414124 0.048449
v 0.362067 -0.425407 0.051621
v 0.362504 -0.424874 0.055276
v 0.354197 -0.413897 0.051608
v 0.411147 -0.698910 0.049830
v 0.408240 -0.690341 0.049856
v 0.409492 -0.689962 0.051032
v 0.411963 -0.692338 0.051047
v 0.411944 -0.700062 0.050225
v 0.346370 -0.634298 0.062232
v 0.343473 -0.630223 0.062247
v 0.344599 -0.631281 0.064366
v 0.347271 -0.634218 0.063834
v 0.289476 -0.577092 0.046368
v 0.291172 -0.577045 0.049892
v 0.292987 -0.581273 0.049691
v 0.289652 -0.579308 0.044592
v 0.317662 -0.433030 0.052952
v 0.325946 -0.441160 0.056047
v 0.324438 -0.441886 0.056018
v 0.321451 -0.443130 0.055940
v 0.319936 -0.596865 0.008921
v 0.316230 -0.589912 0.007630
v 0.320220 -0.592069 0.011437
v 0.321566 -0.593526 0.013262
v 0.324017 -0.598084 0.013469
v 0.159817 -0.173163 -0.031454
v 0.158464 -0.176403 -0.030834
v 0.150499 -0.162127 -0.037528
v 0.173140 -0.140757 -0.099196
v 0.178899 -0.153694 -0.100054
v 0.182771 -0.151723 -0.099389
v 0.120704 -0.155045 -0.080051
v 0.123214 -0.169118 -0.077927
v 0.122577 -0.169966 -0.081441
v 0.118672 -0.178777 -0.040520
v 0.117910 -0.179656 -0.044045
v 0.115401 -0.165584 -0.046169
v 0.476295 -0.966487 -0.035328
v 0.476220 -0.966006 -0.032978
v 0.478931 -0.969210 -0.033932
v 0.479031 -0.970231 -0.036020
v 0.480011 -0.968729 -0.036156
v 0.480006 -0.967499 -0.034059
v 0.479183 -0.963524 -0.034618
v 0.478715 -0.962038 -0.035948
v 0.445644 -0.794909 -0.031654
v 0.443941 -0.785687 -0.031744
v 0.440593 -0.786086 -0.034180
v 0.443004 -0.792227 -0.033145
v 0.443893 -0.789396 -0.032950
v 0.446253 -0.806639 -0.031686
v 0.444889 -0.799692 -0.031522
v 0.443517 -0.802344 -0.031074
v 0.444877 -0.806116 -0.031335
v 0.412301 -0.862680 -0.020511
v 0.410020 -0.856473 -0.021596
v 0.407787 -0.859922 -0.020279
v 0.410995 -0.865523 -0.019794
v 0.410765 -0.866853 -0.015071
v 0.410853 -0.866502 -0.017677
v 0.407839 -0.860562 -0.018007
v 0.408573 -0.861434 -0.015631
v 0.412600 -0.870178 -0.017834
v 0.412382 -0.870599 -0.015222
v 0.415145 -0.873978 -0.016209
v 0.415359 -0.874100 -0.018510
v 0.406652 -0.873613 0.045793
v 0.408613 -0.873859 0.045214
v 0.409233 -0.883406 0.044418
v 0.406344 -0.881252 0.045486
v 0.406136 -0.884152 0.043768
v 0.408964 -0.886537 0.042612
v 0.409193 -0.886855 0.040305
v 0.406314 -0.883849 0.041207
v 0.473647 -0.930788 0.019353
v 0.473041 -0.921224 0.020207
v 0.474931 -0.921227 0.019579
v 0.476507 -0.932763 0.018220
v 0.475924 -0.923600 0.014819
v 0.477167 -0.929107 0.016794
v 0.475598 -0.917567 0.018169
v 0.474415 -0.914452 0.014465
v 0.477372 -0.933334 0.012355
v 0.478185 -0.937311 0.012916
v 0.478069 -0.935755 0.015062
v 0.476830 -0.930248 0.013088
v 0.436094 -0.645677 0.051142
v 0.432212 -0.637576 0.051548
v 0.434115 -0.635161 0.051325
v 0.437083 -0.643914 0.051058
v 0.438368 -0.644661 0.049439
v 0.435756 -0.635821 0.049589
v 0.434802 -0.636170 0.045088
v 0.438916 -0.652936 0.044366
v 0.440365 -0.655978 0.047998
v 0.328533 -0.719883 -0.028888
v 0.331539 -0.721572 -0.025729
v 0.337413 -0.733707 -0.023910
v 0.336240 -0.733214 -0.026179
v 0.351936 -0.457542 -0.033004
v 0.349552 -0.449463 -0.032509
v 0.348124 -0.449981 -0.035161
v 0.343324 -0.453659 -0.038073
v 0.346790 -0.461291 -0.037448
v 0.339568 -0.433793 -0.036528
v 0.346579 -0.445931 -0.033871
v 0.347125 -0.445373 -0.030248
v 0.339639 -0.433567 -0.033383
v 0.212739 -0.530482 -0.072775
v 0.214505 -0.532619 -0.070999
v 0.214688 -0.534830 -0.072778
v 0.211302 -0.532824 -0.078160
v 0.218918 -0.538966 -0.070917
v 0.220695 -0.539860 -0.070238
v 0.219949 -0.539374 -0.072489
v 0.215525 -0.536977 -0.076299
v 0.221179 -0.547257 -0.076244
v 0.217910 -0.545727 -0.079249
v 0.213038 -0.537898 -0.081332
v 0.217443 -0.540313 -0.077510
v 0.220076 -0.538697 -0.082350
v 0.216379 -0.531192 -0.082918
v 0.210912 -0.534415 -0.084209
v 0.215901 -0.542495 -0.082534
v 0.205545 -0.514996 -0.084632
v 0.209270 -0.530224 -0.084297
v 0.214691 -0.526841 -0.082799
v 0.209378 -0.512917 -0.083914
v 0.254887 -0.476959 0.055082
v 0.256176 -0.482831 0.055136
v 0.253699 -0.482574 0.054831
v 0.251908 -0.478324 0.054854
v 0.250225 -0.484013 0.049420
v 0.248458 -0.481875 0.047645
v 0.250129 -0.479668 0.053043
v 0.251926 -0.483961 0.052942
v 0.242246 -0.463763 0.044787
v 0.243127 -0.462843 0.048268
v 0.248495 -0.475385 0.052205
v 0.246951 -0.477546 0.046761
v 0.363849 -0.430153 0.052152
v 0.366644 -0.438421 0.051063
v 0.367473 -0.438095 0.055601
v 0.364398 -0.429355 0.055838
v 0.364352 -0.440685 0.057560
v 0.361689 -0.430168 0.057620
v 0.363209 -0.429520 0.057548
v 0.366254 -0.438258 0.057359
v 0.360958 -0.425821 0.056824
v 0.359443 -0.426508 0.056837
v 0.351157 -0.418369 0.053750
v 0.352514 -0.415145 0.053114
v 0.409817 -0.685048 0.052163
v 0.409686 -0.677574 0.052111
v 0.413565 -0.685720 0.051610
v 0.412566 -0.687469 0.051682
v 0.416217 -0.699781 0.050380
v 0.414240 -0.699564 0.050862
v 0.414548 -0.691904 0.051156
v 0.415543 -0.690138 0.051101
v 0.340536 -0.624827 0.061281
v 0.339561 -0.624081 0.061623
v 0.339572 -0.624422 0.062827
v 0.341515 -0.626245 0.063398
v 0.340478 -0.623132 0.065063
v 0.339246 -0.617450 0.064934
v 0.341713 -0.617657 0.065339
v 0.342445 -0.625003 0.065546
v 0.345672 -0.628041 0.065600
v 0.344967 -0.620707 0.065371
v 0.348355 -0.623180 0.064942
v 0.348494 -0.630581 0.065135
v 0.294192 -0.578565 0.051330
v 0.296616 -0.578741 0.051844
v 0.297912 -0.584514 0.051758
v 0.295956 -0.582760 0.051261
v 0.299019 -0.587180 0.049535
v 0.298049 -0.586101 0.048604
v 0.297113 -0.585810 0.050115
v 0.299028 -0.587533 0.050735
v 0.295078 -0.584157 0.048221
v 0.296015 -0.584442 0.046712
v 0.293534 -0.583062 0.043799
v 0.291755 -0.582188 0.043116
v 0.328125 -0.445107 0.056395
v 0.330785 -0.455551 0.056468
v 0.327395 -0.453167 0.056740
v 0.326616 -0.445790 0.056447
v 0.323856 -0.446994 0.056406
v 0.324641 -0.454354 0.056729
v 0.322142 -0.454063 0.056472
v 0.320875 -0.448265 0.056277
v 0.312959 -0.586082 0.007768
v 0.313705 -0.586575 0.010017
v 0.316188 -0.587927 0.012936
v 0.317125 -0.588187 0.011437
v 0.318711 -0.589764 0.014078
v 0.317776 -0.589508 0.015577
v 0.318741 -0.590615 0.016500
v 0.319719 -0.591345 0.016163
v -0.029429 -0.705819 -0.047453
v -0.028058 -0.700044 -0.047260
v -0.027414 -0.700214 -0.048296
v -0.029007 -0.705955 -0.048155
v -0.010430 -0.703109 -0.071294
v -0.011346 -0.703003 -0.071501
v -0.011983 -0.702776 -0.070482
v -0.010813 -0.702833 -0.069728
v 0.012926 -0.717394 -0.064759
v 0.014270 -0.708745 -0.065399
v 0.014007 -0.708537 -0.063882
v 0.012838 -0.717278 -0.063049
v 0.003149 -0.701912 -0.030370
v 0.002900 -0.701778 -0.028365
v 0.003888 -0.702005 -0.028643
v 0.004289 -0.702165 -0.030160
v -0.024136 -0.707399 -0.019387
v -0.021579 -0.699025 -0.021426
v -0.021778 -0.699084 -0.022414
v -0.024230 -0.707530 -0.021531
v -0.100575 -1.038389 -0.018069
v -0.100245 -1.038535 -0.017259
v -0.099933 -1.038635 -0.016474
v -0.100758 -1.037879 -0.016034
v -0.101638 -1.037122 -0.015651
v -0.101722 -1.037311 -0.017257
v -0.101769 -1.037545 -0.018817
v -0.101191 -1.037966 -0.018460
v -0.020772 -0.914725 -0.048401
v -0.022009 -0.923513 -0.047543
v -0.022297 -0.923557 -0.049463
v -0.020873 -0.914822 -0.050114
v -0.016213 -0.913094 -0.001458
v -0.017952 -0.921748 0.000054
v -0.015069 -0.922408 -0.001220
v -0.014273 -0.913531 -0.002281
v -0.084549 -0.897642 0.024791
v -0.087031 -0.906040 0.026719
v -0.087191 -0.905879 0.028944
v -0.084586 -0.897428 0.026936
v -0.067935 -0.987831 -0.036394
v -0.067156 -0.986086 -0.037106
v -0.066258 -0.986686 -0.036532
v -0.067316 -0.988244 -0.036002
v -0.055768 -0.993896 -0.007204
v -0.054541 -0.992423 -0.007304
v -0.054067 -0.992578 -0.006097
v -0.055452 -0.993986 -0.006420
v -0.083602 -0.959734 0.011089
v -0.085215 -0.958746 0.011816
v -0.085079 -0.959664 0.011454
v -0.083741 -0.960784 0.010843
v 0.009885 -0.705927 -0.064724
v 0.011291 -0.706376 -0.066050
v 0.011175 -0.706373 -0.066079
v 0.010264 -0.706221 -0.066288
v -0.075047 -0.903473 -0.053512
v -0.074670 -0.903580 -0.054216
v -0.074965 -0.906410 -0.054071
v -0.077224 -0.915012 -0.053431
v -0.077443 -0.916584 -0.053173
v -0.078444 -0.917675 -0.052952
v -0.078931 -0.917189 -0.050488
v -0.079037 -0.915994 -0.049419
v -0.078978 -0.915164 -0.049168
v -0.078910 -0.914319 -0.048942
v -0.076418 -0.905915 -0.050849
v -0.075414 -0.903359 -0.052783
v -0.034403 -0.949613 -0.041317
v -0.035202 -0.950820 -0.041248
v -0.035094 -0.950578 -0.042782
v -0.034479 -0.949536 -0.043038
v -0.042943 -0.953197 -0.002922
v -0.043505 -0.954487 -0.003200
v -0.041625 -0.955157 -0.004246
v -0.040553 -0.953849 -0.004121
v -0.089364 -0.936960 0.018501
v -0.089621 -0.937658 0.020480
v -0.089546 -0.936379 0.020860
v -0.089309 -0.936130 0.018751
v -0.052665 -0.923359 -0.054828
v -0.053344 -0.923614 -0.054833
v -0.054139 -0.922341 -0.055325
v -0.052769 -0.922552 -0.055086
v -0.088316 -0.972297 -0.047526
v -0.087902 -0.970172 -0.047590
v -0.087889 -0.970506 -0.050004
v -0.088344 -0.972534 -0.049086
v -0.030100 -0.705431 -0.045493
v -0.030735 -0.708133 -0.043430
v -0.028450 -0.699592 -0.044303
v -0.028653 -0.699692 -0.045308
v -0.027071 -0.698194 -0.046120
v -0.026788 -0.698131 -0.045120
v -0.025253 -0.698418 -0.046400
v -0.026423 -0.698364 -0.047153
v -0.010419 -0.705147 -0.072294
v -0.013150 -0.713611 -0.071711
v -0.013119 -0.710685 -0.072015
v -0.011337 -0.705032 -0.072468
v -0.013587 -0.704439 -0.070635
v -0.012945 -0.704665 -0.071651
v -0.014736 -0.710311 -0.071168
v -0.015179 -0.710180 -0.070493
v 0.011771 -0.717370 -0.065979
v 0.011051 -0.717261 -0.066152
v 0.013120 -0.708689 -0.066640
v 0.013219 -0.708729 -0.066611
v 0.013274 -0.706701 -0.065715
v 0.013175 -0.706669 -0.065747
v 0.011768 -0.706225 -0.064420
v 0.012905 -0.706493 -0.064209
v 0.002647 -0.703518 -0.026859
v 0.000937 -0.712108 -0.025308
v 0.002900 -0.712531 -0.026078
v 0.003621 -0.703748 -0.027173
v 0.004879 -0.704237 -0.030121
v 0.004568 -0.704064 -0.028592
v 0.003742 -0.712862 -0.027545
v 0.003904 -0.712980 -0.029264
v -0.023277 -0.707453 -0.018753
v -0.021317 -0.707866 -0.019435
v -0.019635 -0.699297 -0.021055
v -0.020621 -0.699125 -0.020765
v -0.019089 -0.697619 -0.024355
v -0.020624 -0.697333 -0.023075
v -0.020338 -0.697331 -0.022092
v -0.019340 -0.697492 -0.022350
v -0.022928 -0.926587 -0.047011
v -0.023694 -0.927821 -0.046942
v -0.023804 -0.927677 -0.048662
v -0.023280 -0.926659 -0.048924
v -0.025815 -0.926749 -0.050402
v -0.024532 -0.926933 -0.050128
v -0.025034 -0.927994 -0.049873
v -0.025712 -0.927552 -0.050139
v -0.023264 -0.923407 -0.050681
v -0.024547 -0.923218 -0.050955
v -0.022474 -0.914573 -0.051512
v -0.021753 -0.914682 -0.051347
v -0.019439 -0.925052 0.000351
v -0.020026 -0.926342 0.000111
v -0.017629 -0.927026 -0.001063
v -0.016568 -0.925702 -0.000951
v -0.015618 -0.926035 -0.004505
v -0.015358 -0.925954 -0.002580
v -0.016406 -0.927303 -0.002703
v -0.016421 -0.927192 -0.004434
v -0.013156 -0.913908 -0.005405
v -0.013142 -0.913783 -0.003680
v -0.014033 -0.922666 -0.002631
v -0.014222 -0.922706 -0.004560
v -0.087523 -0.909912 0.026383
v -0.087589 -0.910760 0.026159
v -0.087830 -0.911009 0.028267
v -0.087729 -0.909725 0.028604
v -0.084004 -0.910115 0.028250
v -0.086867 -0.909475 0.029450
v -0.086971 -0.910748 0.029103
v -0.084585 -0.911428 0.028031
v -0.081573 -0.898016 0.026929
v -0.083510 -0.897584 0.027667
v -0.086170 -0.906015 0.029647
v -0.083293 -0.906659 0.028480
v -0.065225 -0.983592 -0.037871
v -0.064193 -0.982900 -0.037882
v -0.063232 -0.982874 -0.037576
v -0.064327 -0.984185 -0.037293
v -0.062358 -0.983196 -0.035979
v -0.062129 -0.983468 -0.034610
v -0.062959 -0.984757 -0.034458
v -0.063421 -0.984593 -0.035710
v -0.066054 -0.988977 -0.034502
v -0.064996 -0.987417 -0.035031
v -0.064501 -0.987663 -0.033791
v -0.065729 -0.989136 -0.033691
v -0.052296 -0.990253 -0.006997
v -0.051565 -0.988806 -0.007120
v -0.051415 -0.989072 -0.005751
v -0.051888 -0.990332 -0.005773
v -0.053959 -0.988171 -0.003426
v -0.052660 -0.989338 -0.004139
v -0.052247 -0.988014 -0.004078
v -0.053831 -0.987071 -0.003237
v -0.054528 -0.992302 -0.005878
v -0.053142 -0.990896 -0.005555
v -0.054448 -0.989715 -0.004864
v -0.055350 -0.991543 -0.005438
v -0.086493 -0.958307 0.010755
v -0.086432 -0.957937 0.008062
v -0.086490 -0.959477 0.007920
v -0.086424 -0.959214 0.010361
v -0.084673 -0.967012 0.009183
v -0.083771 -0.965181 0.009754
v -0.085113 -0.964029 0.010334
v -0.085561 -0.966274 0.009566
v 0.011952 -0.708505 -0.066811
v 0.009882 -0.717076 -0.066315
v 0.009113 -0.716957 -0.066449
v 0.011833 -0.708515 -0.066834
v 0.009704 -0.708159 -0.067102
v 0.006978 -0.716598 -0.066673
v 0.006070 -0.716462 -0.066762
v 0.008791 -0.707991 -0.067273
v -0.036898 -0.953834 -0.040705
v -0.037721 -0.955143 -0.040561
v -0.037888 -0.955024 -0.041943
v -0.036806 -0.953550 -0.042238
v -0.041781 -0.955981 -0.043376
v -0.041743 -0.955271 -0.043671
v -0.039707 -0.954548 -0.043363
v -0.040819 -0.955958 -0.043073
v -0.040400 -0.951424 -0.044259
v -0.040626 -0.949687 -0.044637
v -0.039119 -0.949453 -0.044489
v -0.038357 -0.950734 -0.044008
v -0.035870 -0.949196 -0.044334
v -0.036625 -0.947946 -0.044872
v -0.035946 -0.947687 -0.044862
v -0.035268 -0.948130 -0.044596
v -0.045082 -0.957599 -0.003531
v -0.045220 -0.958720 -0.003702
v -0.043651 -0.959637 -0.004586
v -0.043197 -0.958263 -0.004570
v -0.042996 -0.959196 -0.007248
v -0.042260 -0.957747 -0.007394
v -0.042467 -0.957998 -0.005867
v -0.042970 -0.959316 -0.005866
v -0.039593 -0.954024 -0.007407
v -0.039609 -0.954056 -0.005679
v -0.040671 -0.955386 -0.005816
v -0.040421 -0.955163 -0.007341
v -0.089658 -0.941377 0.016148
v -0.089831 -0.941790 0.018841
v -0.089922 -0.940917 0.019241
v -0.089717 -0.940237 0.017260
v -0.086508 -0.944040 0.018748
v -0.086354 -0.942964 0.018972
v -0.088257 -0.942233 0.019907
v -0.088111 -0.943121 0.019542
v -0.086336 -0.937779 0.020485
v -0.088718 -0.937120 0.021577
v -0.088790 -0.938389 0.021188
v -0.086893 -0.939098 0.020230
v -0.058792 -0.921737 -0.056192
v -0.058120 -0.921856 -0.056202
v -0.057329 -0.923164 -0.055758
v -0.058839 -0.923336 -0.055805
v -0.056249 -0.909352 -0.057193
v -0.055336 -0.909491 -0.057171
v -0.058009 -0.918046 -0.056693
v -0.058679 -0.917891 -0.056661
v -0.055861 -0.918349 -0.056401
v -0.053186 -0.909793 -0.056853
v -0.052417 -0.909913 -0.056722
v -0.054490 -0.918558 -0.056162
v -0.088316 -0.966070 -0.050185
v -0.088489 -0.967633 -0.050089
v -0.088534 -0.967294 -0.047676
v -0.088397 -0.965729 -0.047537
v -0.085344 -0.964915 -0.051274
v -0.085107 -0.966683 -0.050982
v -0.087062 -0.967372 -0.051205
v -0.086870 -0.965813 -0.051336
v -0.084301 -0.970730 -0.049245
v -0.085182 -0.970017 -0.049804
v -0.083232 -0.969326 -0.049548
v -0.083269 -0.970040 -0.049257
v -0.088609 -0.973848 -0.048735
v -0.088135 -0.971827 -0.049654
v -0.087255 -0.972535 -0.049091
v -0.088034 -0.974281 -0.048379
v -0.086870 -0.965458 0.008263
v -0.086423 -0.963210 0.009028
v -0.086552 -0.963497 0.006590
v -0.086949 -0.965628 0.006655
v 0.112395 -0.304159 0.166343
v 0.109959 -0.306645 0.165831
v 0.108367 -0.299149 0.163206
v 0.111096 -0.297771 0.164357
v 0.074391 -0.132174 0.106520
v 0.073932 -0.128650 0.106158
v 0.072376 -0.123662 0.102209
v 0.073848 -0.131316 0.104754
v 0.116366 -0.243760 0.195822
v 0.117348 -0.241982 0.196453
v 0.114947 -0.241576 0.197285
v 0.114725 -0.244467 0.195885
v 0.099340 -0.174950 0.227904
v 0.100321 -0.177217 0.230998
v 0.099928 -0.174797 0.232291
v 0.098690 -0.172418 0.227042
v 0.290770 -0.170180 0.292583
v 0.287319 -0.167572 0.288623
v 0.284987 -0.167259 0.288029
v 0.285617 -0.168525 0.289825
v 0.213436 -0.118979 0.200686
v 0.211315 -0.118682 0.198245
v 0.210039 -0.114549 0.197142
v 0.213661 -0.116980 0.201179
v 0.235339 -0.216040 0.228492
v 0.232685 -0.217310 0.226662
v 0.235507 -0.216616 0.226215
v 0.238012 -0.215049 0.229146
v 0.161675 -0.233111 0.230133
v 0.163929 -0.232503 0.231785
v 0.161023 -0.232898 0.232189
v 0.159085 -0.233281 0.230799
v 0.140050 -0.117262 0.158720
v 0.142867 -0.116629 0.159670
v 0.142096 -0.115878 0.157052
v 0.139093 -0.115788 0.154589
v 0.160301 -0.150517 0.224793
v 0.161666 -0.149075 0.225593
v 0.161770 -0.145262 0.225174
v 0.159694 -0.149294 0.224269
v 0.168637 -0.238304 0.173638
v 0.171544 -0.237051 0.174982
v 0.172580 -0.242100 0.176034
v 0.170045 -0.244733 0.175397
v 0.114063 -0.302893 0.168462
v 0.113346 -0.302023 0.169165
v 0.111713 -0.302744 0.169253
v 0.111572 -0.305342 0.168011
v 0.108244 -0.304891 0.166270
v 0.108344 -0.302281 0.167491
v 0.107236 -0.298276 0.165320
v 0.106666 -0.297421 0.163562
v 0.073168 -0.122288 0.107729
v 0.073380 -0.122014 0.109973
v 0.072754 -0.119477 0.109108
v 0.071619 -0.117298 0.103781
v 0.075371 -0.111714 0.102964
v 0.072580 -0.111908 0.100842
v 0.073718 -0.114066 0.106178
v 0.076358 -0.113268 0.107059
v 0.073460 -0.120918 0.099520
v 0.071917 -0.113247 0.097076
v 0.074783 -0.113089 0.099088
v 0.076077 -0.119501 0.100864
v 0.120252 -0.238506 0.199105
v 0.122378 -0.237905 0.200702
v 0.119776 -0.237900 0.201328
v 0.117853 -0.238206 0.199970
v 0.118391 -0.231984 0.203062
v 0.116528 -0.235845 0.201913
v 0.118455 -0.235643 0.203296
v 0.119012 -0.233210 0.203565
v 0.115577 -0.227755 0.203442
v 0.114567 -0.227263 0.203997
v 0.113116 -0.228966 0.203693
v 0.113716 -0.231615 0.202288
v 0.109740 -0.229483 0.197220
v 0.109542 -0.229753 0.194975
v 0.111356 -0.234391 0.198906
v 0.110760 -0.231740 0.200310
v 0.110321 -0.238356 0.192724
v 0.111460 -0.242358 0.194886
v 0.111684 -0.239468 0.196291
v 0.109866 -0.234832 0.192360
v 0.103184 -0.176965 0.232977
v 0.104623 -0.175248 0.233249
v 0.105120 -0.173125 0.233954
v 0.102744 -0.174539 0.234242
v 0.101833 -0.171368 0.233087
v 0.104201 -0.169949 0.232760
v 0.103260 -0.168164 0.228724
v 0.100634 -0.168991 0.227827
v 0.288219 -0.173782 0.294136
v 0.286451 -0.175889 0.293534
v 0.288170 -0.177691 0.294533
v 0.293385 -0.175427 0.296876
v 0.289408 -0.181518 0.290752
v 0.291702 -0.179806 0.293552
v 0.286505 -0.182094 0.291190
v 0.286735 -0.182506 0.290094
v 0.296973 -0.174854 0.295918
v 0.294703 -0.176544 0.293084
v 0.293309 -0.174257 0.291445
v 0.293551 -0.172258 0.291924
v 0.206550 -0.116339 0.193744
v 0.204043 -0.116893 0.192064
v 0.202863 -0.112317 0.191133
v 0.205264 -0.112203 0.192665
v 0.199915 -0.110974 0.192158
v 0.199627 -0.111454 0.193412
v 0.200721 -0.111673 0.194801
v 0.202341 -0.110874 0.193652
v 0.210088 -0.114127 0.200883
v 0.206479 -0.111710 0.196826
v 0.204861 -0.112506 0.197980
v 0.207755 -0.113817 0.200288
v 0.227380 -0.219111 0.222262
v 0.225148 -0.219851 0.220632
v 0.227770 -0.219456 0.219976
v 0.230220 -0.218493 0.221832
v 0.232874 -0.211425 0.220383
v 0.233895 -0.215596 0.221518
v 0.231434 -0.216616 0.219706
v 0.230414 -0.211983 0.218636
v 0.238712 -0.209883 0.225987
v 0.240088 -0.212172 0.227640
v 0.237576 -0.213755 0.224723
v 0.236591 -0.209587 0.223546
v 0.174520 -0.228159 0.237518
v 0.174288 -0.227743 0.238613
v 0.168965 -0.229879 0.236097
v 0.171864 -0.229428 0.235689
v 0.166361 -0.224741 0.237277
v 0.162726 -0.225131 0.235443
v 0.162774 -0.228698 0.235739
v 0.168087 -0.226545 0.238262
v 0.158271 -0.230120 0.233057
v 0.158222 -0.226554 0.232759
v 0.156882 -0.228000 0.231922
v 0.156314 -0.230432 0.231668
v 0.149001 -0.115883 0.163775
v 0.150431 -0.115476 0.163866
v 0.150716 -0.114993 0.162612
v 0.148254 -0.115207 0.161127
v 0.150684 -0.121229 0.160315
v 0.148176 -0.121856 0.158685
v 0.147015 -0.116851 0.157938
v 0.149461 -0.116652 0.159449
v 0.142349 -0.116943 0.155149
v 0.143442 -0.121941 0.155994
v 0.140685 -0.123221 0.154387
v 0.139238 -0.116785 0.152840
v 0.166381 -0.142599 0.227831
v 0.170017 -0.142209 0.229663
v 0.171790 -0.140104 0.230252
v 0.166510 -0.138791 0.227371
v 0.173225 -0.134925 0.226718
v 0.170332 -0.133629 0.224401
v 0.168567 -0.134889 0.225639
v 0.173855 -0.136203 0.228505
v 0.166289 -0.131826 0.218929
v 0.164869 -0.132262 0.218826
v 0.165620 -0.133316 0.221552
v 0.167391 -0.132071 0.220306
v 0.157688 -0.135375 0.220217
v 0.158618 -0.137137 0.224266
v 0.161242 -0.135750 0.223911
v 0.160479 -0.134668 0.221199
v 0.158854 -0.141255 0.225480
v 0.156237 -0.142657 0.225831
v 0.155751 -0.144793 0.225156
v 0.156763 -0.145286 0.224603
v 0.175531 -0.234331 0.177489
v 0.177998 -0.233702 0.179180
v 0.179063 -0.238339 0.180188
v 0.176609 -0.239398 0.178436
v 0.172285 -0.242205 0.181312
v 0.174603 -0.242172 0.180438
v 0.177043 -0.241165 0.182236
v 0.174401 -0.241446 0.182863
v 0.166552 -0.246639 0.178424
v 0.167260 -0.247494 0.177691
v 0.169859 -0.244880 0.178193
v 0.167534 -0.244860 0.179051
v 0.120769 -0.318027 0.086709
v 0.121655 -0.329703 0.086837
v 0.124552 -0.318018 0.089575
v 0.123009 -0.314128 0.088608
v 0.192309 -0.046866 0.147012
v 0.189537 -0.039099 0.144311
v 0.191159 -0.050735 0.149447
v 0.104072 -0.046846 0.084671
v 0.104002 -0.039099 0.080492
v 0.101840 -0.050745 0.082763
v 0.060058 -0.046879 -0.033768
v 0.063686 -0.039099 -0.032671
v 0.059821 -0.050785 -0.035353
v 0.192377 -0.046900 0.026422
v 0.193305 -0.039099 0.028993
v 0.195142 -0.050775 0.029086
v 0.119249 -0.319172 0.084517
v 0.117793 -0.315306 0.081145
v 0.117546 -0.319212 0.079563
v 0.120137 -0.330848 0.084651
v 0.124423 -0.319917 0.081729
v 0.121298 -0.331559 0.084057
v 0.118723 -0.319927 0.078954
v 0.121653 -0.316038 0.079077
v 0.122879 -0.330398 0.085945
v 0.126013 -0.318756 0.083629
v 0.126936 -0.314843 0.086236
v 0.125799 -0.318716 0.088673
v 0.189750 -0.050735 0.150184
v 0.188127 -0.039099 0.145047
v 0.188199 -0.046846 0.149227
v 0.102375 -0.039099 0.078345
v 0.098747 -0.046879 0.077248
v 0.100213 -0.050745 0.080616
v 0.064707 -0.039099 -0.033574
v 0.063779 -0.046900 -0.036146
v 0.060843 -0.050785 -0.036257
v 0.197352 -0.046866 0.033819
v 0.196416 -0.050775 0.031211
v 0.194580 -0.039099 0.031118
v 0.137285 -0.057817 -0.064127
v 0.137918 -0.063446 -0.062301
v 0.133351 -0.052115 -0.066616
v 0.170664 -0.032960 -0.080117
v 0.176123 -0.037317 -0.077699
v 0.174597 -0.038662 -0.077627
v 0.147489 -0.021357 -0.053805
v 0.150376 -0.024476 -0.047791
v 0.151735 -0.025056 -0.049599
v 0.125274 -0.041605 -0.043139
v 0.124869 -0.037091 -0.048765
v 0.126047 -0.042918 -0.044671
v 0.393185 -0.461502 0.303121
v 0.392776 -0.461422 0.303872
v 0.392333 -0.461590 0.304735
v 0.391629 -0.462580 0.305405
v 0.391037 -0.463645 0.305980
v 0.391971 -0.464955 0.305393
v 0.392890 -0.466107 0.304768
v 0.393069 -0.463887 0.303934
v 0.367578 -0.394942 0.234498
v 0.366706 -0.393785 0.232629
v 0.366703 -0.390066 0.231209
v 0.367557 -0.392489 0.233532
v 0.357538 -0.391892 0.265201
v 0.356572 -0.389569 0.263450
v 0.356101 -0.389926 0.265000
v 0.357235 -0.392131 0.266221
v 0.327220 -0.424782 0.284422
v 0.325613 -0.423061 0.283459
v 0.324450 -0.424550 0.284116
v 0.326499 -0.425782 0.284857
v 0.364642 -0.474750 0.269540
v 0.363157 -0.474248 0.268541
v 0.364793 -0.476126 0.267754
v 0.365687 -0.475958 0.269051
v 0.332384 -0.269737 0.125037
v 0.330454 -0.268656 0.128743
v 0.332143 -0.271557 0.130015
v 0.333137 -0.271045 0.126214
v 0.282156 -0.235214 0.204935
v 0.280382 -0.234306 0.208023
v 0.283110 -0.238747 0.213320
v 0.285117 -0.239786 0.209633
v 0.224777 -0.255989 0.176753
v 0.222875 -0.256880 0.175667
v 0.224906 -0.261449 0.180178
v 0.227182 -0.260505 0.181638
v 0.270539 -0.299326 0.082696
v 0.268062 -0.300996 0.081510
v 0.266791 -0.298647 0.079266
v 0.269506 -0.297537 0.080966
v 0.298221 -0.362666 0.145638
v 0.296076 -0.359111 0.141784
v 0.296662 -0.358475 0.138346
v 0.299416 -0.363276 0.143538
v 0.351366 -0.309588 0.156716
v 0.349816 -0.305602 0.152640
v 0.351965 -0.303476 0.153622
v 0.352565 -0.306769 0.156495
v 0.345020 -0.357814 0.242999
v 0.344494 -0.355560 0.241154
v 0.344033 -0.357742 0.244706
v 0.344523 -0.359037 0.245485
v 0.287860 -0.373654 0.226126
v 0.286858 -0.371976 0.224485
v 0.284466 -0.372505 0.223450
v 0.286081 -0.374692 0.225898
v 0.246554 -0.141754 0.016970
v 0.249541 -0.146425 0.021788
v 0.250996 -0.147232 0.019319
v 0.247745 -0.142422 0.015171
v 0.207803 -0.124850 0.074480
v 0.210212 -0.129406 0.079577
v 0.211866 -0.128682 0.080070
v 0.209059 -0.124159 0.074635
v 0.171625 -0.145259 0.057449
v 0.173976 -0.149905 0.060505
v 0.172922 -0.148601 0.063647
v 0.170811 -0.143953 0.058964
v 0.180696 -0.134948 -0.027738
v 0.181519 -0.139520 -0.026014
v 0.181328 -0.140578 -0.025912
v 0.135647 -0.062754 -0.060062
v 0.132258 -0.057249 -0.060283
v 0.131080 -0.051422 -0.064377
v 0.171045 -0.031591 -0.079360
v 0.175292 -0.035291 -0.075154
v 0.176504 -0.035948 -0.076943
v 0.144642 -0.021912 -0.052084
v 0.146253 -0.025697 -0.046198
v 0.147530 -0.025032 -0.046071
v 0.126440 -0.039209 -0.042190
v 0.127647 -0.038480 -0.041931
v 0.126036 -0.034695 -0.047816
v 0.363542 -0.383864 0.224106
v 0.361993 -0.379796 0.219916
v 0.363000 -0.376873 0.219755
v 0.363655 -0.380200 0.222662
v 0.363605 -0.374954 0.222058
v 0.363286 -0.376136 0.224690
v 0.363753 -0.378309 0.226455
v 0.364164 -0.378228 0.225002
v 0.366365 -0.385942 0.232106
v 0.365512 -0.383519 0.229783
v 0.365119 -0.383602 0.231248
v 0.366082 -0.385926 0.232998
v 0.354872 -0.384655 0.260784
v 0.354368 -0.382480 0.258992
v 0.353903 -0.383702 0.261505
v 0.354380 -0.385012 0.262318
v 0.351436 -0.385567 0.263159
v 0.349558 -0.386550 0.263197
v 0.350614 -0.388280 0.264753
v 0.351929 -0.386850 0.264064
v 0.355408 -0.394401 0.269256
v 0.354271 -0.392196 0.268031
v 0.352954 -0.393600 0.268800
v 0.354561 -0.395321 0.269765
v 0.321607 -0.419243 0.280655
v 0.320566 -0.417559 0.278989
v 0.318758 -0.418556 0.278830
v 0.320457 -0.420752 0.281285
v 0.319287 -0.421585 0.278664
v 0.320299 -0.422419 0.276579
v 0.322611 -0.425876 0.280462
v 0.320913 -0.423794 0.281133
v 0.328905 -0.430823 0.285003
v 0.326858 -0.429590 0.284267
v 0.328495 -0.431706 0.283578
v 0.329980 -0.432201 0.284570
v 0.360284 -0.472571 0.263738
v 0.358080 -0.469059 0.259895
v 0.359189 -0.469710 0.257753
v 0.361967 -0.474421 0.262967
v 0.363536 -0.468413 0.258370
v 0.363405 -0.471983 0.259946
v 0.360731 -0.467281 0.254718
v 0.361814 -0.464258 0.254239
v 0.367077 -0.475302 0.267379
v 0.366182 -0.475464 0.266077
v 0.366257 -0.471863 0.264536
v 0.367129 -0.473019 0.266406
v 0.332939 -0.272132 0.124153
v 0.330523 -0.273805 0.122785
v 0.329471 -0.272006 0.121078
v 0.332104 -0.270855 0.122906
v 0.326638 -0.267672 0.117016
v 0.323661 -0.262699 0.113036
v 0.326124 -0.261797 0.114778
v 0.329265 -0.266517 0.118847
v 0.330026 -0.265250 0.121453
v 0.326880 -0.260538 0.117368
v 0.325246 -0.259562 0.120528
v 0.328178 -0.264151 0.125211
v 0.277612 -0.234534 0.208820
v 0.275640 -0.235377 0.207881
v 0.278010 -0.239864 0.212799
v 0.280375 -0.238981 0.214109
v 0.280480 -0.244369 0.216002
v 0.282802 -0.248796 0.217354
v 0.285182 -0.248058 0.218516
v 0.282830 -0.243453 0.217267
v 0.288121 -0.244501 0.212799
v 0.286069 -0.243457 0.216450
v 0.288485 -0.248040 0.217683
v 0.289654 -0.247431 0.213968
v 0.221627 -0.258113 0.172914
v 0.222856 -0.259189 0.168918
v 0.225154 -0.264017 0.173263
v 0.223698 -0.262692 0.177418
v 0.227897 -0.268840 0.176366
v 0.229626 -0.272139 0.178288
v 0.228674 -0.271760 0.182125
v 0.226389 -0.267524 0.180496
v 0.227085 -0.265815 0.183004
v 0.229346 -0.270042 0.184560
v 0.231663 -0.269301 0.185894
v 0.229350 -0.264843 0.184423
v 0.265388 -0.301237 0.082118
v 0.264304 -0.300928 0.085887
v 0.262499 -0.297645 0.083927
v 0.264171 -0.298882 0.079888
v 0.258071 -0.288215 0.075861
v 0.257169 -0.285148 0.069623
v 0.262017 -0.294287 0.076155
v 0.260413 -0.293034 0.080228
v 0.264335 -0.294095 0.075413
v 0.259482 -0.284967 0.068832
v 0.264059 -0.288005 0.073152
v 0.267060 -0.292986 0.077084
v 0.293412 -0.354169 0.136534
v 0.291578 -0.350886 0.134529
v 0.292764 -0.351169 0.130814
v 0.293978 -0.353529 0.133086
v 0.296739 -0.348066 0.130051
v 0.297747 -0.349864 0.131803
v 0.295526 -0.352076 0.131177
v 0.294247 -0.349727 0.128882
v 0.297811 -0.356316 0.135844
v 0.300000 -0.354083 0.136493
v 0.301668 -0.358145 0.140501
v 0.300487 -0.361110 0.141048
v 0.347915 -0.300480 0.148394
v 0.346895 -0.298674 0.146657
v 0.349327 -0.297010 0.148006
v 0.350137 -0.298400 0.149346
v 0.349473 -0.296884 0.155228
v 0.351148 -0.299888 0.156591
v 0.351375 -0.297740 0.152819
v 0.350660 -0.296325 0.151560
v 0.353192 -0.306536 0.160867
v 0.352883 -0.308707 0.164575
v 0.353377 -0.310960 0.166395
v 0.353733 -0.309781 0.163789
v 0.341927 -0.350510 0.239128
v 0.340415 -0.347481 0.237892
v 0.339120 -0.348097 0.241510
v 0.341515 -0.352690 0.242719
v 0.334920 -0.350598 0.241819
v 0.337241 -0.355026 0.243156
v 0.339633 -0.354438 0.244077
v 0.337298 -0.349825 0.242851
v 0.341538 -0.358939 0.246979
v 0.339135 -0.359522 0.246196
v 0.340168 -0.361243 0.247731
v 0.342029 -0.360211 0.247841
v 0.283962 -0.367549 0.221960
v 0.281641 -0.363089 0.220494
v 0.279314 -0.363859 0.219279
v 0.281590 -0.368084 0.220828
v 0.278479 -0.364251 0.211954
v 0.280218 -0.367556 0.213907
v 0.279769 -0.368118 0.217385
v 0.277457 -0.363884 0.215754
v 0.285367 -0.375782 0.221003
v 0.284240 -0.375012 0.223045
v 0.282697 -0.372815 0.220585
v 0.283130 -0.372277 0.217103
v 0.252728 -0.150767 0.025753
v 0.255659 -0.155343 0.030479
v 0.257321 -0.156305 0.027332
v 0.254146 -0.151593 0.023265
v 0.254187 -0.158701 0.023041
v 0.251607 -0.154255 0.019612
v 0.253498 -0.153082 0.020714
v 0.256667 -0.157804 0.024754
v 0.247143 -0.143726 0.013962
v 0.250423 -0.148569 0.017919
v 0.248472 -0.149717 0.017017
v 0.245667 -0.145093 0.013853
v 0.212909 -0.133613 0.084042
v 0.215271 -0.138083 0.089033
v 0.217280 -0.137276 0.089933
v 0.214523 -0.132843 0.084583
v 0.221648 -0.137838 0.086042
v 0.218680 -0.133283 0.081297
v 0.217120 -0.132527 0.083748
v 0.219835 -0.136952 0.089109
v 0.212008 -0.123869 0.073444
v 0.214770 -0.128381 0.078892
v 0.216375 -0.129109 0.076466
v 0.213343 -0.124464 0.071623
v 0.176175 -0.154216 0.064960
v 0.178287 -0.158570 0.068631
v 0.177106 -0.157485 0.072650
v 0.175052 -0.152923 0.068073
v 0.179964 -0.154995 0.076159
v 0.177564 -0.150489 0.071207
v 0.176017 -0.151306 0.070525
v 0.178026 -0.155858 0.075107
v 0.173437 -0.141798 0.061459
v 0.172250 -0.142546 0.061177
v 0.174301 -0.147181 0.065865
v 0.175886 -0.146398 0.066507
v 0.223826 -0.218779 0.020945
v 0.224832 -0.219197 0.021711
v 0.228421 -0.221823 0.025228
v 0.222460 -0.222114 0.027929
v 0.221636 -0.219570 0.022796
v 0.221535 -0.219052 0.021679
v 0.186185 -0.160810 0.019263
v 0.188864 -0.165339 0.019775
v 0.188577 -0.165449 0.022336
v 0.225880 -0.156835 0.003059
v 0.228734 -0.161481 0.006041
v 0.226703 -0.161407 0.004782
v 0.205351 -0.178444 -0.005555
v 0.203238 -0.179638 -0.006570
v 0.203320 -0.178370 -0.006814
v 0.200919 -0.175982 -0.007783
v 0.200836 -0.177250 -0.007538
v 0.200728 -0.177039 -0.007680
v 0.203438 -0.182309 -0.004116
v 0.203330 -0.182098 -0.004258
v 0.204445 -0.182727 -0.003350
v 0.205351 -0.178444 -0.005555
v 0.204353 -0.180267 -0.005661
v 0.203238 -0.179638 -0.006570
v 0.234048 -0.170567 0.012644
v 0.230460 -0.167941 0.009127
v 0.231457 -0.166118 0.009233
v 0.191201 -0.170484 0.025016
v 0.192517 -0.172289 0.023567
v 0.193341 -0.174833 0.028699
v 0.199823 -0.178634 -0.002518
v 0.200928 -0.179711 -0.005227
v 0.201139 -0.180439 -0.003967
v 0.203540 -0.182827 -0.002999
v 0.203330 -0.182098 -0.004258
v 0.203438 -0.182309 -0.004116
v 0.179118 -0.140430 -0.023760
v 0.178408 -0.139455 -0.023469
v 0.175729 -0.134926 -0.023981
v 0.200836 -0.177250 -0.007538
v 0.200018 -0.176064 -0.007389
v 0.200728 -0.177039 -0.007680
v 0.200110 -0.178524 -0.005078
v 0.200928 -0.179711 -0.005227
v 0.199823 -0.178634 -0.002518
v 0.039715 -0.010880 -0.035169
v 0.077634 -0.005688 -0.041961
v 0.064479 -0.006519 -0.013662
v 0.038447 -0.011025 -0.011694
v -0.013188 -0.344861 0.007508
v 0.035985 -0.294090 -0.016213
v 0.058808 -0.298828 0.031328
v -0.021326 -0.281812 0.062737
v -0.038050 -0.276065 -0.007668
v 0.035984 -0.010672 -0.032189
v 0.040728 -0.007224 -0.032024
v 0.083847 -0.009089 -0.044647
v 0.080337 -0.008485 -0.048913
v 0.063234 -0.010205 -0.010095
v 0.066758 -0.009517 -0.014139
v 0.042164 -0.010992 -0.008692
v 0.042559 -0.007385 -0.011748
v 0.034642 -0.299901 -0.015415
v 0.028619 -0.298575 -0.019133
v 0.031911 -0.292974 -0.019075
v 0.054808 -0.304278 0.030803
v 0.056838 -0.304647 0.025161
v 0.061682 -0.299426 0.026398
v -0.021770 -0.288423 0.059230
v -0.017394 -0.289192 0.062578
v -0.017147 -0.282953 0.064937
v -0.037254 -0.283157 -0.005013
v -0.040451 -0.282641 -0.001258
v -0.040782 -0.275500 -0.003366
vn -0.1179 0.8902 0.4400
vn -0.2516 0.5845 0.7714
vn -0.2365 0.5961 0.7673
vn -0.4320 0.9013 -0.0327
vn -0.8662 0.4845 -0.1228
vn -0.8649 0.4966 -0.0728
vn 0.1944 0.5771 -0.7932
vn 0.0319 -0.1719 -0.9846
vn -0.0071 -0.1619 -0.9868
vn 0.7386 0.6418 -0.2064
vn 0.9925 -0.0217 -0.1206
vn 0.9836 -0.0469 -0.1741
vn -0.5418 -0.0715 0.8375
vn -0.3908 -0.6664 0.6350
vn -0.4974 -0.0647 0.8651
vn -0.9672 -0.2477 -0.0561
vn -0.7209 -0.6923 -0.0314
vn -0.9718 -0.2359 -0.0013
vn -0.0330 -0.3436 -0.9385
vn -0.1484 -0.7753 -0.6139
vn -0.0746 -0.3447 -0.9358
vn 0.9414 -0.2708 -0.2010
vn 0.5956 -0.8008 -0.0628
vn 0.9289 -0.2755 -0.2474
vn -0.1565 -0.6806 0.7158
vn -0.0728 -0.0717 0.9948
vn -0.1311 -0.0648 0.9893
vn 0.0342 0.2478 0.9682
vn 0.0708 0.2727 0.9595
vn 0.2512 0.2960 0.9216
vn 0.2204 0.2864 0.9324
vn 0.4963 -0.6919 0.5245
vn 0.7116 -0.1847 0.6779
vn 0.6657 -0.1749 0.7254
vn 0.6826 0.0223 0.7305
vn 0.7336 -0.0110 0.6795
vn 0.7234 0.1076 0.6820
vn 0.6664 0.1400 0.7323
vn -0.9651 0.0585 0.2553
vn -0.9536 -0.0610 0.2948
vn -0.7556 -0.0165 0.6549
vn -0.7320 0.1234 0.6701
vn 0.7836 0.0078 0.6213
vn 0.8454 -0.0451 0.5323
vn 0.9716 -0.1915 0.1390
vn 0.9382 -0.1986 0.2835
vn -0.4536 -0.2673 -0.8502
vn -0.4150 -0.3366 -0.8452
vn -0.9022 -0.2266 -0.3669
vn -0.9179 -0.0654 -0.3914
vn 0.8347 -0.3606 -0.4162
vn 0.8138 -0.2822 -0.5080
vn 0.3435 -0.3676 -0.8642
vn 0.3621 -0.4392 -0.8222
vn -0.1674 0.0713 0.9833
vn -0.1232 0.2249 0.9665
vn -0.3458 0.2072 0.9151
vn -0.3699 0.0607 0.9271
vn 0.5278 -0.0124 0.8493
vn 0.4410 0.1168 0.8899
vn 0.1734 0.2090 0.9624
vn 0.2452 0.0277 0.9691
vn -0.4413 0.8525 0.2802
vn -0.7534 0.5908 0.2887
vn -0.4453 0.5654 0.6943
vn 0.7034 -0.6677 0.2438
vn 0.9591 -0.2637 0.1032
vn 0.8267 -0.2166 0.5193
vn -0.2225 0.7274 -0.6491
vn -0.3801 0.0854 -0.9210
vn -0.8016 0.3995 -0.4447
vn 0.5734 0.4562 -0.6805
vn 0.9071 -0.1081 -0.4068
vn 0.4833 -0.1757 -0.8576
vn -0.7557 -0.1341 0.6410
vn -0.9516 -0.2106 0.2240
vn -0.6481 -0.6563 0.3863
vn 0.9278 -0.2246 0.2978
vn 0.9513 -0.1059 0.2895
vn 0.7690 0.0837 0.6338
vn 0.7646 -0.0363 0.6435
vn -0.8647 -0.3295 -0.3791
vn -0.4057 -0.3800 -0.8313
vn -0.5786 -0.6399 -0.5058
vn 0.3211 -0.3824 -0.8664
vn 0.8011 -0.3379 -0.4940
vn 0.3630 -0.8063 -0.4670
vn -0.5392 0.1855 0.8215
vn -0.5561 0.0570 0.8292
vn -0.5146 0.0463 0.8562
vn -0.5036 0.1888 0.8431
vn -0.9984 0.0556 -0.0033
vn -0.9908 -0.1331 -0.0235
vn -0.9921 -0.1222 0.0274
vn -0.9976 0.0511 0.0472
vn -0.0464 -0.3633 -0.9305
vn -0.0401 -0.3540 -0.9344
vn -0.0659 -0.3205 -0.9450
vn -0.0721 -0.3255 -0.9428
vn 0.9282 -0.3291 -0.1735
vn 0.9422 -0.2656 -0.2042
vn 0.9386 -0.2134 -0.2709
vn 0.9266 -0.2888 -0.2409
vn -0.0259 0.2212 0.9749
vn -0.0938 0.0661 0.9934
vn -0.0351 0.0832 0.9959
vn 0.0283 0.2476 0.9685
vn -0.2897 -0.6065 0.7404
vn -0.1881 -0.0641 0.9801
vn -0.3645 -0.0643 0.9290
vn -0.0765 0.2511 0.9649
vn -0.0489 0.3611 0.9312
vn -0.2578 0.3809 0.8879
vn -0.2830 0.2800 0.9173
vn 0.6667 0.0354 0.7445
vn 0.6648 -0.0732 0.7435
vn 0.7230 -0.0179 0.6906
vn 0.7285 0.0715 0.6813
vn 0.1716 -0.6876 0.7055
vn 0.5778 -0.1633 0.7997
vn 0.2481 -0.1219 0.9610
vn 0.4466 0.1458 0.8827
vn 0.4205 0.2528 0.8714
vn 0.2093 0.3121 0.9267
vn 0.1880 0.2422 0.9518
vn -0.4300 0.2355 0.8716
vn -0.2284 0.3739 0.8989
vn -0.2828 0.3155 0.9058
vn -0.4901 0.1479 0.8590
vn -0.9965 0.0819 -0.0158
vn -0.9733 0.1646 -0.1598
vn -0.9581 0.2232 -0.1794
vn -0.9824 0.1866 -0.0092
vn -0.0812 -0.3538 -0.9318
vn -0.0621 -0.3047 -0.9504
vn -0.0279 -0.3155 -0.9485
vn -0.0492 -0.3642 -0.9300
vn 0.9110 -0.3955 -0.1169
vn 0.8819 -0.4439 -0.1586
vn 0.9435 -0.3136 -0.1068
vn 0.9624 -0.2652 -0.0581
vn 0.3337 0.4772 0.8129
vn 0.2575 0.9001 0.3515
vn 0.3057 0.4950 0.8134
vn 0.6632 0.3753 0.6475
vn 0.3895 0.8374 0.3834
vn 0.5926 0.4042 0.6967
vn -0.9740 0.0632 0.2177
vn -0.6783 0.1208 0.7248
vn -0.6195 0.2523 0.7433
vn -0.9332 0.2542 0.2541
vn -0.4254 -0.2532 -0.8688
vn -0.8969 0.0145 -0.4421
vn -0.8786 0.1281 -0.4601
vn -0.4311 -0.1499 -0.8898
vn 0.8104 -0.4880 -0.3243
vn 0.3716 -0.4896 -0.7888
vn 0.4168 -0.4096 -0.8115
vn 0.8526 -0.3900 -0.3477
vn 0.9610 0.1595 0.2260
vn 0.6808 0.7251 0.1033
vn 0.7380 0.3486 0.5778
vn 0.0080 0.5837 0.8119
vn 0.1138 0.9245 0.3637
vn -0.2439 0.6057 0.7574
vn 0.3453 0.4803 0.8062
vn 0.3113 0.8308 0.4614
vn 0.2086 0.4954 0.8432
vn 0.1598 -0.0547 -0.9856
vn 0.2391 0.0416 -0.9701
vn 0.1486 0.0756 -0.9860
vn -0.2180 0.0211 -0.9757
vn -0.2217 -0.0570 -0.9735
vn 0.9072 0.3368 0.2522
vn 0.9457 0.2451 0.2136
vn 0.9559 0.2243 0.1894
vn 0.9195 0.3187 0.2302
vn 0.0138 0.3913 0.9201
vn -0.1093 0.2778 0.9544
vn -0.0505 0.3101 0.9494
vn 0.0735 0.4238 0.9028
vn -0.9967 0.0403 -0.0698
vn -0.9954 -0.0961 0.0025
vn -0.9958 -0.0916 0.0068
vn -0.9968 -0.0700 0.0392
vn -0.9938 0.0545 0.0971
vn -0.3207 0.8346 0.4478
vn 0.0440 0.9192 0.3913
vn 0.3486 0.9244 0.1551
vn 0.4686 0.8296 -0.3036
vn -0.1071 0.5754 -0.8109
vn -0.6251 0.4806 -0.6151
vn -0.8130 0.5329 -0.2346
vn -0.7389 0.6549 0.1585
vn -0.6834 -0.5926 0.4263
vn 0.0978 -0.7614 0.6409
vn -0.6675 -0.5745 0.4738
vn 0.5674 -0.2357 -0.7890
vn 0.8501 -0.4400 -0.2892
vn 0.5395 -0.2499 -0.8040
vn 0.9688 0.0681 0.2381
vn 0.9521 -0.1546 0.2637
vn 0.9845 0.0544 0.1667
vn 0.6079 -0.2641 0.7488
vn 0.3401 0.0138 0.9403
vn 0.3019 -0.0012 0.9533
vn 0.2763 -0.1709 -0.9457
vn 0.2444 -0.2038 -0.9480
vn 0.2637 -0.1914 -0.9454
vn 0.2979 -0.1517 -0.9425
vn 0.9647 0.0061 0.2631
vn 0.8818 0.1986 0.4279
vn 0.9635 0.1527 0.2199
vn 0.9854 0.0154 0.1698
vn -0.3051 -0.1792 0.9353
vn -0.2017 -0.1648 0.9655
vn -0.1919 -0.2157 0.9574
vn -0.2937 -0.2264 0.9287
vn -0.9897 -0.1211 -0.0761
vn -0.9777 -0.1455 -0.1517
vn -0.9929 -0.0800 -0.0879
vn -0.9968 -0.0719 -0.0348
vn 0.4602 -0.2640 -0.8477
vn 0.4196 -0.2223 -0.8801
vn 0.2861 -0.2601 -0.9222
vn 0.3425 -0.3175 -0.8842
vn 0.9753 -0.0190 0.2199
vn 0.9898 -0.0877 0.1126
vn 0.9817 -0.0653 0.1787
vn 0.9538 0.0080 0.3002
vn -0.0143 0.2499 0.9682
vn 0.1055 0.2806 0.9540
vn 0.1271 0.1779 0.9758
vn -0.0112 0.1165 0.9931
vn -0.9588 -0.2117 -0.1895
vn -0.9785 -0.1868 -0.0872
vn -0.9731 -0.2218 -0.0631
vn -0.9440 -0.2726 -0.1861
vn 0.2665 -0.0811 -0.9604
vn 0.2814 -0.0884 -0.9555
vn 0.3165 -0.0825 -0.9450
vn 0.2847 -0.0757 -0.9556
vn 0.2588 -0.0749 -0.9630
vn 0.9547 0.2322 0.1861
vn 0.9601 0.2293 0.1603
vn 0.9664 0.2143 0.1422
vn 0.9617 0.2162 0.1684
vn -0.1571 0.2794 0.9472
vn -0.2276 0.2571 0.9392
vn -0.1823 0.2843 0.9412
vn -0.1084 0.3068 0.9456
vn -0.9948 -0.0983 -0.0277
vn -0.9936 -0.1045 -0.0435
vn -0.9964 -0.0825 -0.0188
vn -0.9971 -0.0764 0.0057
vn -0.9960 -0.0896 0.0018
vn 0.7295 -0.1839 -0.6588
vn 0.6881 -0.2391 -0.6850
vn 0.9670 -0.1447 -0.2097
vn 0.9863 -0.0865 -0.1404
vn 0.8517 0.0633 0.5201
vn 0.8014 0.0135 0.5979
vn 0.3768 0.1243 0.9179
vn 0.5199 0.0950 0.8490
vn -0.1775 -0.1669 0.9699
vn -0.3276 0.0391 0.9440
vn -0.8544 -0.2335 0.4643
vn -0.6751 -0.4297 0.5996
vn -0.6387 -0.7449 -0.1929
vn -0.7100 -0.5251 -0.4693
vn 0.0178 -0.3759 -0.9265
vn -0.0099 -0.5703 -0.8214
vn 0.9834 0.0985 -0.1521
vn 0.6550 -0.0375 -0.7547
vn 0.6177 -0.0294 -0.7859
vn 0.9698 0.1067 -0.2191
vn 0.8045 0.2308 0.5473
vn 0.1838 0.2192 0.9582
vn 0.1605 -0.0464 0.9859
vn 0.8151 0.0203 0.5790
vn -0.5399 0.1036 0.8353
vn -0.9335 -0.0199 0.3581
vn -0.9470 -0.0962 0.3066
vn -0.5859 -0.0693 0.8074
vn -0.1393 -0.2113 -0.9674
vn -0.8433 -0.1743 -0.5084
vn -0.8596 -0.1469 -0.4894
vn -0.1645 -0.1567 -0.9738
vn -0.7861 -0.2774 -0.5524
vn -0.8234 -0.2372 -0.5155
vn -0.1620 -0.2832 -0.9453
vn -0.1134 -0.3127 -0.9430
vn 0.6441 -0.2373 -0.7272
vn 0.5934 -0.1297 -0.7944
vn 0.9857 -0.0140 -0.1682
vn 0.9825 -0.1433 -0.1188
vn 0.8511 0.0195 0.5246
vn 0.8067 -0.0646 0.5874
vn 0.2615 -0.0575 0.9635
vn 0.3887 0.1071 0.9151
vn -0.4496 0.0217 0.8929
vn -0.5578 -0.1441 0.8174
vn -0.9611 -0.1422 0.2367
vn -0.9469 -0.1488 0.2850
vn 0.9467 0.1778 -0.2685
vn 0.9641 0.1717 -0.2027
vn 0.5914 0.0435 -0.8052
vn 0.5029 0.0513 -0.8628
vn 0.2790 0.3301 0.9018
vn 0.2373 0.3297 0.9138
vn 0.7973 0.3060 0.5203
vn 0.8071 0.3064 0.5047
vn -0.9072 0.0480 0.4180
vn -0.9387 0.0165 0.3444
vn -0.4871 0.2390 0.8400
vn -0.4046 0.2661 0.8749
vn -0.2763 -0.0173 -0.9609
vn -0.4019 -0.0558 -0.9140
vn -0.2908 -0.2504 -0.9234
vn -0.9277 -0.2346 -0.2904
vn -0.8661 -0.1400 -0.4799
vn -0.9842 -0.0246 -0.1754
vn -0.9304 0.0021 -0.3665
vn 0.0199 0.1407 -0.9899
vn 0.3165 0.0881 -0.9445
vn 0.8774 0.3046 -0.3707
vn 0.9450 0.1442 -0.2935
vn 0.4161 -0.0461 -0.9081
vn 0.7717 0.4118 0.4847
vn 0.3267 0.4432 0.8348
vn 0.3113 0.3624 0.8785
vn 0.7973 0.3233 0.5097
vn -0.3516 0.3685 0.8606
vn -0.8674 0.1913 0.4593
vn -0.8926 0.0658 0.4461
vn -0.3819 0.2378 0.8931
vn -0.1013 -0.3028 -0.9476
vn -0.8108 -0.2810 -0.5135
vn -0.7888 -0.2793 -0.5475
vn -0.1036 -0.2989 -0.9486
vn -0.4765 -0.8783 -0.0393
vn 0.2281 -0.6444 -0.7299
vn 0.2887 -0.9570 -0.0290
vn 0.7402 -0.1838 -0.6468
vn 0.9832 -0.0430 -0.1773
vn 0.9379 -0.2082 -0.2774
vn 0.8732 0.0624 0.4834
vn 0.5579 0.0366 0.8291
vn 0.7826 -0.2085 0.5866
vn 0.5308 -0.2352 -0.8142
vn 0.5373 -0.2267 -0.8124
vn 0.5494 -0.2513 -0.7969
vn 0.5099 -0.2455 -0.8244
vn 0.9808 -0.0356 0.1919
vn 0.9782 0.0116 0.2073
vn 0.9887 0.0165 0.1493
vn 0.9912 -0.0468 0.1236
vn 0.1841 0.1733 0.9675
vn 0.2756 0.0498 0.9600
vn 0.2948 0.0884 0.9515
vn 0.2160 0.1877 0.9582
vn -0.9516 -0.3027 0.0538
vn -0.8160 -0.4943 0.2996
vn -0.8205 -0.4716 0.3232
vn -0.9546 -0.2874 0.0788
vn 0.0455 -0.5468 0.8360
vn -0.0145 -0.2142 0.9767
vn -0.5049 -0.4983 0.7048
vn 0.6587 -0.0376 -0.7515
vn 0.9842 0.1487 -0.0963
vn 0.9821 0.1255 -0.1406
vn 0.5985 -0.0707 -0.7980
vn 0.8102 -0.1058 0.5765
vn 0.1355 -0.2241 0.9651
vn 0.1944 -0.2206 0.9558
vn 0.8235 -0.1022 0.5580
vn -0.5836 -0.1577 0.7966
vn -0.9534 -0.1080 0.2818
vn -0.9552 -0.1098 0.2747
vn -0.5636 -0.1609 0.8102
vn -0.6728 -0.7379 -0.0541
vn 0.1828 -0.0619 -0.9812
vn -0.4876 -0.1306 -0.8633
vn -0.1768 -0.1182 -0.9771
vn -0.8696 -0.1384 -0.4739
vn -0.6573 -0.1338 -0.7417
vn 0.3151 -0.1053 -0.9432
vn 0.3033 -0.1484 -0.9413
vn 0.2765 -0.1623 -0.9472
vn 0.2867 -0.1102 -0.9517
vn 0.9686 0.1929 0.1566
vn 0.9812 0.1060 0.1611
vn 0.9840 0.1051 0.1437
vn 0.9774 0.1613 0.1370
vn -0.2664 0.1506 0.9520
vn -0.3137 -0.0715 0.9468
vn -0.2824 -0.0710 0.9567
vn -0.2293 0.1692 0.9585
vn -0.9953 -0.0851 -0.0465
vn -0.9951 -0.0849 -0.0510
vn -0.9945 -0.1004 -0.0307
vn -0.9943 -0.1034 -0.0265
vn -0.1785 -0.2606 -0.9488
vn -0.8400 -0.2253 -0.4936
vn -0.8315 -0.2238 -0.5085
vn -0.1416 -0.2526 -0.9572
vn 0.6733 -0.2928 -0.6789
vn 0.9693 -0.1804 -0.1669
vn 0.9542 -0.1956 -0.2265
vn 0.6700 -0.3005 -0.6788
vn 0.8527 0.0333 0.5214
vn 0.4205 0.0802 0.9037
vn 0.3236 0.0996 0.9409
vn 0.7809 0.0447 0.6231
vn -0.3567 0.1807 0.9166
vn -0.9246 -0.1127 0.3639
vn -0.9419 -0.1492 0.3008
vn -0.4356 0.1495 0.8876
vn 0.2707 -0.1980 -0.9421
vn 0.2854 -0.2414 -0.9275
vn 0.2575 -0.2626 -0.9299
vn 0.2476 -0.2335 -0.9403
vn 0.9528 0.0146 0.3032
vn 0.9566 -0.0012 0.2915
vn 0.9736 -0.0322 0.2260
vn 0.9693 0.0047 0.2457
vn -0.1683 -0.1101 0.9796
vn -0.0929 0.0890 0.9917
vn -0.0430 0.1362 0.9897
vn -0.1131 -0.0490 0.9924
vn -0.9744 -0.1483 -0.1690
vn -0.9579 -0.2035 -0.2027
vn -0.9645 -0.1996 -0.1728
vn -0.9840 -0.1225 -0.1295
vn 0.6137 -0.0020 -0.7895
vn 0.9655 0.1557 -0.2087
vn 0.9643 0.1521 -0.2168
vn 0.6155 -0.0039 -0.7881
vn 0.7946 0.3254 0.5125
vn 0.2191 0.3576 0.9078
vn 0.2100 0.3525 0.9119
vn 0.8025 0.3204 0.5034
vn -0.5182 0.2067 0.8299
vn -0.9427 0.0287 0.3325
vn -0.9347 0.0344 0.3536
vn -0.5047 0.2060 0.8383
vn 0.2114 -0.7185 -0.6627
vn -0.9930 -0.0958 -0.0688
vn -0.9483 -0.0737 -0.3087
vn -0.9724 -0.0341 -0.2310
vn -0.5556 0.0426 -0.8303
vn -0.3780 0.0070 -0.9258
vn 0.2533 -0.0338 -0.9668
vn 0.2550 0.0313 -0.9664
vn 0.2665 -0.0753 -0.9609
vn 0.2575 0.0222 -0.9660
vn 0.2847 0.0015 -0.9586
vn 0.2531 -0.1135 -0.9608
vn 0.9529 0.2242 0.2043
vn 0.9550 0.2204 0.1983
vn 0.9572 0.2338 0.1708
vn 0.9555 0.2365 0.1764
vn -0.1235 0.3108 0.9424
vn -0.1338 0.3144 0.9398
vn -0.0977 0.2755 0.9563
vn -0.0857 0.2720 0.9585
vn -0.6878 -0.7259 0.0006
vn -0.9954 -0.0955 -0.0012
vn -0.9973 -0.0733 0.0036
vn -0.9957 -0.0909 0.0161
vn -0.9956 -0.0917 0.0215
vn -0.9976 -0.0696 0.0017
vn 0.2522 0.0081 -0.9676
vn 0.2386 0.0437 -0.9701
vn 0.1026 0.1041 -0.9893
vn -0.1559 0.0505 -0.9865
vn 0.1186 -0.1486 -0.9818
vn -0.2739 -0.1357 -0.9521
vn 0.0156 -0.1634 -0.9864
vn 0.2635 -0.0752 -0.9617
vn -0.9318 -0.2612 -0.2520
vn -0.9955 -0.0948 -0.0006
vn -0.9730 -0.1535 -0.1726
vn -0.9133 -0.1314 -0.3855
vn -0.9965 -0.0832 -0.0005
vn -0.9954 -0.0678 -0.0677
vn -0.9961 -0.0222 -0.0855
vn -0.9911 0.0415 -0.1268
vn -0.8123 -0.2576 -0.5233
vn -0.8017 -0.2674 -0.5346
vn -0.8608 -0.2895 -0.4186
vn 0.1970 -0.6231 -0.7569
vn 0.2202 -0.6070 -0.7636
vn -0.0186 -0.6029 -0.7976
vn -0.5499 -0.5044 -0.6657
vn 0.9737 0.1727 0.1484
vn 0.9980 0.0162 -0.0618
vn 0.9986 -0.0242 -0.0469
vn 0.9759 0.1350 0.1716
vn 0.2500 0.6655 0.7033
vn 0.3305 0.6476 0.6866
vn 0.3450 0.6348 0.6914
vn 0.2584 0.6524 0.7125
vn -0.9908 0.1351 -0.0073
vn -0.9482 -0.1422 -0.2841
vn -0.9850 0.0222 -0.1713
vn -0.9809 0.1947 -0.0038
vn -0.0158 0.7749 -0.6319
vn 0.0023 0.7939 -0.6081
vn 0.0444 0.7942 -0.6060
vn 0.0510 0.7722 -0.6334
vn 0.0241 0.7633 -0.6456
vn 0.0023 0.7616 -0.6480
vn 0.1805 -0.6186 -0.7647
vn -0.0618 -0.6557 -0.7525
vn 0.0663 -0.7261 -0.6844
vn 0.2595 -0.7028 -0.6624
vn 0.8793 -0.3668 0.3038
vn 0.9368 -0.2527 0.2420
vn 0.9281 -0.3344 0.1636
vn 0.8745 -0.4273 0.2296
vn 0.3256 0.3162 0.8911
vn 0.3523 0.3089 0.8835
vn 0.3449 0.2543 0.9036
vn 0.3248 0.2650 0.9079
vn -0.9567 -0.1705 -0.2359
vn -0.9860 -0.1351 -0.0972
vn -0.9861 -0.1319 -0.1009
vn -0.9975 0.0029 -0.0712
vn -0.8818 -0.3668 0.2966
vn -0.9989 0.0110 -0.0455
vn 0.3354 -0.8159 -0.4711
vn -0.1195 -0.9905 0.0685
vn 0.3160 -0.8187 -0.4795
vn 0.8051 -0.5931 0.0081
vn 0.2084 -0.8899 0.4058
vn 0.7980 -0.6026 -0.0124
vn 0.2001 -0.6044 -0.7711
vn 0.2294 -0.6014 -0.7654
vn 0.2410 -0.6025 -0.7609
vn 0.2144 -0.6055 -0.7664
vn 0.3707 -0.7703 -0.5189
vn 0.3738 -0.7777 -0.5055
vn 0.3538 -0.7704 -0.5303
vn 0.2098 -0.7513 -0.6258
vn 0.2341 -0.7510 -0.6174
vn 0.2317 -0.7585 -0.6091
vn 0.9644 -0.2132 0.1564
vn 0.9462 -0.3089 -0.0962
vn 0.8678 -0.4946 0.0476
vn 0.8824 -0.3860 0.2692
vn 0.2983 0.2967 0.9072
vn 0.1473 0.2506 0.9568
vn 0.3276 0.4361 0.8381
vn 0.4038 0.4411 0.8015
vn -0.9649 -0.1174 -0.2350
vn -0.9980 -0.0481 -0.0410
vn -0.9796 -0.1995 0.0239
vn -0.9653 -0.2593 -0.0325
vn -0.8248 -0.0239 -0.5649
vn -0.9278 0.2205 -0.3009
vn -0.5315 0.5679 -0.6286
vn -0.1863 0.2650 -0.9461
vn -0.0557 -0.4053 -0.9125
vn -0.6000 -0.2217 -0.7686
vn 0.9439 0.0898 -0.3179
vn 0.5720 -0.3316 -0.7502
vn 0.5599 0.4368 -0.7041
vn 0.4592 0.8753 -0.1517
vn 0.5223 0.7230 0.4522
vn 0.8799 0.4374 0.1859
vn -0.8235 0.5466 0.1520
vn -0.1678 0.8352 0.5237
vn -0.3393 0.9350 -0.1035
vn 0.9285 -0.2924 -0.2289
vn 0.8948 -0.4270 -0.1308
vn 0.5399 -0.6714 -0.5076
vn 0.5688 -0.5714 -0.5915
vn 0.5958 0.4565 0.6607
vn 0.5593 0.2417 0.7929
vn 0.8887 -0.1062 0.4461
vn 0.9428 0.1303 0.3069
vn -0.9108 0.3025 0.2811
vn -0.9396 0.0798 0.3328
vn -0.2355 0.4015 0.8851
vn -0.1660 0.6250 0.7628
vn 0.5002 -0.7802 -0.3756
vn 0.5654 -0.7662 -0.3053
vn 0.7935 -0.6020 -0.0894
vn 0.7335 -0.6548 -0.1821
vn 0.6825 -0.2718 0.6785
vn 0.8773 -0.2202 0.4265
vn 0.3951 0.1132 0.9116
vn -0.7953 0.2658 0.5448
vn 0.1116 0.2806 -0.9533
vn 0.1921 -0.4207 -0.8867
vn 0.2043 -0.4167 -0.8858
vn 0.8027 -0.5893 -0.0911
vn 0.8091 -0.5749 -0.1221
vn 0.4450 -0.7302 -0.5184
vn 0.3074 -0.7386 -0.5999
vn 0.4178 -0.7953 -0.4392
vn 0.5721 0.1235 0.8108
vn 0.6682 0.2280 0.7082
vn 0.9114 -0.1160 0.3948
vn 0.8358 -0.2044 0.5097
vn -0.9339 -0.0084 0.3574
vn -0.8847 -0.0364 0.4648
vn -0.1344 0.2098 0.9685
vn -0.2644 0.2030 0.9428
vn 0.2386 -0.6922 -0.6812
vn 0.1438 -0.6884 -0.7110
vn 0.0922 -0.6385 -0.7641
vn 0.1946 -0.6527 -0.7322
vn -0.5361 -0.7110 -0.4551
vn -0.8573 -0.4392 -0.2686
vn -0.1407 -0.7172 -0.6825
vn 0.3052 -0.7756 -0.5525
vn -0.4729 -0.7017 -0.5329
vn -0.7617 -0.0568 -0.6454
vn -0.3961 0.5088 -0.7643
vn -0.3828 0.4967 -0.7789
vn -0.7550 -0.0631 -0.6527
vn -0.6226 -0.4070 -0.6684
vn -0.1429 -0.5935 -0.7921
vn -0.5640 -0.4830 -0.6697
vn 0.2560 -0.3761 -0.8905
vn 0.1371 0.3687 -0.9194
vn 0.1716 0.3089 -0.9355
vn 0.2645 -0.4304 -0.8630
vn 0.5448 -0.5218 -0.6564
vn 0.9565 -0.1862 -0.2247
vn 0.9575 -0.1886 -0.2183
vn 0.5890 -0.5069 -0.6294
vn 0.9116 0.4110 0.0054
vn 0.4683 0.7682 -0.4365
vn 0.5465 0.7509 -0.3707
vn 0.9328 0.3511 0.0814
vn 0.9297 0.2835 0.2353
vn 0.6078 0.5517 0.5711
vn 0.5574 0.5686 0.6050
vn 0.9208 0.2934 0.2569
vn 0.2273 0.8317 0.5065
vn 0.1304 0.9746 -0.1820
vn 0.1054 0.9844 -0.1411
vn 0.2102 0.8145 0.5408
vn -0.1944 0.7341 0.6506
vn -0.8906 0.4098 0.1971
vn -0.8930 0.4062 0.1935
vn -0.1511 0.7336 0.6625
vn -0.9355 0.3498 -0.0498
vn -0.5163 0.7450 -0.4224
vn -0.4270 0.7567 -0.4950
vn -0.9000 0.4178 -0.1239
vn -0.9157 -0.2197 -0.3366
vn -0.9723 -0.0514 -0.2279
vn -0.8687 -0.2073 -0.4499
vn 0.5379 -0.7144 -0.4475
vn 0.8845 -0.4644 -0.0439
vn 0.8498 -0.5208 -0.0810
vn 0.4631 -0.7418 -0.4851
vn 0.8082 -0.2484 0.5340
vn 0.5172 0.0998 0.8500
vn 0.5485 0.0606 0.8340
vn 0.8104 -0.2697 0.5201
vn -0.2042 0.2961 0.9331
vn -0.9324 0.0275 0.3603
vn -0.9443 0.0038 0.3290
vn -0.2338 0.2711 0.9337
vn 0.2343 -0.6450 -0.7274
vn 0.2279 -0.7151 -0.6608
vn 0.2121 -0.7158 -0.6654
vn 0.2156 -0.6459 -0.7324
vn 0.9913 -0.1311 -0.0084
vn 0.9376 -0.3234 0.1275
vn 0.9549 -0.2882 0.0709
vn 0.9914 -0.1229 -0.0447
vn 0.3375 0.5552 0.7601
vn 0.3262 0.3894 0.8614
vn 0.3396 0.3972 0.8526
vn 0.3520 0.5678 0.7441
vn -0.9596 -0.1291 -0.2501
vn -0.9872 -0.1153 -0.1103
vn -0.9876 -0.0487 -0.1491
vn -0.2431 -0.5894 -0.7704
vn -0.8699 -0.3027 -0.3893
vn -0.6814 -0.3650 -0.6344
vn -0.9902 -0.0567 -0.1273
vn -0.5630 -0.6833 -0.4649
vn -0.5776 -0.8019 -0.1528
vn 0.4752 -0.7964 -0.3742
vn 0.7051 -0.6933 -0.1490
vn 0.1599 -0.9714 0.1757
vn 0.6989 -0.2624 0.6653
vn 0.1864 0.2251 0.9563
vn 0.3124 -0.5578 0.7689
vn 0.3551 -0.7940 -0.4935
vn 0.3382 -0.8121 -0.4754
vn 0.3197 -0.8122 -0.4880
vn 0.3390 -0.7908 -0.5096
vn 0.8537 -0.5206 -0.0134
vn 0.7947 -0.6067 0.0172
vn 0.8276 -0.5595 -0.0458
vn 0.8583 -0.5096 -0.0593
vn 0.2160 0.3585 0.9082
vn 0.1891 0.3124 0.9309
vn 0.0257 0.0614 0.9978
vn 0.0850 0.1482 0.9853
vn -0.9760 -0.1968 0.0927
vn -0.9851 -0.1596 0.0646
vn -0.9976 -0.0663 0.0212
vn -0.9906 -0.1230 0.0598
vn 0.1941 -0.3798 -0.9045
vn 0.1121 0.3458 -0.9316
vn 0.2253 0.3843 -0.8953
vn 0.2771 -0.3624 -0.8899
vn 0.4786 -0.7732 -0.4160
vn 0.7524 -0.6527 -0.0883
vn 0.7876 -0.6160 0.0125
vn 0.5865 -0.7540 -0.2959
vn 0.9594 -0.0025 0.2819
vn 0.6850 0.3170 0.6560
vn 0.6077 0.3552 0.7103
vn 0.9511 0.0081 0.3089
vn -0.1716 0.1077 0.9793
vn -0.8542 -0.1808 0.4875
vn -0.8601 -0.1880 0.4742
vn -0.2439 0.0821 0.9663
vn -0.0664 -0.6305 -0.7733
vn -0.0491 -0.7067 -0.7058
vn -0.5729 -0.4685 -0.6725
vn 0.1477 -0.6034 -0.7837
vn 0.1830 -0.6030 -0.7764
vn 0.2023 -0.6058 -0.7695
vn 0.1324 -0.6051 -0.7851
vn 0.2758 -0.6711 -0.6881
vn 0.3279 -0.7240 -0.6069
vn 0.3406 -0.7505 -0.5663
vn 0.2839 -0.6899 -0.6659
vn 0.2130 -0.7411 -0.6367
vn 0.2423 -0.7298 -0.6393
vn 0.1995 -0.7735 -0.6016
vn 0.1906 -0.7671 -0.6126
vn 0.8906 -0.3171 0.3260
vn 0.9215 -0.2570 0.2911
vn 0.9264 -0.2742 0.2580
vn 0.9228 -0.2798 0.2649
vn 0.3552 0.3237 0.8770
vn 0.3668 0.3639 0.8562
vn 0.3898 0.3641 0.8459
vn 0.3701 0.2892 0.8828
vn -0.9600 -0.1762 -0.2178
vn -0.9876 -0.1328 -0.0838
vn -0.9884 -0.1124 -0.1017
vn -0.2116 -0.2410 0.9472
vn 0.1656 0.2404 0.9564
vn 0.1394 0.2462 0.9591
vn -0.2885 0.2802 0.9156
vn -0.2264 0.2219 0.9484
vn -0.8964 -0.0630 0.4388
vn -0.9212 0.0228 0.3884
vn -0.6654 -0.0659 0.7436
vn -0.3435 0.2557 0.9037
vn -0.9372 0.1161 0.3288
vn 0.0013 -0.2007 0.9796
vn -0.0102 -0.1936 0.9810
vn 0.0124 -0.1956 0.9806
vn -0.4298 0.5660 -0.7035
vn -0.4590 0.5743 -0.6779
vn -0.4470 0.5787 -0.6821
vn -0.4152 0.5918 -0.6909
vn 0.2115 -0.3896 -0.8964
vn 0.1981 -0.3614 -0.9111
vn 0.0816 -0.4553 -0.8866
vn 0.0933 -0.4979 -0.8622
vn 0.4272 0.3873 -0.8170
vn 0.4032 0.2888 -0.8683
vn 0.2827 0.9495 0.1359
vn 0.3786 0.8407 0.3871
vn 0.4786 0.7825 0.3983
vn 0.2957 -0.3893 -0.8723
vn 0.1994 -0.3775 -0.9043
vn 0.5154 -0.5985 -0.6134
vn 0.5380 -0.6746 -0.5054
vn 0.5839 -0.5925 -0.5549
vn -0.0194 -0.1420 0.9897
vn 0.0074 -0.1041 0.9945
vn 0.0183 -0.1679 0.9856
vn -0.0093 -0.1878 0.9822
vn -0.6315 -0.0707 -0.7721
vn -0.6486 -0.0514 -0.7594
vn -0.6170 -0.0708 -0.7838
vn 0.5280 -0.1847 0.8289
vn 0.4091 -0.3004 0.8616
vn 0.3271 -0.1549 0.9322
vn 0.4245 -0.0510 0.9040
vn -0.4639 0.3855 0.7976
vn -0.5566 0.3615 0.7480
vn -0.3816 0.4519 0.8064
vn -0.4107 0.3028 0.8600
vn -0.7749 0.3588 0.5204
vn -0.4373 0.4574 0.7743
vn -0.4021 0.4611 0.7910
vn -0.3853 0.4296 0.8167
vn -0.3792 0.4051 0.8320
vn -0.4138 0.3699 0.8318
vn -0.4513 -0.2324 -0.8616
vn -0.4196 -0.1027 -0.9019
vn -0.6791 -0.0260 -0.7336
vn -0.6775 -0.0517 -0.7337
vn 0.3368 -0.4874 -0.8056
vn 0.4795 -0.5581 -0.6772
vn 0.2193 -0.3692 -0.9031
vn 0.0599 -0.3192 -0.9458
vn 0.4486 -0.1464 0.8816
vn 0.5006 0.0525 0.8641
vn 0.5804 -0.0457 0.8131
vn 0.4963 -0.2689 0.8255
vn -0.4660 0.6848 0.5602
vn -0.5058 0.6867 0.5221
vn -0.4987 0.7120 0.4943
vn -0.4663 0.7049 0.5344
vn -0.0159 0.5317 0.8468
vn -0.0057 0.5177 0.8556
vn -0.0343 0.4974 0.8669
vn -0.0678 0.5302 0.8452
vn 0.5508 -0.6743 -0.4919
vn 0.5371 -0.6910 -0.4838
vn 0.5460 -0.6717 -0.5007
vn -0.0242 -0.0666 0.9975
vn -0.0074 -0.0312 0.9995
vn 0.0132 -0.0757 0.9970
vn -0.6463 0.0396 -0.7621
vn -0.6685 0.0133 -0.7436
vn -0.4028 -0.1066 -0.9091
vn -0.4941 0.0627 -0.8671
vn -0.5578 0.3530 -0.7511
vn -0.5552 0.3212 -0.7672
vn -0.5426 0.3141 -0.7791
vn -0.5465 0.3458 -0.7628
vn 0.1503 -0.4275 -0.8914
vn 0.1427 -0.4135 -0.8992
vn 0.1259 -0.4396 -0.8893
vn 0.1362 -0.4498 -0.8827
vn 0.3792 -0.2388 0.8940
vn 0.4315 -0.2610 0.8636
vn 0.3648 -0.3008 0.8811
vn 0.3213 -0.2431 0.9152
vn 0.0315 0.4908 0.8707
vn 0.0596 0.3954 0.9166
vn -0.0000 0.4667 0.8844
vn -0.5106 0.6903 0.5126
vn -0.5310 0.6965 0.4826
vn -0.5414 0.6989 0.4673
vn -0.6011 0.2868 -0.7460
vn -0.5851 0.2638 -0.7668
vn -0.5821 0.2583 -0.7710
vn -0.5978 0.2803 -0.7510
vn 0.1243 -0.4031 -0.9067
vn 0.1439 -0.3209 -0.9361
vn 0.1122 -0.3339 -0.9359
vn 0.1177 -0.4303 -0.8950
vn 0.4654 -0.2566 0.8471
vn 0.4601 -0.2457 0.8532
vn 0.4503 -0.2277 0.8634
vn 0.4575 -0.2403 0.8562
vn 0.1159 0.3661 0.9233
vn -0.0477 0.4060 0.9126
vn 0.0593 0.3270 0.9432
vn 0.1792 0.3207 0.9301
vn -0.1082 0.5735 0.8120
vn -0.1306 0.5939 0.7938
vn -0.1508 0.5137 0.8446
vn -0.0927 0.4491 0.8886
vn -0.6730 -0.1502 -0.7242
vn -0.6510 -0.1718 -0.7394
vn -0.6374 -0.1481 -0.7562
vn -0.6594 -0.1301 -0.7405
vn 0.2804 -0.2612 -0.9237
vn 0.2777 -0.2623 -0.9242
vn 0.2894 -0.2636 -0.9202
vn -0.6471 -0.2330 -0.7259
vn -0.6436 -0.2302 -0.7299
vn -0.6212 -0.2359 -0.7473
vn -0.6227 -0.2429 -0.7439
vn 0.2390 -0.3177 -0.9176
vn 0.2347 -0.3184 -0.9184
vn 0.2481 -0.3180 -0.9151
vn -0.5535 0.2972 -0.7780
vn -0.5481 0.2678 -0.7924
vn -0.5410 0.2775 -0.7939
vn -0.5464 0.3079 -0.7788
vn 0.2415 -0.3705 -0.8969
vn 0.2548 -0.3576 -0.8985
vn 0.2507 -0.3718 -0.8938
vn -0.6692 0.6316 -0.3915
vn -0.6455 0.7244 0.2420
vn -0.1577 0.9563 0.2462
vn -0.2585 -0.7997 0.5419
vn -0.7302 -0.6037 -0.3199
vn 0.3701 -0.8922 -0.2590
vn -0.9960 0.0159 -0.0882
vn -0.5474 -0.0778 0.8332
vn -0.6667 0.2487 0.7026
vn 0.2885 -0.4343 0.8533
vn 0.6412 -0.7674 0.0069
vn 0.6014 -0.4414 0.6660
vn 0.0002 -0.0237 0.9997
vn 0.1520 -0.0593 0.9866
vn -0.1761 0.2225 0.9589
vn 0.2295 -0.0369 0.9726
vn 0.3074 0.0698 0.9490
vn -0.2112 0.2863 0.9346
vn -0.8958 0.1480 -0.4190
vn -0.8864 0.3929 0.2447
vn -0.7373 0.4669 -0.4882
vn -0.3804 0.1553 -0.9117
vn -0.1445 -0.2621 -0.9542
vn 0.0195 -0.3269 -0.9449
vn -0.3826 -0.1030 -0.9182
vn 0.6876 -0.5629 -0.4587
vn 0.2899 -0.2790 -0.9155
vn 0.2269 -0.3279 -0.9170
vn 0.5876 -0.6339 -0.5029
vn 0.7031 -0.4776 0.5268
vn 0.7234 -0.4142 0.5524
vn 0.2719 0.0732 0.9596
vn 0.3025 -0.0595 0.9513
vn 0.0338 0.3008 0.9531
vn -0.1668 0.3254 0.9308
vn -0.1827 0.5633 0.8058
vn -0.3914 0.6429 0.6584
vn -0.4042 0.5118 0.7581
vn -0.6564 0.7132 0.2458
vn -0.6704 0.5528 -0.4949
vn -0.7219 0.5761 -0.3834
vn -0.6453 0.6212 0.4447
vn -0.5449 -0.1245 0.8292
vn -0.9657 -0.0822 -0.2465
vn -0.9805 -0.0868 -0.1761
vn -0.3308 -0.3446 -0.8786
vn 0.0382 -0.2144 -0.9760
vn 0.3874 -0.6579 -0.6458
vn -0.4020 0.1346 -0.9057
vn -0.0471 -0.2351 -0.9708
vn 0.0196 -0.2287 -0.9733
vn -0.3650 0.1164 -0.9237
vn 0.4984 -0.6019 -0.6239
vn 0.2103 -0.4076 -0.8886
vn 0.4162 -0.7040 -0.5754
vn 0.6224 -0.6115 0.4886
vn 0.7437 -0.5137 0.4279
vn 0.1705 0.2063 0.9635
vn 0.3187 -0.1077 0.9417
vn 0.3566 -0.0801 0.9308
vn -0.7096 0.5172 -0.4785
vn -0.6820 0.5548 -0.4765
vn -0.6482 0.7426 0.1687
vn -0.6737 0.7220 0.1577
vn -0.0339 -0.2577 -0.9656
vn -0.3987 0.1174 -0.9096
vn -0.4175 0.0925 -0.9040
vn -0.4038 0.6691 0.6239
vn -0.3781 0.6716 0.6372
vn -0.2106 0.5846 0.7835
vn 0.6321 -0.6074 0.4811
vn 0.6105 -0.5929 0.5251
vn 0.4508 -0.7214 -0.5257
vn -0.7558 0.4305 0.4933
vn -0.9339 0.1226 -0.3358
vn -0.9273 0.1634 -0.3368
vn -0.1633 -0.3923 -0.9052
vn -0.4578 -0.1818 -0.8703
vn 0.0719 -0.2123 -0.9746
vn -0.9383 0.0576 -0.3409
vn -0.9366 0.0842 -0.3402
vn -0.7699 0.4225 0.4783
vn 0.0429 -0.3082 -0.9503
vn 0.0416 -0.2653 -0.9633
vn -0.4097 -0.2286 -0.8831
vn -0.3960 -0.2756 -0.8759
vn -0.7015 0.5836 0.4090
vn -0.6774 0.6229 -0.3913
vn -0.6987 0.5692 -0.4333
vn -0.3832 0.3104 -0.8700
vn -0.3534 0.0940 -0.9307
vn 0.0244 -0.2263 -0.9737
vn -0.0609 -0.1464 -0.9873
vn 0.7848 -0.3911 0.4807
vn 0.9415 0.0523 -0.3330
vn 0.5635 0.6333 0.5305
vn 0.4985 -0.0311 0.8663
vn 0.3996 -0.1187 0.9090
vn 0.2455 0.1754 0.9534
vn 0.1908 0.1946 0.9621
vn 0.3599 -0.0621 0.9309
vn -0.6831 0.7138 0.1544
vn -0.7209 0.5075 -0.4721
vn -0.7201 0.5031 -0.4778
vn -0.6859 0.7127 0.1471
vn -0.4385 0.4913 -0.7525
vn 0.0610 0.9945 -0.0851
vn 0.1835 0.3302 -0.9259
vn -0.3647 0.2805 -0.8879
vn -0.4251 0.1016 -0.8994
vn -0.0497 -0.1800 -0.9824
vn -0.0669 -0.2387 -0.9688
vn -0.4305 0.0935 -0.8978
vn 0.7528 -0.4165 0.5098
vn 0.6617 -0.6372 -0.3952
vn 0.7201 -0.6386 -0.2714
vn 0.7229 -0.3323 0.6058
vn 0.5828 -0.8126 -0.0087
vn 0.2481 -0.4567 0.8544
vn 0.3004 -0.4772 0.8259
vn 0.5869 -0.8088 -0.0365
vn -0.5020 -0.2145 0.8378
vn -0.9814 -0.1094 -0.1575
vn -0.9765 -0.0833 -0.1986
vn -0.5255 -0.1888 0.8296
vn 0.2774 -0.6488 -0.7086
vn -0.3274 -0.3424 -0.8807
vn -0.3239 -0.3365 -0.8842
vn 0.2808 -0.6409 -0.7144
vn -0.1022 -0.0193 0.9946
vn -0.2657 0.2774 0.9233
vn -0.2445 0.2111 0.9464
vn -0.0764 -0.0952 0.9925
vn 0.0856 -0.1725 0.9813
vn 0.2530 -0.1105 0.9611
vn 0.2485 -0.0999 0.9635
vn 0.1137 -0.1520 0.9818
vn 0.0928 -0.0576 0.9940
vn -0.3035 0.2777 0.9115
vn -0.1923 0.2024 0.9602
vn 0.1563 -0.1175 0.9807
vn -0.7826 0.3988 0.4781
vn -0.9484 0.0504 -0.3131
vn -0.9408 0.0351 -0.3371
vn -0.7762 0.4170 0.4730
vn -0.3928 -0.2858 -0.8741
vn 0.0355 -0.3236 -0.9455
vn 0.0379 -0.3228 -0.9457
vn -0.3951 -0.2899 -0.8717
vn 0.6257 -0.5225 0.5792
vn 0.6194 -0.6620 -0.4220
vn 0.5436 -0.5670 -0.6188
vn 0.7471 -0.5295 0.4019
vn -0.5114 0.3931 -0.7642
vn -0.6096 0.0163 -0.7925
vn -0.6318 0.0249 -0.7747
vn -0.5296 0.4273 -0.7328
vn 0.5582 -0.2409 0.7940
vn 0.5574 -0.2399 0.7948
vn 0.5803 -0.1633 0.7979
vn 0.5221 -0.2328 0.8205
vn -0.3266 0.4290 0.8422
vn -0.1124 0.4928 0.8629
vn -0.1239 0.5060 0.8536
vn -0.3489 0.4431 0.8258
vn -0.5066 0.6755 0.5358
vn -0.7003 0.6237 -0.3473
vn -0.6822 0.5887 -0.4336
vn -0.5646 0.6933 0.4479
vn -0.5356 0.5182 0.6668
vn -0.4778 0.6552 0.5852
vn -0.5112 0.6204 0.5947
vn -0.5462 0.4766 0.6888
vn -0.3773 0.6646 0.6450
vn -0.1514 0.5960 0.7886
vn -0.1628 0.5878 0.7924
vn -0.3627 0.6627 0.6552
vn 0.6102 -0.7922 0.0063
vn 0.3086 -0.4330 0.8469
vn 0.3085 -0.4299 0.8485
vn 0.6111 -0.7914 0.0149
vn -0.5156 -0.0862 0.8525
vn -0.9841 -0.0939 -0.1509
vn -0.9806 -0.1128 -0.1602
vn -0.5054 -0.0819 0.8590
vn -0.6426 -0.0294 -0.7656
vn -0.6440 0.0162 -0.7648
vn -0.5545 0.0219 -0.8319
vn -0.6249 -0.0604 -0.7784
vn -0.3643 0.1004 -0.9258
vn 0.0457 -0.2177 -0.9749
vn 0.0376 -0.2202 -0.9747
vn -0.3655 0.1060 -0.9248
vn -0.5561 0.3019 -0.7743
vn -0.5520 0.3190 -0.7704
vn -0.5385 0.3067 -0.7849
vn -0.5420 0.2899 -0.7888
vn 0.6007 -0.6374 0.4826
vn 0.4278 -0.7207 -0.5455
vn 0.4705 -0.7289 -0.4974
vn 0.6185 -0.5475 0.5636
vn 0.2206 -0.3887 -0.8946
vn 0.1727 -0.4185 -0.8917
vn 0.1674 -0.4318 -0.8863
vn 0.2244 -0.3922 -0.8921
vn 0.3688 0.1475 0.9177
vn -0.1267 0.3199 0.9390
vn -0.2428 0.3400 0.9085
vn 0.2961 0.1845 0.9371
vn 0.4308 -0.1105 0.8957
vn 0.3881 -0.1786 0.9041
vn 0.3552 -0.1665 0.9198
vn 0.4108 -0.0792 0.9083
vn 0.2653 -0.0949 0.9595
vn 0.1392 0.2628 0.9548
vn 0.1454 0.2445 0.9587
vn 0.2847 -0.1454 0.9475
vn -0.6203 0.7636 0.1791
vn -0.6619 0.5816 -0.4730
vn -0.6595 0.5748 -0.4844
vn -0.6209 0.7616 0.1857
vn -0.3916 0.1127 -0.9132
vn -0.0303 -0.2595 -0.9653
vn -0.0516 -0.2383 -0.9698
vn -0.4095 0.1358 -0.9022
vn -0.4120 0.6611 0.6270
vn -0.2432 0.5865 0.7726
vn -0.3482 0.6694 0.6562
vn -0.4752 0.6829 0.5548
vn 0.6487 -0.6074 0.4586
vn 0.4366 -0.7010 -0.5638
vn 0.4802 -0.6449 -0.5946
vn 0.6648 -0.6262 0.4072
vn -0.4979 0.7020 0.5092
vn -0.5045 0.6994 0.5063
vn -0.5369 0.6985 0.4732
vn -0.5246 0.7042 0.4784
vn -0.5732 0.3334 -0.7485
vn -0.5905 0.2929 -0.7520
vn -0.5747 0.2834 -0.7677
vn -0.5601 0.3187 -0.7647
vn 0.4186 -0.3100 0.8537
vn 0.4444 -0.2879 0.8483
vn 0.4524 -0.2564 0.8542
vn 0.4156 -0.2973 0.8596
vn -0.7595 0.4387 0.4804
vn -0.9263 0.1760 -0.3330
vn -0.9229 0.1801 -0.3402
vn -0.7446 0.4271 0.5131
vn -0.6780 -0.0714 -0.7316
vn -0.6770 -0.1138 -0.7271
vn -0.6500 -0.0999 -0.7533
vn -0.5560 -0.1338 -0.8203
vn 0.1734 -0.3737 -0.9112
vn 0.2127 -0.3426 -0.9151
vn 0.2233 -0.3317 -0.9166
vn 0.1695 -0.3701 -0.9134
vn 0.1826 -0.3789 -0.9072
vn 0.2864 -0.2282 -0.9305
vn 0.2931 -0.2553 -0.9214
vn 0.3103 -0.3384 -0.8884
vn -0.7669 0.4217 0.4837
vn -0.9399 0.0851 -0.3306
vn -0.9370 0.0856 -0.3386
vn -0.7737 0.4141 0.4795
vn -0.4155 -0.1912 -0.8893
vn 0.0499 -0.2512 -0.9666
vn 0.0610 -0.2495 -0.9665
vn -0.4140 -0.1856 -0.8912
vn -0.6470 -0.1728 -0.7427
vn -0.6450 -0.2074 -0.7355
vn -0.6258 -0.2291 -0.7456
vn -0.6281 -0.1889 -0.7549
vn 0.2726 -0.2767 -0.9215
vn 0.2541 -0.3010 -0.9191
vn 0.2626 -0.3016 -0.9165
vn 0.2823 -0.2762 -0.9187
vn -0.8596 0.4188 0.2927
vn -0.6972 0.5667 -0.4391
vn -0.7342 0.5583 -0.3863
vn -0.8740 0.3586 0.3278
vn -0.3657 0.3968 -0.8420
vn -0.1301 -0.1472 -0.9805
vn -0.0770 -0.2659 -0.9609
vn -0.3263 0.2753 -0.9043
vn -0.4693 0.5137 -0.7182
vn -0.5208 0.3863 -0.7613
vn -0.5126 0.3618 -0.7787
vn -0.4589 0.5040 -0.7317
vn 0.1930 -0.4163 -0.8885
vn 0.2419 -0.3767 -0.8942
vn 0.2376 -0.3885 -0.8903
vn 0.2031 -0.4172 -0.8858
vn -0.0794 0.0960 -0.9922
vn -0.1994 0.1835 -0.9626
vn 0.8147 -0.3436 -0.4670
vn 0.7305 -0.4211 0.5376
vn 0.3346 -0.1509 0.9302
vn -0.0147 -0.0166 0.9998
vn -0.8277 0.4996 0.2554
vn -0.8622 0.5019 0.0681
vn 0.3163 0.9418 0.1136
vn -0.9714 0.1660 0.1697
vn -0.2175 0.0187 -0.9759
vn 0.4767 -0.7274 -0.4936
vn -0.0740 -0.5537 0.8294
vn -0.2594 0.6437 -0.7199
vn 0.8698 0.4540 -0.1930
vn 0.6593 -0.1067 0.7443
vn -0.4718 0.5204 0.7118
vn 0.4831 -0.2492 -0.8394
vn 0.4944 -0.2926 -0.8185
vn 0.6168 -0.6921 0.3750
vn 0.4516 -0.7194 0.5278
vn -0.7317 0.0249 0.6812
vn -0.6249 0.0039 0.7807
vn -0.7116 0.1839 -0.6780
vn -0.7686 0.2709 -0.5795
vn 0.0124 0.5617 -0.8272
vn 0.0674 0.8067 -0.5871
vn 0.7177 -0.3495 -0.6024
vn 0.5412 -0.2470 -0.8038
vn 0.8547 0.2095 0.4749
vn 0.8285 -0.0790 0.5544
vn 0.6351 -0.2927 0.7148
vn 0.7562 -0.3440 0.5567
vn 0.1270 0.3461 0.9296
vn 0.0974 0.3109 0.9454
vn -0.5727 0.3661 0.7335
vn -0.3771 0.2575 0.8896
vn -0.5880 0.8052 0.0769
vn -0.5162 0.8484 0.1176
vn -0.6678 0.4495 -0.5932
vn -0.4687 0.3424 -0.8143
vn -0.7333 0.1299 -0.6674
vn 0.2336 -0.4738 -0.8491
vn 0.3001 -0.9080 0.2923
vn -0.0444 0.1924 -0.9803
vn -0.2107 -0.0331 -0.9770
vn 0.6516 -0.5858 -0.4819
vn 0.7622 -0.4242 -0.4890
vn 0.1350 -0.3682 0.9199
vn 0.1470 -0.3587 0.9218
vn -0.8962 0.3767 0.2343
vn -0.9260 0.3182 0.2033
vn -0.7991 -0.1460 0.5832
vn -0.2031 0.7993 -0.5656
vn -0.2783 0.7234 -0.6318
vn -0.1717 0.7327 -0.6585
vn -0.1007 0.8037 -0.5864
vn 0.4046 -0.9144 0.0115
vn 0.4220 -0.9048 0.0582
vn 0.3970 -0.9160 0.0586
vn 0.6190 -0.3976 -0.6773
vn 0.6264 -0.4993 -0.5986
vn 0.6706 -0.5120 -0.5367
vn 0.6640 -0.4038 -0.6293
vn 0.0840 0.7769 0.6240
vn 0.0488 0.8233 0.5655
vn 0.0823 0.7850 0.6140
vn 0.1201 0.7311 0.6716
vn -0.7588 0.5186 0.3941
vn -0.7751 0.4939 0.3941
vn -0.7699 0.4680 0.4338
vn -0.7581 0.4955 0.4239
vn -0.0397 -0.8363 -0.5468
vn -0.1105 -0.6391 -0.7611
vn -0.2103 -0.7260 -0.6548
vn -0.1426 -0.8764 -0.4601
vn 0.1041 0.1083 0.9887
vn 0.0636 0.1607 0.9849
vn 0.0767 0.0944 0.9926
vn 0.3606 -0.2117 -0.9084
vn -0.0462 -0.4022 -0.9144
vn -0.0278 0.3685 -0.9292
vn 0.1379 0.7905 -0.5967
vn 0.4904 0.8666 0.0922
vn 0.7794 0.2787 -0.5611
vn -0.6425 -0.3346 -0.6894
vn -0.9457 0.2993 -0.1272
vn -0.4721 0.5403 -0.6966
vn -0.3111 0.9156 -0.2549
vn -0.5889 0.7717 0.2400
vn -0.1627 0.9248 0.3438
vn 0.5025 -0.6516 -0.5683
vn 0.3873 -0.8935 -0.2273
vn 0.1029 -0.8114 -0.5753
vn 0.6580 0.1734 0.7328
vn 0.3013 -0.0621 0.9515
vn 0.6223 -0.6994 0.3515
vn 0.9094 -0.4152 0.0243
vn -0.3751 -0.9265 0.0296
vn 0.1120 -0.9289 0.3529
vn -0.1021 -0.2441 0.9644
vn -0.6555 -0.3877 0.6481
vn -0.5216 0.5432 0.6579
vn -0.1292 0.3791 0.9163
vn -0.1264 0.6620 0.7387
vn -0.2787 0.4038 -0.8714
vn -0.1139 -0.4694 -0.8756
vn -0.1490 -0.3880 -0.9095
vn -0.2932 0.4923 -0.8195
vn -0.4331 0.7554 -0.4917
vn -0.7304 0.6818 0.0411
vn -0.7354 0.6655 0.1272
vn -0.4572 0.7719 -0.4417
vn -0.0710 0.9349 -0.3478
vn 0.0129 0.9482 0.3175
vn 0.0195 0.9704 0.2408
vn -0.0645 0.9130 -0.4029
vn 0.0939 0.6422 -0.7607
vn 0.5140 -0.0153 -0.8577
vn 0.5283 -0.1100 -0.8419
vn 0.1278 0.5875 -0.7991
vn 0.5099 -0.8482 -0.1435
vn 0.6403 -0.6285 -0.4416
vn 0.6631 -0.6249 -0.4120
vn 0.5384 -0.8311 -0.1389
vn 0.1138 0.3157 0.9420
vn 0.1260 0.6091 0.7830
vn 0.0985 0.6266 0.7731
vn 0.0852 0.3282 0.9407
vn -0.1884 0.2757 0.9426
vn -0.5973 0.4448 0.6673
vn -0.6115 0.4068 0.6787
vn -0.1890 0.2357 0.9533
vn 0.2064 -0.9688 -0.1370
vn -0.0942 -0.9105 -0.4026
vn -0.0590 -0.9115 -0.4070
vn 0.2745 -0.9551 -0.1112
vn 0.9592 -0.1065 -0.2620
vn 0.6210 0.6370 0.4567
vn 0.6746 0.5332 0.5105
vn 0.9634 -0.1853 -0.1936
vn 0.4661 -0.4731 -0.7476
vn 0.0035 -0.6092 -0.7930
vn -0.0333 -0.5889 -0.8075
vn 0.3799 -0.4738 -0.7945
vn -0.1645 0.8104 0.5623
vn -0.5738 0.6643 0.4790
vn -0.5874 0.6326 0.5048
vn -0.1788 0.7865 0.5911
vn -0.9759 0.0613 0.2095
vn -0.5890 -0.7463 -0.3100
vn -0.5235 -0.7972 -0.3009
vn -0.9755 -0.0788 0.2053
vn 0.4239 -0.7813 0.4582
vn 0.2589 -0.2687 0.9278
vn 0.2396 -0.2817 0.9291
vn 0.3991 -0.7965 0.4542
vn 0.5785 0.7423 0.3380
vn 0.5968 0.6526 0.4667
vn 0.6175 0.6188 0.4856
vn 0.5013 0.7063 0.4998
vn 0.4994 0.7347 0.4591
vn 0.5887 0.7176 0.3722
vn -0.2682 0.0160 0.9632
vn -0.6120 0.3042 0.7301
vn -0.5643 0.2661 0.7815
vn -0.1920 -0.0318 0.9809
vn -0.6708 0.6836 -0.2876
vn -0.7377 0.6742 -0.0368
vn -0.7660 0.6428 0.0013
vn -0.7047 0.6594 -0.2617
vn 0.3819 0.0241 -0.9239
vn 0.2410 0.1572 -0.9577
vn 0.1929 0.1609 -0.9679
vn 0.3412 0.0173 -0.9398
vn 0.7269 -0.5583 0.3999
vn 0.8525 -0.5195 0.0578
vn 0.8392 -0.5439 0.0001
vn 0.7219 -0.5927 0.3573
vn -0.8966 -0.0274 0.4419
vn -0.8460 -0.5323 0.0315
vn -0.8671 -0.0607 0.4944
vn -0.9413 0.2223 -0.2539
vn -0.8761 -0.2835 -0.3900
vn -0.9557 0.2160 -0.2002
vn 0.0599 0.0128 -0.9981
vn -0.2631 -0.4176 -0.8697
vn 0.0217 0.0314 -0.9993
vn 0.7367 -0.6754 -0.0338
vn 0.2276 -0.9487 -0.2196
vn 0.7427 -0.6635 -0.0901
vn -0.2655 -0.9382 0.2221
vn -0.0231 -0.5547 0.8317
vn -0.0697 -0.5387 0.8396
vn -0.0066 -0.1743 0.9847
vn -0.2794 0.0011 0.9602
vn -0.2906 0.0356 0.9562
vn -0.0388 -0.1375 0.9897
vn -0.0279 -0.9693 0.2442
vn 0.3514 -0.6907 0.6321
vn 0.2964 -0.6732 0.6774
vn 0.4411 -0.4439 0.7800
vn -0.0355 -0.2119 0.9766
vn -0.0971 -0.1527 0.9835
vn 0.3717 -0.3969 0.8392
vn 0.6692 0.4238 0.6104
vn 0.5025 -0.0240 0.8642
vn 0.7771 -0.2578 0.5741
vn -0.5704 0.7934 0.2123
vn -0.3398 0.5538 0.7601
vn 0.1069 0.9142 0.3909
vn 0.9802 -0.1979 -0.0106
vn 0.7067 0.0367 -0.7066
vn 0.8982 0.4392 -0.0203
vn 0.5042 0.8469 -0.1689
vn 0.1848 0.5806 -0.7930
vn -0.2512 0.9002 -0.3557
vn -0.8311 0.5010 0.2413
vn -0.9417 0.3003 0.1518
vn -0.8844 0.1564 0.4397
vn -0.7589 0.3345 0.5587
vn 0.5302 -0.5431 0.6511
vn 0.5480 -0.6443 0.5335
vn 0.6511 -0.7301 0.2074
vn 0.6718 -0.6600 0.3362
vn -0.2071 0.3589 -0.9101
vn -0.2859 0.1889 -0.9395
vn -0.7839 0.3627 -0.5039
vn -0.6774 0.5792 -0.4536
vn 0.7929 -0.4936 -0.3573
vn 0.7200 -0.5365 -0.4403
vn 0.3491 -0.2289 -0.9087
vn 0.4741 -0.2098 -0.8551
vn -0.2933 -0.3325 0.8963
vn -0.2107 -0.1340 0.9683
vn -0.5039 0.0753 0.8605
vn -0.6463 -0.1054 0.7558
vn -0.0827 0.3062 0.9484
vn -0.0256 0.2996 0.9537
vn 0.4070 0.5440 0.7338
vn 0.1789 -0.5701 0.8018
vn 0.1658 -0.4250 0.8899
vn 0.0351 -0.2818 0.9588
vn 0.0638 -0.4622 0.8845
vn 0.4231 0.5572 0.7146
vn 0.1229 0.1789 0.9762
vn 0.1712 0.0756 0.9823
vn 0.7436 0.4001 0.5357
vn 0.7952 -0.2575 0.5490
vn 0.8277 -0.2109 0.5199
vn 0.7430 0.4705 0.4760
vn 0.7561 0.6304 -0.1759
vn 0.5732 0.1806 -0.7992
vn 0.5744 0.2527 -0.7786
vn 0.7286 0.6727 -0.1284
vn 0.3230 0.9286 0.1825
vn -0.3313 0.9305 -0.1560
vn -0.4413 0.8779 -0.1860
vn 0.2158 0.9660 0.1422
vn 0.4493 0.6612 0.6008
vn 0.1005 0.2427 0.9649
vn 0.1839 0.1725 0.9677
vn 0.4204 0.5019 0.7559
vn -0.6481 0.3588 0.6718
vn -0.7805 0.5818 0.2288
vn -0.7831 0.5740 0.2394
vn -0.6843 0.3921 0.6148
vn 0.2486 -0.9648 0.0853
vn 0.6727 -0.7214 0.1645
vn 0.4912 -0.7282 0.4781
vn -0.5722 0.6785 -0.4607
vn -0.0973 0.3975 -0.9124
vn -0.1106 0.3971 -0.9111
vn -0.5868 0.6750 -0.4474
vn 0.5684 -0.1032 -0.8163
vn 0.8428 -0.4799 -0.2438
vn 0.8387 -0.4835 -0.2506
vn 0.5843 -0.1267 -0.8016
vn -0.9467 0.0285 0.3210
vn -0.9891 0.1463 0.0161
vn -0.9386 -0.3274 -0.1088
vn 0.4961 -0.4743 0.7272
vn 0.7261 -0.5361 0.4305
vn 0.7203 -0.5299 0.4475
vn 0.4770 -0.4599 0.7490
vn -0.8003 0.2093 -0.5618
vn -0.3072 0.1111 -0.9451
vn -0.6149 -0.1631 -0.7716
vn 0.3295 -0.2273 -0.9164
vn 0.6845 -0.5782 -0.4440
vn 0.1665 -0.7111 -0.6831
vn -0.6756 0.2566 0.6912
vn -0.8222 0.0944 0.5613
vn -0.7993 0.0541 0.5985
vn -0.6499 0.2152 0.7289
vn -0.8103 0.5834 -0.0552
vn -0.9130 0.3721 -0.1671
vn -0.9240 0.3640 -0.1169
vn -0.8216 0.5701 0.0026
vn 0.1358 0.0845 -0.9871
vn 0.0533 0.0111 -0.9985
vn 0.0584 0.0712 -0.9957
vn 0.1356 0.1453 -0.9801
vn 0.7682 -0.6401 -0.0148
vn 0.6993 -0.7136 -0.0408
vn 0.7790 -0.6209 -0.0875
vn 0.8348 -0.5467 -0.0651
vn -0.0279 -0.2593 0.9654
vn -0.0528 -0.4486 0.8922
vn -0.0001 -0.4285 0.9035
vn 0.0192 -0.2411 0.9703
vn -0.6034 -0.7663 0.2207
vn -0.3184 -0.4514 0.8336
vn -0.7063 -0.2231 0.6718
vn 0.4176 0.5898 0.6912
vn -0.0506 0.3207 0.9458
vn 0.0141 0.3416 0.9398
vn 0.4685 0.6151 0.6342
vn -0.4224 0.1492 0.8940
vn -0.2155 -0.0092 0.9765
vn -0.2636 0.0329 0.9641
vn -0.4128 0.1482 0.8987
vn 0.3646 -0.5261 0.7683
vn 0.3055 -0.6578 0.6885
vn 0.4110 -0.6049 0.6821
vn 0.4701 -0.4764 0.7430
vn -0.1534 -0.9433 0.2945
vn 0.1890 -0.6408 0.7441
vn 0.0435 -0.5843 0.8104
vn 0.3147 0.5982 0.7369
vn -0.0670 0.1698 0.9832
vn 0.1081 0.2516 0.9618
vn 0.4422 0.6719 0.5942
vn -0.0066 -0.1861 0.9825
vn 0.1431 -0.2749 0.9508
vn 0.0922 -0.2397 0.9665
vn -0.0452 -0.1535 0.9871
vn 0.1055 0.9341 0.3411
vn -0.3015 0.8400 0.4510
vn -0.1240 0.9602 -0.2504
vn 0.1445 0.9561 -0.2549
vn 0.1675 -0.1245 0.9780
vn 0.1478 -0.0908 0.9848
vn 0.1495 -0.1196 0.9815
vn 0.1772 -0.1539 0.9721
vn -0.9760 0.0917 -0.1974
vn -0.9695 0.0329 -0.2430
vn -0.9738 0.1140 -0.1968
vn -0.9726 0.1567 -0.1715
vn 0.2886 -0.3228 -0.9014
vn 0.2430 0.0885 -0.9660
vn 0.0714 0.0131 -0.9974
vn 0.0896 -0.3624 -0.9277
vn 0.8461 -0.1469 -0.5124
vn 0.8850 -0.2241 -0.4082
vn 0.8801 -0.1174 -0.4601
vn 0.8422 -0.0272 -0.5384
vn 0.0229 -0.4430 0.8962
vn 0.0469 -0.4652 0.8840
vn 0.0946 -0.4402 0.8929
vn -0.8802 -0.1256 -0.4578
vn -0.8996 -0.1808 -0.3975
vn -0.9195 -0.1797 -0.3497
vn -0.2235 0.0406 -0.9739
vn -0.2516 0.0303 -0.9674
vn -0.2865 0.0488 -0.9568
vn 0.8694 -0.3674 -0.3304
vn 0.8323 -0.3734 -0.4097
vn 0.8303 -0.3356 -0.4449
vn 0.1699 -0.1359 0.9761
vn 0.2001 -0.1700 0.9649
vn 0.1911 -0.1544 0.9694
vn 0.1606 -0.1188 0.9798
vn -0.9379 0.1104 -0.3289
vn -0.9699 0.0986 -0.2228
vn -0.9684 0.1211 -0.2181
vn -0.1949 0.2026 -0.9597
vn -0.2079 0.1990 -0.9577
vn -0.2498 0.1873 -0.9500
vn 0.9243 -0.2193 -0.3124
vn 0.9336 -0.2688 -0.2368
vn 0.9459 -0.1685 -0.2772
vn 0.9315 -0.1127 -0.3460
vn 0.6005 0.1618 0.7831
vn 0.9717 0.2148 0.0981
vn 0.4436 0.7959 0.4119
vn -0.3021 0.9114 0.2796
vn -0.9080 0.3642 0.2071
vn -0.2814 0.3394 0.8976
vn 0.7438 0.2610 -0.6153
vn 0.3044 0.2593 -0.9165
vn 0.3469 0.8830 -0.3162
vn -0.2570 0.8174 -0.5156
vn -0.1794 0.1423 -0.9734
vn -0.7523 0.3155 -0.5783
vn -0.8571 -0.4245 -0.2920
vn -0.1917 -0.9061 -0.3771
vn 0.6335 -0.6426 -0.4310
vn -0.1400 -0.9629 -0.2307
vn -0.3839 -0.4588 0.8013
vn -0.4795 -0.2897 0.8283
vn -0.9738 -0.0779 0.2137
vn -0.9200 -0.2688 0.2852
vn 0.8858 -0.4470 0.1247
vn 0.9408 -0.3168 0.1208
vn 0.5588 -0.3348 0.7588
vn 0.4707 -0.4874 0.7354
vn 0.1304 -0.0367 -0.9908
vn 0.1417 0.0756 -0.9870
vn 0.7285 -0.1322 -0.6722
vn 0.6640 -0.2573 -0.7020
vn -0.9525 0.0656 0.2976
vn -0.9543 0.0546 0.2940
vn -0.3315 -0.0788 0.9401
vn -0.3245 -0.0648 0.9437
vn -0.3543 -0.1613 -0.9211
vn -0.2380 0.1052 -0.9655
vn -0.4807 0.0377 -0.8761
vn -0.7927 0.0082 -0.6096
vn -0.8897 0.0459 -0.4542
vn -0.6986 -0.3215 -0.6392
vn 0.7592 -0.1078 -0.6419
vn 0.7365 -0.1189 -0.6659
vn 0.2757 -0.0245 -0.9609
vn 0.3499 -0.0500 -0.9354
vn 0.5855 -0.2280 0.7780
vn 0.5474 -0.2430 0.8008
vn 0.9584 -0.2607 0.1166
vn 0.9707 -0.2330 0.0590
vn 0.3472 0.8634 0.3661
vn 0.8786 0.4428 -0.1788
vn 0.8927 0.2182 -0.3944
vn 0.5118 0.8317 0.2153
vn -0.0842 0.8670 -0.4911
vn 0.2607 0.1835 -0.9478
vn 0.2124 0.2965 -0.9311
vn -0.1347 0.8913 -0.4329
vn -0.2740 0.8852 -0.3759
vn -0.7889 0.5260 -0.3178
vn -0.8968 0.3666 -0.2478
vn -0.4162 0.8392 -0.3502
vn 0.2710 0.8807 0.3885
vn 0.2242 0.2452 0.9432
vn 0.2575 0.3508 0.9004
vn 0.2794 0.8841 0.3747
vn -0.3420 -0.0153 0.9396
vn -0.9516 0.1191 0.2833
vn -0.9505 0.0981 0.2950
vn -0.3244 -0.0441 0.9449
vn 0.4517 -0.6295 0.6322
vn 0.8323 -0.5538 -0.0240
vn 0.8473 -0.5280 0.0567
vn 0.4424 -0.5671 0.6947
vn -0.8577 -0.1050 -0.5033
vn -0.1943 -0.3858 -0.9019
vn -0.1336 -0.3851 -0.9132
vn -0.7730 -0.1803 -0.6083
vn 0.2952 0.1322 -0.9463
vn 0.6788 0.0580 -0.7320
vn 0.7824 -0.0006 -0.6228
vn 0.3574 0.1226 -0.9259
vn -0.4145 -0.5364 0.7352
vn -0.9146 -0.3968 0.0778
vn -0.9124 -0.4087 0.0217
vn -0.4590 -0.5779 0.6748
vn 0.5842 -0.2806 0.7615
vn 0.9425 -0.3218 0.0900
vn 0.9416 -0.3185 0.1089
vn 0.5470 -0.2605 0.7956
vn -0.7675 -0.0883 -0.6349
vn -0.4910 -0.0025 -0.8712
vn -0.4903 -0.0404 -0.8706
vn -0.7813 -0.1302 -0.6104
vn 0.1122 -0.0881 -0.9898
vn 0.6254 -0.2739 -0.7307
vn 0.6235 -0.3025 -0.7209
vn 0.1029 -0.1194 -0.9875
vn 0.1305 -0.2348 0.9632
vn 0.0698 -0.3687 0.9269
vn 0.1195 -0.3644 0.9236
vn 0.1787 -0.2330 0.9559
vn -0.9273 0.0598 -0.3696
vn -0.9016 -0.0472 -0.4299
vn -0.9404 -0.0959 -0.3262
vn -0.9612 0.0296 -0.2743
vn -0.2263 0.1662 -0.9598
vn -0.2284 0.0901 -0.9694
vn -0.2808 0.1136 -0.9530
vn -0.2646 0.1742 -0.9485
vn 0.9440 -0.2580 -0.2057
vn 0.9113 -0.3129 -0.2678
vn 0.8644 -0.3173 -0.3901
vn 0.9129 -0.2588 -0.3156
vn -0.3288 -0.0605 0.9425
vn -0.9551 0.0734 0.2872
vn -0.9608 0.0528 0.2721
vn -0.3570 -0.0827 0.9305
vn 0.2168 0.1417 -0.9659
vn 0.7979 -0.0349 -0.6018
vn 0.7818 -0.0246 -0.6230
vn 0.1595 0.1457 -0.9764
vn 0.5992 -0.2709 0.7534
vn 0.9527 -0.3020 -0.0350
vn 0.9560 -0.2916 -0.0319
vn 0.5703 -0.2516 0.7820
vn 0.1503 -0.1367 0.9791
vn 0.1527 -0.1387 0.9785
vn 0.1874 -0.1376 0.9726
vn 0.1865 -0.1354 0.9731
vn -0.9512 0.0602 -0.3027
vn -0.9413 0.1005 -0.3223
vn -0.9665 0.1072 -0.2331
vn -0.9746 0.0893 -0.2056
vn -0.0509 -0.0767 -0.9958
vn -0.1394 0.0435 -0.9893
vn -0.2253 0.1201 -0.9669
vn -0.1092 -0.0712 -0.9915
vn 0.9284 -0.1565 -0.3369
vn 0.9359 -0.1541 -0.3167
vn 0.8800 -0.1948 -0.4332
vn 0.8731 -0.1932 -0.4476
vn 0.9381 0.0249 0.3455
vn 0.9990 0.0014 -0.0455
vn 0.9956 -0.0761 -0.0548
vn 0.9401 -0.0137 0.3406
vn 0.0296 0.1669 -0.9855
vn 0.0003 0.1145 -0.9934
vn 0.3160 -0.0085 -0.9487
vn 0.3228 0.0576 -0.9447
vn -0.9265 0.3760 0.0139
vn -0.9102 0.4125 -0.0372
vn -0.9181 0.2932 0.2665
vn -0.9246 0.2456 0.2911
vn -0.1084 0.1469 0.9832
vn -0.0936 0.1626 0.9822
vn -0.0855 0.1075 0.9905
vn -0.0697 0.1002 0.9925
vn -0.0652 0.0996 0.9929
vn -0.4378 0.8444 0.3088
vn -0.1709 0.6405 0.7487
vn 0.2344 0.5193 0.8218
vn 0.5900 0.4471 0.6723
vn 0.8661 0.4607 0.1938
vn 0.4718 0.7431 -0.4745
vn -0.0026 0.9300 -0.3675
vn -0.3170 0.9480 -0.0267
vn -0.9856 -0.1253 0.1133
vn -0.8838 -0.4073 0.2301
vn -0.9682 -0.1671 -0.1862
vn -0.9700 0.0565 -0.2366
vn 0.9158 -0.3931 -0.0830
vn 0.9136 -0.4025 -0.0573
vn 0.9144 -0.3974 -0.0768
vn -0.1718 0.3090 -0.9354
vn -0.1340 0.2965 -0.9456
vn -0.1517 0.3065 -0.9397
vn 0.8027 -0.3342 -0.4940
vn 0.7774 -0.2962 -0.5549
vn 0.9123 -0.3662 -0.1835
vn 0.8947 -0.4100 -0.1771
vn -0.1174 0.0766 -0.9901
vn -0.2378 0.1314 -0.9624
vn 0.1775 -0.0192 -0.9839
vn 0.3214 -0.1868 -0.9284
vn -0.8411 0.2215 0.4934
vn -0.9003 0.0975 0.4241
vn -0.9705 0.2372 -0.0419
vn -0.9159 0.3792 0.1314
vn 0.0349 -0.3457 0.9377
vn -0.0024 -0.2889 0.9574
vn 0.1091 -0.3762 0.9201
vn 0.1206 -0.3964 0.9101
vn 0.8598 -0.1053 -0.4996
vn 0.8677 -0.1281 -0.4803
vn 0.9606 -0.2338 -0.1503
vn 0.9453 -0.2889 -0.1516
vn 0.2320 0.0450 -0.9717
vn 0.5387 0.1097 -0.8353
vn 0.2597 0.0867 -0.9618
vn -0.1561 0.0287 -0.9873
vn -0.9332 0.1322 0.3340
vn -0.9388 0.1262 0.3204
vn -0.9368 0.1224 0.3277
vn -0.0681 -0.1860 0.9802
vn -0.0559 -0.1548 0.9864
vn 0.0699 -0.2458 0.9668
vn 0.0096 -0.2540 0.9672
vn -0.0448 -0.2180 0.9749
vn -0.7679 0.3645 0.5269
vn -0.5628 0.0734 0.8233
vn -0.7209 0.2239 0.6559
vn -0.9142 -0.1847 -0.3608
vn -0.8999 -0.2073 -0.3837
vn -0.8976 -0.1881 -0.3986
vn -0.8315 -0.4829 -0.2746
vn -0.8509 -0.4673 -0.2401
vn -0.8279 -0.4920 -0.2693
vn -0.3126 -0.0355 0.9492
vn -0.1381 -0.1018 0.9852
vn -0.1976 -0.1387 0.9704
vn -0.4717 -0.0797 0.8782
vn -0.7247 0.0484 0.6874
vn -0.6220 -0.2587 0.7391
vn -0.9814 -0.0725 0.1776
vn -0.9545 0.1294 0.2688
vn -0.8186 0.1101 0.5636
vn -0.7958 0.0952 0.5980
vn -0.8360 0.1045 0.5387
vn -0.8018 0.1290 0.5834
vn 0.0106 0.1077 -0.9941
vn 0.5559 -0.6230 -0.5503
vn -0.4616 -0.7214 -0.5163
vn 0.7948 -0.2648 -0.5460
vn 0.1022 0.0432 -0.9938
vn 0.3789 0.2541 -0.8899
vn -0.5294 0.2469 -0.8116
vn -0.8970 0.1732 -0.4066
vn -0.9425 0.1944 -0.2719
vn -0.6286 0.1525 -0.7626
vn -0.7804 0.1863 0.5969
vn -0.9293 -0.1746 0.3255
vn -0.3862 -0.2782 0.8795
vn -0.2203 -0.8021 0.5551
vn 0.6129 -0.7595 0.2179
vn 0.8298 -0.5165 0.2112
vn 0.1822 -0.6598 0.7290
vn 0.4147 -0.4599 0.7852
vn 0.8987 -0.4037 0.1716
vn 0.3882 -0.3590 0.8488
vn 0.6418 0.0345 -0.7661
vn 0.9498 -0.0793 -0.3027
vn 0.7642 -0.0366 -0.6440
vn -0.9421 0.2737 -0.1938
vn -0.2384 0.2445 -0.9399
vn -0.5223 0.1185 -0.8445
vn -0.9864 0.0519 0.1562
vn -0.9702 -0.1156 0.2129
vn -0.9870 -0.0018 0.1607
vn -0.4313 0.1386 0.8915
vn -0.8316 0.2331 0.5041
vn -0.8307 0.1390 0.5391
vn -0.4479 0.0104 0.8940
vn 0.9050 -0.0831 0.4172
vn 0.2734 0.0260 0.9616
vn 0.3857 -0.1983 0.9011
vn 0.9239 -0.2775 0.2636
vn -0.3359 -0.1825 0.9240
vn -0.0907 -0.2743 0.9574
vn -0.0684 -0.2842 0.9563
vn -0.8298 -0.1513 0.5372
vn -0.2097 -0.2452 0.9465
vn -0.5195 -0.1159 0.8466
vn -0.9802 -0.0078 0.1976
vn -0.8930 -0.0484 0.4475
vn -0.9641 -0.2529 -0.0807
vn -0.9711 -0.2073 0.1184
vn -0.6385 -0.0918 0.7641
vn -0.0872 0.0095 0.9961
vn -0.1179 -0.0911 0.9888
vn -0.0781 -0.1151 0.9903
vn -0.9569 0.0544 0.2851
vn -0.9631 -0.1569 -0.2188
vn -0.9643 -0.2649 -0.0031
vn 0.9752 -0.0183 -0.2204
vn 0.9554 -0.1143 -0.2723
vn 0.5875 -0.0728 -0.8060
vn 0.6258 0.0805 -0.7758
vn -0.2217 0.3578 -0.9071
vn -0.2359 0.2842 -0.9293
vn -0.8862 0.4018 -0.2306
vn -0.8450 0.4642 -0.2656
vn -0.8604 0.3449 0.3753
vn -0.8572 0.2413 0.4550
vn -0.4482 0.1849 0.8746
vn -0.4928 0.2702 0.8271
vn 0.8357 -0.5127 0.1966
vn 0.8477 -0.4946 0.1917
vn 0.4031 -0.4923 0.7714
vn 0.4121 -0.4977 0.7632
vn -0.5082 -0.7713 0.3832
vn -0.4660 -0.8338 0.2960
vn 0.6846 -0.7246 0.0788
vn 0.5336 -0.8288 0.1682
vn 0.8411 -0.2578 -0.4756
vn 0.8403 -0.2591 -0.4763
vn 0.2771 0.1194 -0.9534
vn 0.2725 0.1172 -0.9550
vn -0.5291 0.2686 -0.8049
vn -0.4009 0.2886 -0.8695
vn -0.8938 0.1280 -0.4299
vn -0.9225 0.1215 -0.3665
vn 0.8177 -0.3356 -0.4678
vn 0.9010 -0.4086 -0.1457
vn 0.9100 -0.4042 -0.0919
vn 0.9075 -0.3993 -0.1307
vn -0.0612 0.0790 -0.9950
vn 0.2791 -0.1209 -0.9526
vn -0.0461 0.1392 -0.9892
vn -0.1073 0.2042 -0.9730
vn -0.9258 0.3755 -0.0440
vn -0.9493 0.2489 -0.1921
vn -0.9569 0.1354 -0.2570
vn -0.9606 0.1321 -0.2446
vn -0.2026 -0.4983 0.8430
vn -0.1494 -0.4734 0.8681
vn -0.8017 -0.4669 0.3733
vn -0.7724 -0.4898 0.4044
vn 0.9032 -0.3486 0.2504
vn 0.9128 -0.3222 0.2508
vn 0.3857 -0.3108 0.8687
vn 0.3619 -0.3128 0.8782
vn -0.6855 0.1413 -0.7142
vn -0.6999 0.1530 -0.6977
vn -0.9863 0.1275 -0.1043
vn -0.9902 0.1265 0.0600
vn -0.0401 -0.2425 0.9693
vn -0.0360 -0.2606 0.9648
vn -0.0271 -0.2925 0.9559
vn -0.0111 -0.2944 0.9556
vn -0.6012 0.0183 -0.7989
vn -0.6322 0.0349 -0.7740
vn -0.9797 0.0969 0.1754
vn -0.9644 0.0847 0.2507
vn -0.8441 0.0683 0.5318
vn -0.8210 0.0452 0.5691
vn -0.5108 -0.0825 0.8557
vn -0.5035 -0.0714 0.8610
vn 0.8364 0.0699 0.5437
vn 0.7580 0.1258 0.6400
vn 0.1264 0.1859 0.9744
vn 0.2149 0.1043 0.9710
vn 0.9867 -0.0181 -0.1614
vn 0.9806 -0.1434 -0.1334
vn 0.9605 -0.2286 -0.1587
vn 0.9552 -0.0471 -0.2923
vn 0.3515 0.0683 -0.9337
vn 0.3830 0.1442 -0.9124
vn 0.4619 0.1039 -0.8808
vn 0.3395 0.0904 -0.9362
vn -0.9105 0.2623 0.3197
vn -0.9314 0.1991 0.3046
vn -0.9372 0.1340 0.3221
vn -0.9221 0.2042 0.3288
vn -0.0673 0.0513 0.9964
vn -0.0915 0.0060 0.9958
vn -0.1001 -0.1211 0.9876
vn -0.0787 -0.0842 0.9933
vn -0.0643 -0.2564 0.9644
vn -0.1379 -0.1858 0.9729
vn -0.4042 0.0308 0.9141
vn -0.5125 0.1020 0.8526
vn -0.0907 -0.2981 0.9502
vn -0.1374 -0.3140 0.9394
vn -0.7196 -0.3388 0.6062
vn -0.5867 -0.2751 0.7616
vn -0.8566 -0.4113 -0.3116
vn -0.8519 -0.4173 -0.3166
vn -0.8846 -0.2710 -0.3795
vn -0.8884 -0.2737 -0.3686
vn -0.6569 -0.0846 0.7492
vn -0.6425 -0.0778 0.7623
vn -0.9771 -0.1786 0.1160
vn -0.9825 -0.1752 0.0626
vn -0.9771 -0.0043 0.2129
vn -0.9782 -0.0029 0.2075
vn -0.9514 -0.2995 -0.0713
vn -0.9490 -0.3055 -0.0781
vn -0.0891 0.0159 0.9959
vn -0.0915 0.0656 0.9936
vn -0.1253 -0.0616 0.9902
vn -0.1193 -0.1003 0.9878
vn 0.0020 -0.1839 0.9829
vn -0.0386 -0.1573 0.9868
vn -0.1314 -0.0991 0.9864
vn -0.1344 -0.1030 0.9856
vn -0.9805 -0.0273 -0.1947
vn -0.9565 -0.0821 -0.2800
vn -0.9900 0.0771 0.1185
vn -0.9976 0.0697 0.0052
vn -0.9425 -0.3317 0.0404
vn -0.9491 -0.3090 0.0611
vn -0.8790 -0.0136 0.4766
vn -0.8925 -0.0227 0.4506
vn 0.6700 0.7424 0.0035
vn 0.7503 0.6527 0.1056
vn 0.7776 0.6188 0.1118
vn 0.6841 0.7063 0.1822
vn 0.6620 0.7347 0.1480
vn 0.6959 0.7176 0.0280
vn 0.2493 0.0160 0.9683
vn -0.1649 0.3042 0.9382
vn -0.0980 0.2661 0.9589
vn 0.3242 -0.0318 0.9455
vn -0.7247 0.6836 0.0864
vn -0.6573 0.6741 0.3370
vn -0.6628 0.6428 0.3841
vn -0.7412 0.6594 0.1257
vn -0.1312 0.0241 -0.9911
vn -0.2702 0.1572 -0.9499
vn -0.3169 0.1609 -0.9347
vn -0.1744 0.0173 -0.9845
vn 0.8295 -0.5583 -0.0171
vn 0.7672 -0.5195 -0.3762
vn 0.7268 -0.5439 -0.4195
vn 0.8038 -0.5927 -0.0516
vn -0.5556 -0.0274 0.8310
vn -0.7169 -0.5323 0.4503
vn -0.5037 -0.0607 0.8617
vn -0.9421 0.2223 0.2509
vn -0.9537 -0.2835 0.1004
vn -0.9277 0.2160 0.3044
vn -0.4472 0.0128 -0.8944
vn -0.6627 -0.4177 -0.6216
vn -0.4808 0.0314 -0.8763
vn 0.6211 -0.6754 -0.3976
vn 0.0873 -0.9487 -0.3040
vn 0.5982 -0.6635 -0.4494
vn -0.1198 -0.9384 0.3240
vn 0.3959 -0.5547 0.7318
vn 0.3594 -0.5387 0.7620
vn 0.4866 -0.1743 0.8560
vn 0.2381 0.0012 0.9712
vn 0.2264 0.0356 0.9734
vn 0.4613 -0.1375 0.8765
vn 0.0979 -0.9694 0.2253
vn 0.6203 -0.6906 0.3717
vn 0.5955 -0.6732 0.4384
vn 0.7720 -0.4440 0.4548
vn 0.4577 -0.2120 0.8635
vn 0.4077 -0.1527 0.9003
vn 0.7415 -0.3968 0.5410
vn 0.8847 0.4239 0.1941
vn 0.8674 -0.0241 0.4971
vn 0.9601 -0.2578 0.1088
vn -0.3878 0.7934 0.4691
vn 0.0857 0.5538 0.8283
vn 0.2880 0.9142 0.2851
vn 0.8435 -0.1979 -0.4993
vn 0.2587 0.0367 -0.9653
vn 0.7677 0.4393 -0.4666
vn 0.3522 0.8469 -0.3984
vn -0.2364 0.5805 -0.7792
vn -0.3954 0.9002 -0.1825
vn -0.5991 0.5010 0.6246
vn -0.7397 0.3003 0.6023
vn -0.5460 0.1565 0.8230
vn -0.3779 0.3345 0.8633
vn 0.7847 -0.5432 0.2987
vn 0.7413 -0.6443 0.1880
vn 0.6676 -0.7301 -0.1459
vn 0.7499 -0.6600 -0.0447
vn -0.6344 0.3589 -0.6846
vn -0.7173 0.1889 -0.6707
vn -0.9309 0.3627 -0.0444
vn -0.8134 0.5792 -0.0541
vn 0.5081 -0.4936 -0.7059
vn 0.4034 -0.5365 -0.7413
vn -0.1520 -0.2289 -0.9615
vn -0.0170 -0.2098 -0.9776
vn 0.1941 -0.3325 0.9229
vn 0.3017 -0.1340 0.9439
vn -0.0062 0.0753 0.9971
vn -0.1818 -0.1054 0.9777
vn 0.4024 0.3063 0.8627
vn 0.4546 0.2996 0.8388
vn 0.7194 0.5440 0.4320
vn 0.5559 -0.5701 0.6049
vn 0.5885 -0.4250 0.6878
vn 0.5098 -0.2818 0.8129
vn 0.4975 -0.4622 0.7341
vn 0.7237 0.5572 0.4072
vn 0.5945 0.1790 0.7839
vn 0.6397 0.0756 0.7649
vn 0.9118 0.4001 0.0922
vn 0.9631 -0.2575 0.0779
vn 0.9768 -0.2109 0.0365
vn 0.8814 0.4705 0.0408
vn 0.5668 0.6304 -0.5304
vn 0.0969 0.1806 -0.9788
vn 0.1082 0.2527 -0.9615
vn 0.5668 0.6727 -0.4756
vn 0.3709 0.9286 -0.0034
vn -0.3649 0.9305 0.0306
vn -0.4752 0.8778 0.0596
vn 0.2580 0.9660 0.0152
vn 0.6895 0.6614 0.2954
vn 0.5695 0.2427 0.7854
vn 0.6431 0.1726 0.7461
vn 0.7420 0.5020 0.4443
vn -0.2254 0.3588 0.9058
vn -0.5616 0.5818 0.5884
vn -0.5585 0.5740 0.5988
vn -0.2852 0.3921 0.8746
vn 0.2580 -0.9648 -0.0504
vn 0.6649 -0.7214 -0.1939
vn 0.6644 -0.7281 0.1685
vn -0.7259 0.6785 -0.1129
vn -0.5405 0.3975 -0.7415
vn -0.5513 0.3971 -0.7337
vn -0.7318 0.6749 -0.0941
vn 0.0841 -0.1033 -0.9911
vn 0.6079 -0.4799 -0.6326
vn 0.6010 -0.4835 -0.6364
vn 0.1053 -0.1267 -0.9863
vn -0.6594 0.0285 0.7513
vn -0.8486 0.1463 0.5084
vn -0.8672 -0.3275 0.3750
vn 0.7933 -0.4744 0.3816
vn 0.8441 -0.5361 0.0098
vn 0.8476 -0.5299 0.0274
vn 0.7876 -0.4599 0.4100
vn -0.9740 0.2094 -0.0862
vn -0.7386 0.1111 -0.6649
vn -0.9183 -0.1632 -0.3608
vn -0.1729 -0.2273 -0.9584
vn 0.3709 -0.5782 -0.7268
vn -0.1973 -0.7111 -0.6748
vn -0.2395 0.2566 0.9364
vn -0.4314 0.0944 0.8972
vn -0.3929 0.0540 0.9180
vn -0.1984 0.2152 0.9562
vn -0.7294 0.5834 0.3574
vn -0.8742 0.3721 0.3118
vn -0.8587 0.3640 0.3608
vn -0.7102 0.5701 0.4130
vn -0.3759 0.0845 -0.9228
vn -0.4531 0.0111 -0.8914
vn -0.4473 0.0712 -0.8916
vn -0.3726 0.1453 -0.9166
vn 0.6579 -0.6401 -0.3969
vn 0.5852 -0.7136 -0.3850
vn 0.6309 -0.6209 -0.4652
vn 0.6904 -0.5468 -0.4737
vn 0.4585 -0.2594 0.8500
vn 0.4003 -0.4485 0.7991
vn 0.4517 -0.4285 0.7825
vn 0.5017 -0.2411 0.8307
vn -0.4122 -0.7663 0.4928
vn 0.1411 -0.4514 0.8811
vn -0.2757 -0.2231 0.9350
vn 0.7073 0.5898 0.3897
vn 0.4291 0.3207 0.8444
vn 0.4821 0.3416 0.8068
vn 0.7228 0.6151 0.3150
vn 0.0812 0.1492 0.9855
vn 0.3016 -0.0092 0.9534
vn 0.2538 0.0329 0.9667
vn 0.0919 0.1482 0.9847
vn 0.6999 -0.5261 0.4831
vn 0.6088 -0.6578 0.4434
vn 0.6969 -0.6049 0.3852
vn 0.7787 -0.4764 0.4083
vn 0.0145 -0.9432 0.3320
vn 0.5358 -0.6408 0.5499
vn 0.4429 -0.5843 0.6801
vn 0.6411 0.5982 0.4808
vn 0.4337 0.1697 0.8849
vn 0.5746 0.2515 0.7788
vn 0.6799 0.6719 0.2936
vn 0.4856 -0.1861 0.8542
vn 0.5992 -0.2748 0.7519
vn 0.5631 -0.2397 0.7909
vn 0.4544 -0.1535 0.8775
vn 0.2680 -0.6713 0.6910
vn 0.2552 -0.6717 0.6955
vn 0.2763 -0.6635 0.6953
vn -0.7391 0.6118 -0.2817
vn -0.7637 0.5920 -0.2575
vn -0.7553 0.6026 -0.2578
vn -0.7330 0.6303 -0.2557
vn 0.1623 0.2828 -0.9453
vn 0.1367 0.3058 -0.9422
vn 0.0711 0.1751 -0.9820
vn 0.1024 0.1356 -0.9855
vn 0.0823 0.9005 -0.4271
vn 0.0875 0.8457 -0.5265
vn -0.0728 0.7420 0.6665
vn 0.1040 0.5678 0.8166
vn 0.2187 0.5609 0.7985
vn 0.2432 0.3054 -0.9206
vn 0.1453 0.2909 -0.9457
vn 0.5712 0.1054 -0.8140
vn 0.6414 0.0010 -0.7672
vn 0.6426 0.1070 -0.7587
vn 0.2291 -0.6424 0.7314
vn 0.2402 -0.6059 0.7584
vn 0.2723 -0.6433 0.7155
vn 0.2540 -0.6676 0.6998
vn -0.6971 0.0972 -0.7104
vn -0.7171 0.0974 -0.6901
vn -0.6861 0.1097 -0.7192
vn 0.7099 -0.3583 0.6063
vn 0.6518 -0.5105 0.5608
vn 0.5369 -0.4759 0.6966
vn 0.5806 -0.3438 0.7380
vn -0.4088 -0.3387 0.8474
vn -0.4935 -0.3685 0.7878
vn -0.3574 -0.2602 0.8970
vn -0.3174 -0.4105 0.8549
vn -0.7349 -0.3400 0.5868
vn -0.4163 -0.2623 0.8706
vn -0.3824 -0.2538 0.8885
vn -0.3504 -0.2836 0.8927
vn -0.3326 -0.3072 0.8916
vn -0.3509 -0.3474 0.8696
vn -0.4906 0.1021 -0.8654
vn -0.5182 0.2321 -0.8231
vn -0.7493 0.0895 -0.6562
vn -0.7382 0.0714 -0.6708
vn 0.3302 0.2149 -0.9191
vn 0.5111 0.1540 -0.8456
vn 0.1604 0.3047 -0.9388
vn -0.0111 0.2975 -0.9547
vn 0.6339 -0.3918 0.6669
vn 0.6031 -0.2147 0.7683
vn 0.7022 -0.2260 0.6752
vn 0.7120 -0.4316 0.5539
vn -0.5693 0.0071 0.8221
vn -0.6135 0.0123 0.7896
vn -0.6219 0.0487 0.7816
vn -0.5822 0.0357 0.8123
vn -0.0480 -0.0702 0.9964
vn -0.0317 -0.0809 0.9962
vn -0.0478 -0.1139 0.9923
vn -0.0947 -0.0922 0.9912
vn 0.6556 -0.0007 -0.7551
vn 0.6510 -0.0229 -0.7587
vn 0.6485 0.0040 -0.7612
vn 0.1982 -0.5932 0.7803
vn 0.2005 -0.5613 0.8030
vn 0.2353 -0.5840 0.7769
vn -0.7497 0.1667 -0.6405
vn -0.7563 0.1281 -0.6416
vn -0.5029 0.2401 -0.8303
vn -0.6409 0.3035 -0.7050
vn -0.7847 0.4276 -0.4488
vn -0.7735 0.4140 -0.4798
vn -0.7618 0.4205 -0.4928
vn -0.7740 0.4333 -0.4618
vn 0.1220 0.2268 -0.9663
vn 0.1083 0.2380 -0.9652
vn 0.1049 0.2066 -0.9728
vn 0.1192 0.1999 -0.9725
vn 0.6080 -0.4951 0.6207
vn 0.6577 -0.4733 0.5860
vn 0.6157 -0.5398 0.5741
vn 0.5613 -0.5339 0.6324
vn 0.0150 -0.0932 0.9955
vn 0.0853 -0.1760 0.9807
vn -0.0018 -0.1314 0.9913
vn -0.6209 0.0179 0.7837
vn -0.6475 0.0300 0.7615
vn -0.6610 0.0356 0.7496
vn -0.7981 0.3582 -0.4844
vn -0.7790 0.3592 -0.5139
vn -0.7752 0.3586 -0.5201
vn -0.7937 0.3575 -0.4921
vn 0.0862 0.2419 -0.9665
vn 0.0676 0.3262 -0.9429
vn 0.0437 0.3033 -0.9519
vn 0.0928 0.2130 -0.9726
vn 0.6836 -0.4471 0.5769
vn 0.6759 -0.4445 0.5878
vn 0.6623 -0.4409 0.6058
vn 0.6720 -0.4432 0.5932
vn 0.1485 -0.1775 0.9728
vn -0.0168 -0.2110 0.9773
vn 0.1158 -0.2404 0.9637
vn 0.2243 -0.1878 0.9563
vn -0.1540 -0.0596 0.9863
vn -0.1856 -0.0442 0.9816
vn -0.1639 -0.1387 0.9767
vn -0.0784 -0.1853 0.9795
vn -0.6954 -0.0039 -0.7186
vn -0.6703 -0.0025 -0.7421
vn -0.6701 0.0296 -0.7416
vn -0.6937 0.0251 -0.7198
vn 0.1712 0.4205 -0.8910
vn 0.1692 0.4188 -0.8922
vn 0.1810 0.4207 -0.8890
vn -0.6412 -0.0530 -0.7656
vn -0.6399 -0.0474 -0.7670
vn -0.6209 -0.0329 -0.7832
vn -0.6188 -0.0403 -0.7845
vn 0.1561 0.3585 -0.9204
vn 0.1524 0.3566 -0.9217
vn 0.1649 0.3606 -0.9180
vn -0.7652 0.4029 -0.5022
vn -0.7520 0.3912 -0.5305
vn -0.7496 0.4022 -0.5257
vn -0.7629 0.4142 -0.4964
vn 0.1823 0.3097 -0.9332
vn 0.1891 0.3256 -0.9264
vn 0.1917 0.3109 -0.9309
vn -0.9196 0.3929 -0.0015
vn -0.8088 0.1313 0.5733
vn -0.4528 0.5035 0.7358
vn 0.1712 -0.9850 -0.0232
vn -0.4983 -0.5772 -0.6470
vn 0.6189 -0.3608 -0.6977
vn -0.9260 -0.3580 -0.1202
vn -0.3039 -0.7325 0.6092
vn -0.5600 -0.4729 0.6802
vn 0.5910 -0.6548 0.4712
vn 0.8699 -0.2981 -0.3930
vn 0.8407 -0.4286 0.3310
vn 0.2046 -0.5527 0.8078
vn 0.3530 -0.5083 0.7856
vn -0.0555 -0.4241 0.9039
vn 0.4120 -0.4519 0.7912
vn 0.4382 -0.3284 0.8368
vn -0.1158 -0.3789 0.9182
vn -0.9493 -0.0421 -0.3115
vn -0.9027 -0.2140 0.3733
vn -0.9386 0.2952 -0.1783
vn -0.5811 0.4428 -0.6828
vn -0.2195 0.2583 -0.9408
vn -0.0447 0.2744 -0.9606
vn -0.4877 0.2561 -0.8346
vn 0.7442 0.1207 -0.6570
vn 0.1882 0.4071 -0.8938
vn 0.1491 0.3456 -0.9265
vn 0.6717 0.0503 -0.7391
vn 0.9191 -0.3381 0.2022
vn 0.9189 -0.2967 0.2601
vn 0.4067 -0.3464 0.8453
vn 0.4825 -0.4264 0.7651
vn 0.1044 -0.2757 0.9556
vn -0.0910 -0.3296 0.9397
vn -0.2190 -0.0949 0.9711
vn -0.4667 -0.0449 0.8833
vn -0.4098 -0.1998 0.8900
vn -0.8140 0.1168 0.5690
vn -0.9115 0.3898 -0.1313
vn -0.9451 0.3256 -0.0294
vn -0.7303 -0.0528 0.6811
vn -0.2853 -0.7635 0.5793
vn -0.8926 -0.3324 -0.3046
vn -0.8907 -0.3797 -0.2500
vn -0.3425 0.0793 -0.9362
vn -0.0761 0.3814 -0.9213
vn 0.4713 0.0255 -0.8816
vn -0.5920 0.4155 -0.6906
vn -0.1445 0.3278 -0.9336
vn -0.0869 0.3617 -0.9282
vn -0.5551 0.4273 -0.7136
vn 0.5551 0.1014 -0.8256
vn 0.1695 0.2650 -0.9492
vn 0.5283 -0.0339 -0.8484
vn 0.8887 -0.4496 0.0901
vn 0.9501 -0.2946 0.1026
vn 0.2657 -0.2933 0.9183
vn 0.5134 -0.4499 0.7308
vn 0.5352 -0.4080 0.7397
vn -0.9305 0.3385 -0.1401
vn -0.9191 0.3766 -0.1156
vn -0.8326 0.1830 0.5228
vn -0.8501 0.1630 0.5007
vn -0.1231 0.3139 -0.9414
vn -0.5831 0.4063 -0.7035
vn -0.5898 0.3772 -0.7141
vn -0.4945 -0.0124 0.8691
vn -0.4696 -0.0069 0.8829
vn -0.2566 -0.0790 0.9633
vn 0.8945 -0.4385 0.0868
vn 0.8781 -0.4605 0.1300
vn 0.5760 -0.0589 -0.8154
vn -0.7497 -0.2649 0.6064
vn -0.9581 -0.1211 -0.2595
vn -0.9675 -0.0881 -0.2369
vn -0.1782 0.1287 -0.9755
vn -0.5171 0.1411 -0.8442
vn -0.0460 0.3963 -0.9170
vn -0.9387 -0.1680 -0.3011
vn -0.9469 -0.1481 -0.2852
vn -0.7624 -0.2685 0.5887
vn -0.0315 0.3009 -0.9531
vn -0.0514 0.3387 -0.9395
vn -0.4584 0.1338 -0.8786
vn -0.4270 0.1012 -0.8986
vn -0.7744 -0.0847 0.6269
vn -0.9238 0.3828 -0.0069
vn -0.9313 0.3570 -0.0730
vn -0.6337 0.5331 -0.5606
vn -0.5376 0.4196 -0.7314
vn -0.0835 0.3657 -0.9270
vn -0.1935 0.3960 -0.8977
vn 0.9519 -0.2155 0.2178
vn 0.7685 0.6109 -0.1901
vn 0.3774 0.4162 0.8272
vn 0.6329 -0.2782 0.7225
vn 0.5845 -0.4066 0.7022
vn 0.3433 -0.2792 0.8968
vn 0.2882 -0.2927 0.9117
vn 0.5315 -0.3934 0.7502
vn -0.8561 0.1548 0.4931
vn -0.9357 0.3233 -0.1413
vn -0.9346 0.3234 -0.1483
vn -0.8597 0.1567 0.4862
vn -0.7286 0.5798 -0.3646
vn -0.3339 0.8005 0.4977
vn -0.1384 0.8149 -0.5629
vn -0.6092 0.5286 -0.5911
vn -0.5991 0.3783 -0.7057
vn -0.1698 0.3733 -0.9120
vn -0.1608 0.3157 -0.9351
vn -0.6009 0.3691 -0.7090
vn 0.9380 -0.2633 0.2256
vn 0.7610 0.0213 -0.6484
vn 0.8388 -0.0216 -0.5441
vn 0.8981 -0.2656 0.3504
vn 0.8309 -0.3472 -0.4348
vn 0.5629 -0.6886 0.4571
vn 0.6125 -0.6666 0.4249
vn 0.8277 -0.3280 -0.4553
vn -0.2108 -0.8162 0.5379
vn -0.8794 -0.4068 -0.2475
vn -0.8927 -0.3636 -0.2662
vn -0.2431 -0.8027 0.5446
vn 0.3558 0.0197 -0.9343
vn -0.3409 0.0835 -0.9364
vn -0.3407 0.0912 -0.9357
vn 0.3549 0.0301 -0.9344
vn 0.1091 -0.5896 0.8003
vn -0.1642 -0.4022 0.9007
vn -0.1156 -0.4544 0.8833
vn 0.1605 -0.6333 0.7571
vn 0.3341 -0.6162 0.7132
vn 0.4587 -0.4898 0.7414
vn 0.4511 -0.4853 0.7490
vn 0.3520 -0.5897 0.7269
vn 0.3001 -0.5357 0.7893
vn -0.2008 -0.4115 0.8890
vn -0.0622 -0.4463 0.8927
vn 0.3775 -0.5460 0.7480
vn -0.7652 -0.2912 0.5742
vn -0.9397 -0.1924 -0.2828
vn -0.9318 -0.1876 -0.3108
vn -0.7671 -0.2724 0.5809
vn -0.4201 0.0941 -0.9026
vn -0.0315 0.2839 -0.9583
vn -0.0297 0.2856 -0.9579
vn -0.4200 0.0889 -0.9032
vn 0.8761 -0.4315 0.2152
vn 0.7268 -0.0002 -0.6869
vn 0.5841 0.1431 -0.7990
vn 0.9540 -0.2908 0.0725
vn -0.7601 0.4833 -0.4343
vn -0.7136 0.1812 -0.6767
vn -0.7335 0.1687 -0.6585
vn -0.7833 0.4840 -0.3901
vn 0.7514 -0.3682 0.5475
vn 0.7505 -0.3683 0.5487
vn 0.7432 -0.3042 0.5960
vn 0.7210 -0.3916 0.5718
vn -0.2920 -0.2732 0.9166
vn -0.1176 -0.1477 0.9820
vn -0.1348 -0.1379 0.9812
vn -0.3206 -0.2633 0.9099
vn -0.6073 -0.0036 0.7944
vn -0.9363 0.3501 0.0284
vn -0.9236 0.3784 -0.0613
vn -0.6837 0.0322 0.7290
vn -0.5491 -0.2013 0.8112
vn -0.5639 -0.0329 0.8252
vn -0.5795 -0.0774 0.8113
vn -0.5388 -0.2481 0.8051
vn -0.4648 -0.0160 0.8853
vn -0.2062 -0.0486 0.9773
vn -0.2127 -0.0615 0.9752
vn -0.4487 -0.0166 0.8935
vn 0.8510 -0.3291 -0.4094
vn 0.6075 -0.6420 0.4677
vn 0.6067 -0.6405 0.4708
vn 0.8532 -0.3325 -0.4018
vn -0.2684 -0.7357 0.6219
vn -0.8863 -0.3999 -0.2335
vn -0.8779 -0.4074 -0.2516
vn -0.2597 -0.7317 0.6302
vn -0.7211 0.1194 -0.6825
vn -0.7395 0.1519 -0.6557
vn -0.6735 0.2294 -0.7027
vn -0.6960 0.1110 -0.7094
vn -0.5488 0.4169 -0.7245
vn -0.0677 0.3816 -0.9219
vn -0.0741 0.3763 -0.9235
vn -0.5518 0.4202 -0.7204
vn -0.7685 0.4033 -0.4967
vn -0.7704 0.4155 -0.4836
vn -0.7565 0.4198 -0.5015
vn -0.7541 0.4081 -0.5146
vn 0.8776 -0.4745 0.0692
vn 0.5509 -0.0573 -0.8326
vn 0.6022 -0.0712 -0.7952
vn 0.8759 -0.4445 0.1876
vn 0.1704 0.2863 -0.9429
vn 0.1388 0.2429 -0.9601
vn 0.1400 0.2280 -0.9635
vn 0.1758 0.2841 -0.9425
vn 0.4585 -0.2289 0.8587
vn -0.0509 -0.3213 0.9456
vn -0.1697 -0.3388 0.9254
vn 0.3826 -0.2425 0.8915
vn 0.6070 -0.3804 0.6977
vn 0.5955 -0.4527 0.6637
vn 0.5642 -0.4660 0.6815
vn 0.5796 -0.3726 0.7247
vn 0.4637 -0.4724 0.7496
vn 0.2146 -0.2604 0.9414
vn 0.2277 -0.2732 0.9346
vn 0.4978 -0.4949 0.7122
vn -0.8131 0.2045 0.5451
vn -0.9102 0.4028 -0.0966
vn -0.9078 0.4049 -0.1094
vn -0.8116 0.1992 0.5492
vn -0.5757 0.4078 -0.7088
vn -0.1192 0.3140 -0.9419
vn -0.1472 0.3230 -0.9349
vn -0.5985 0.4113 -0.6875
vn -0.4983 -0.0234 0.8667
vn -0.2890 -0.0854 0.9535
vn -0.4379 -0.0062 0.8990
vn -0.5778 0.0048 0.8161
vn 0.9051 -0.4195 0.0690
vn 0.5479 -0.0293 -0.8361
vn 0.5605 0.0464 -0.8269
vn 0.9168 -0.3991 0.0173
vn -0.6146 0.0338 0.7881
vn -0.6201 0.0306 0.7839
vn -0.6557 0.0342 0.7542
vn -0.6458 0.0407 0.7624
vn -0.7908 0.4054 -0.4586
vn -0.7920 0.3704 -0.4853
vn -0.7771 0.3785 -0.5028
vn -0.7766 0.4088 -0.4794
vn 0.6624 -0.5093 0.5494
vn 0.6765 -0.4794 0.5591
vn 0.6731 -0.4562 0.5821
vn 0.6562 -0.5044 0.5613
vn -0.7586 -0.2536 0.6002
vn -0.9706 -0.0804 -0.2267
vn -0.9705 -0.0720 -0.2299
vn -0.7343 -0.2733 0.6213
vn -0.7308 0.0556 -0.6803
vn -0.7133 0.0226 -0.7005
vn -0.6991 0.0579 -0.7127
vn -0.6144 0.1085 -0.7815
vn 0.1189 0.2865 -0.9507
vn 0.1419 0.3277 -0.9340
vn 0.1474 0.3411 -0.9284
vn 0.1136 0.2887 -0.9507
vn 0.1300 0.2844 -0.9498
vn 0.1630 0.4509 -0.8776
vn 0.1811 0.4289 -0.8850
vn 0.2342 0.3574 -0.9041
vn -0.7583 -0.2708 0.5930
vn -0.9484 -0.1541 -0.2770
vn -0.9475 -0.1480 -0.2833
vn -0.7627 -0.2769 0.5845
vn -0.4790 0.1621 -0.8627
vn -0.0497 0.3544 -0.9338
vn -0.0403 0.3602 -0.9320
vn -0.4800 0.1679 -0.8611
vn -0.6669 0.0002 -0.7452
vn -0.6507 -0.0282 -0.7588
vn -0.6272 -0.0307 -0.7783
vn -0.6462 0.0027 -0.7632
vn 0.1705 0.4046 -0.8984
vn 0.1633 0.3779 -0.9113
vn 0.1717 0.3796 -0.9091
vn 0.1796 0.4077 -0.8953
vn -0.8787 -0.2096 0.4289
vn -0.9300 0.3589 -0.0792
vn -0.9501 0.3089 -0.0424
vn -0.8624 -0.2784 0.4229
vn -0.6447 0.5888 -0.4876
vn -0.2547 0.3629 -0.8964
vn -0.1582 0.2874 -0.9447
vn -0.5756 0.5495 -0.6056
vn -0.7583 0.5648 -0.3256
vn -0.7656 0.4731 -0.4360
vn -0.7525 0.4677 -0.4638
vn -0.7478 0.5695 -0.3414
vn 0.1570 0.2513 -0.9551
vn 0.1854 0.3039 -0.9345
vn 0.1866 0.2913 -0.9383
vn 0.1671 0.2534 -0.9528
vn -0.9480 0.2555 -0.1897
vn -0.9541 0.2549 -0.1573
vn 0.0012 -0.4727 -0.8812
vn 0.4365 0.2998 -0.8483
vn -0.8850 0.2901 -0.3642
vn -0.8897 0.2883 -0.3541
vn 0.2681 0.2744 -0.9235
vn 0.1539 0.2815 -0.9472
vn 0.1604 0.2569 -0.9530
vn 0.2613 0.2492 -0.9325
vn 0.9843 0.0897 0.1521
vn 0.9910 0.0407 0.1271
vn 0.9806 0.0479 0.1903
vn 0.9848 0.1030 0.1401
vn 0.3078 -0.0799 0.9481
vn 0.1621 -0.0860 0.9830
vn 0.2313 -0.0960 0.9681
vn 0.2960 -0.1032 0.9496
vn 0.3372 -0.0685 0.9389
vn -0.8284 -0.0215 0.5598
vn -0.8380 -0.0034 0.5456
vn -0.5969 -0.0672 0.7995
vn -0.7170 -0.0693 0.6936
vn 0.0312 0.9669 0.2534
vn 0.0726 0.9621 0.2627
vn 0.0869 0.9621 0.2586
vn 0.0874 0.9659 0.2437
vn 0.2565 -0.2240 -0.9402
vn 0.8043 0.5459 -0.2348
vn 0.3374 -0.1410 -0.9307
vn 0.2995 -0.1670 -0.9394
vn 0.3166 -0.1590 -0.9351
vn 0.1553 0.1836 -0.9707
vn 0.1813 0.0716 -0.9808
vn 0.1724 0.1757 -0.9692
vn 0.9808 -0.1811 -0.0724
vn 0.7987 -0.4531 0.3959
vn 0.9765 -0.2152 -0.0140
vn 0.9963 -0.0756 0.0397
vn -0.0319 -0.8565 0.5151
vn -0.1257 -0.8565 0.5007
vn 0.0262 -0.7861 0.6176
vn 0.1044 -0.7703 0.6291
vn -0.3782 0.1761 -0.9088
vn -0.3789 0.1740 -0.9089
vn -0.3888 0.1781 -0.9039
vn 0.9728 -0.2031 -0.1115
vn 0.9707 -0.1663 -0.1737
vn 0.9297 -0.2829 -0.2358
vn 0.9369 -0.3029 -0.1745
vn -0.2339 -0.7059 0.6686
vn -0.3236 -0.7241 0.6090
vn -0.2248 -0.6867 0.6913
vn -0.7220 -0.1259 0.6803
vn -0.6553 -0.2399 0.7162
vn -0.9802 -0.1020 0.1695
vn -0.9931 0.1063 0.0492
vn 0.1619 -0.3507 0.9224
vn 0.1944 -0.4110 0.8907
vn 0.0041 -0.3620 0.9322
vn -0.0301 -0.3012 0.9531
vn -0.5250 -0.2539 0.8124
vn -0.5631 -0.2381 0.7913
vn -0.5775 -0.2534 0.7761
vn -0.0570 -0.4034 -0.9132
vn -0.0456 -0.3935 -0.9182
vn -0.0644 -0.4070 -0.9111
vn -0.0470 -0.1300 -0.9904
vn -0.0530 -0.1406 -0.9886
vn -0.1092 -0.1258 -0.9860
vn -0.9546 -0.2592 -0.1469
vn -0.9524 -0.2753 -0.1311
vn -0.9536 -0.2711 -0.1307
vn -0.9550 -0.2928 -0.0477
vn -0.9539 -0.2914 -0.0720
vn -0.9519 -0.3001 -0.0620
vn 0.4193 -0.2611 0.8695
vn 0.4107 -0.2760 0.8690
vn 0.3827 -0.2831 0.8794
vn -0.2699 0.1467 -0.9517
vn -0.2452 -0.0650 -0.9673
vn -0.1633 -0.0888 -0.9826
vn 0.0495 0.0064 -0.9988
vn 0.0575 0.1401 -0.9885
vn -0.4149 0.1333 -0.9000
vn -0.4286 0.1285 -0.8943
vn -0.4299 0.1324 -0.8931
vn -0.2895 0.0507 -0.9558
vn -0.2423 -0.0081 -0.9702
vn 0.0246 -0.0193 -0.9995
vn 0.0572 0.0019 -0.9984
vn -0.8397 -0.4290 -0.3331
vn -0.8546 -0.4213 -0.3036
vn -0.8415 -0.4019 -0.3611
vn -0.9692 0.0606 -0.2386
vn -0.9586 0.0588 -0.2787
vn -0.9518 0.0763 -0.2970
vn -0.9628 0.0779 -0.2588
vn -0.9141 -0.0527 0.4020
vn -0.9110 -0.0558 0.4086
vn -0.9147 -0.0649 0.3988
vn -0.6095 -0.7148 0.3428
vn -0.6214 -0.7217 0.3050
vn -0.6203 -0.7132 0.3265
vn -0.6026 -0.7149 0.3547
vn -0.0283 -0.5194 0.8541
vn -0.0373 -0.3694 0.9285
vn 0.1892 -0.2591 0.9471
vn 0.1635 -0.4198 0.8928
vn -0.0422 -0.6042 0.7957
vn -0.9057 0.0091 0.4239
vn -0.9012 0.0075 0.4334
vn -0.9034 0.0085 0.4287
vn -0.9731 0.1952 -0.1226
vn -0.9800 0.1588 -0.1198
vn -0.9715 0.1830 -0.1506
vn -0.9622 0.2259 -0.1525
vn -0.8953 0.0707 0.4397
vn -0.8907 0.0704 0.4492
vn -0.8979 0.0739 0.4339
vn -0.9644 -0.2325 -0.1259
vn -0.9395 -0.3301 -0.0921
vn -0.8683 -0.3577 -0.3437
vn -0.8945 -0.2762 -0.3516
vn -0.9648 0.0940 0.2455
vn -0.9774 0.1695 -0.1265
vn -0.9638 0.2165 -0.1557
vn -0.9731 0.1650 0.1608
vn -0.1804 -0.7711 0.6106
vn -0.1814 -0.7780 0.6015
vn -0.1939 -0.7752 0.6012
vn -0.9345 -0.0949 0.3430
vn -0.9347 -0.0903 0.3439
vn -0.9316 -0.0918 0.3517
vn -0.9170 -0.0417 -0.3967
vn -0.9289 -0.0602 -0.3655
vn -0.9117 -0.0398 -0.4089
vn 0.9573 -0.1617 -0.2395
vn 0.9647 -0.1634 -0.2066
vn 0.9597 -0.1676 -0.2257
vn 0.5659 -0.3172 0.7610
vn 0.5715 -0.3090 0.7602
vn 0.5564 -0.3129 0.7698
vn 0.4376 -0.0581 0.8973
vn 0.4740 -0.1730 0.8634
vn 0.3894 -0.1633 0.9065
vn 0.0992 -0.0884 0.9911
vn 0.1143 -0.0501 0.9922
vn 0.9771 -0.1061 0.1847
vn 0.9841 -0.0680 0.1641
vn 0.9882 -0.1383 0.0666
vn 0.9837 -0.1538 0.0935
vn -0.4724 -0.1092 0.8746
vn -0.4098 -0.1837 0.8935
vn -0.9521 -0.0757 0.2962
vn -0.9679 -0.0031 0.2512
vn -0.9850 -0.1253 0.1183
vn -0.9785 -0.1246 0.1643
vn -0.9842 -0.1738 -0.0328
vn -0.9833 -0.1676 -0.0705
vn -0.6935 -0.2275 0.6836
vn -0.7263 -0.1586 0.6688
vn -0.6303 -0.1796 0.7553
vn -0.6486 -0.2333 0.7245
vn -0.6482 -0.3160 0.6928
vn -0.6663 -0.3328 0.6673
vn -0.9330 -0.2726 -0.2350
vn -0.9213 -0.3249 -0.2134
vn -0.9495 -0.2522 -0.1868
vn -0.9802 0.0039 -0.1981
vn -0.9811 0.0099 -0.1934
vn -0.9851 0.0038 -0.1719
vn -0.9834 -0.1311 0.1254
vn -0.9751 -0.1143 -0.1903
vn -0.9826 -0.1016 -0.1558
vn -0.9411 -0.1266 0.3136
vn -0.9533 -0.0424 0.2991
vn -0.9256 0.0112 0.3784
vn -0.6305 -0.0394 0.7752
vn -0.6876 -0.0925 0.7202
vn -0.5900 -0.6114 -0.5274
vn -0.5914 -0.6407 -0.4897
vn -0.5651 -0.6273 -0.5359
vn 0.4910 0.8658 -0.0965
vn 0.9063 0.4049 -0.1212
vn 0.5432 0.4929 -0.6797
vn 0.4427 0.7358 0.5124
vn 0.5214 0.1983 0.8300
vn 0.8554 0.2924 0.4275
vn -0.1068 0.7378 0.6666
vn -0.5575 0.2308 0.7974
vn 0.0465 0.1859 0.9815
vn -0.2271 0.0637 -0.9718
vn -0.2631 -0.3455 -0.9008
vn -0.7915 -0.1665 -0.5881
vn -0.7318 0.2509 -0.6336
vn -0.9567 0.0734 0.2816
vn -0.9121 0.0164 0.4096
vn -0.9931 0.0005 0.1170
vn -0.9485 0.0412 0.3139
vn -0.9423 0.0439 0.3319
vn 0.9722 0.0561 -0.2273
vn 0.9034 -0.0325 -0.4275
vn 0.5043 0.0525 -0.8619
vn 0.4856 0.1973 -0.8516
vn -0.5326 -0.1056 0.8398
vn -0.4282 -0.1898 0.8835
vn -0.0209 -0.1057 0.9942
vn 0.9102 -0.1136 -0.3984
vn 0.8074 -0.1510 -0.5704
vn 0.0726 0.0157 -0.9972
vn 0.2610 0.0357 -0.9647
vn 0.9092 -0.3060 0.2824
vn 0.4660 -0.5675 0.6788
vn 0.6705 -0.3699 0.6432
vn 0.9500 -0.2803 0.1376
vn -0.0977 -0.6261 0.7736
vn -0.5304 -0.3401 0.7765
vn 0.2312 -0.2830 0.9308
vn 0.2868 -0.4335 0.8543
vn -0.5541 0.7594 0.3411
vn -0.8764 0.3456 0.3354
vn -0.9084 0.0312 0.4170
vn -0.9301 0.2494 0.2695
vn -0.8416 0.0099 0.5400
vn 0.3101 -0.1854 0.9325
vn -0.8204 -0.0021 0.5717
vn 0.8659 -0.3528 0.3545
vn 0.4171 -0.4893 0.7659
vn 0.4115 -0.6264 0.6620
vn 0.8459 -0.3586 0.3947
vn -0.2472 -0.7606 0.6004
vn -0.1380 -0.4460 0.8843
vn -0.7642 -0.3527 0.5400
vn -0.2192 -0.4022 0.8889
vn -0.1316 -0.5220 0.8427
vn -0.2202 -0.6314 0.7435
vn -0.4567 -0.4297 0.7789
vn 0.3999 -0.5014 0.7672
vn 0.4003 -0.4501 0.7982
vn 0.8877 -0.3925 0.2408
vn -0.5725 -0.4341 0.6955
vn -0.5021 -0.6331 0.5892
vn -0.2621 -0.7022 0.6620
vn -0.2416 -0.5986 0.7638
vn -0.4563 -0.4004 0.7946
vn 0.0811 0.0372 -0.9960
vn 0.0106 0.0148 -0.9998
vn -0.1627 -0.0544 -0.9852
vn -0.0117 -0.1619 -0.9867
vn 0.7118 -0.2136 -0.6691
vn 0.8047 -0.1851 -0.5641
vn 0.2007 -0.1009 -0.9744
vn -0.1094 0.0445 -0.9930
vn 0.0326 -0.0062 -0.9994
vn 0.5927 -0.2974 0.7485
vn 0.2833 -0.1819 0.9416
vn 0.7417 -0.2326 0.6291
vn 0.9657 -0.2397 0.1000
vn 0.9291 -0.2995 0.2172
vn -0.9684 -0.2346 -0.0840
vn -0.9956 -0.0765 -0.0543
vn -0.9741 -0.1030 0.2011
vn -0.9813 -0.1833 0.0581
vn -0.4390 0.1743 -0.8814
vn -0.5795 0.1452 -0.8019
vn -0.7490 0.1040 -0.6543
vn -0.8249 -0.5627 0.0539
vn -0.6758 -0.7060 -0.2119
vn -0.0526 -0.2704 -0.9613
vn 0.5264 0.4935 -0.6924
vn -0.9415 -0.3367 0.0132
vn -0.9710 -0.1992 0.1324
vn -0.7200 -0.2274 0.6557
vn -0.0744 -0.4246 0.9023
vn -0.5749 -0.6483 0.4992
vn -0.7835 -0.3509 0.5129
vn -0.9854 -0.1700 -0.0114
vn -0.8842 -0.4660 0.0319
vn -0.0839 -0.0721 -0.9939
vn 0.1065 -0.0633 -0.9923
vn -0.0261 -0.0397 -0.9989
vn -0.6915 -0.3047 -0.6549
vn -0.7850 -0.0881 -0.6132
vn -0.2979 -0.0586 -0.9528
vn -0.1642 -0.2022 -0.9655
vn -0.4066 -0.3410 -0.8476
vn -0.4227 -0.0908 -0.9017
vn -0.8276 -0.0090 -0.5612
vn -0.8251 -0.2522 -0.5055
vn -0.4860 -0.2967 0.8220
vn -0.4105 -0.5628 0.7174
vn -0.4039 -0.5601 0.7233
vn -0.2066 -0.2482 0.9464
vn -0.9727 -0.0564 0.2252
vn -0.9691 -0.0150 0.2463
vn -0.9953 0.0962 -0.0121
vn -0.9993 0.0185 -0.0333
vn -0.9990 0.0323 0.0310
vn -0.9934 0.0601 0.0975
vn -0.8380 -0.1210 0.5321
vn -0.9323 -0.0083 0.3615
vn -0.9910 0.0919 0.0970
vn -0.9930 -0.0625 0.1003
vn -0.9484 -0.0967 0.3021
vn -0.9777 -0.1078 0.1803
vn -0.4987 -0.1120 -0.8595
vn -0.8759 -0.1792 -0.4480
vn -0.9027 -0.0704 -0.4244
vn -0.8807 -0.0339 -0.4725
vn -0.7617 -0.0837 -0.6425
vn 0.7723 -0.5760 -0.2680
vn 0.0142 -0.9837 -0.1791
vn -0.7746 -0.5757 0.2618
vn -0.4796 -0.8773 -0.0179
vn 0.0545 -0.7897 -0.6111
vn 0.0693 -0.2276 0.9713
vn -0.7610 -0.1953 0.6187
vn -0.7717 -0.4327 0.4661
vn 0.0671 -0.4726 0.8787
vn -0.6594 -0.6137 0.4343
vn -0.7624 -0.6423 0.0785
vn -0.6615 -0.2710 0.6993
vn -0.3713 -0.2930 0.8811
vn -0.9706 -0.1468 0.1908
vn -0.9716 -0.2366 -0.0078
vn -0.9600 -0.2135 -0.1810
vn -0.9994 -0.0328 0.0060
vn -0.9746 -0.1293 -0.1830
vn -0.9817 -0.0992 -0.1624
vn -0.9506 0.1305 -0.2815
vn -0.7916 -0.4391 0.4249
vn -0.8800 -0.4738 -0.0349
vn -0.7577 -0.6245 -0.1893
vn -0.7286 -0.6465 0.2261
vn -0.9988 -0.0002 0.0481
vn -0.9791 -0.2017 0.0257
vn -0.8508 -0.2495 0.4625
vn -0.8695 -0.2573 0.4216
vn -0.3775 -0.8974 0.2281
vn -0.9285 -0.2615 -0.2636
vn -0.9898 -0.0143 -0.1417
vn -0.9860 -0.0397 0.1619
vn -0.9733 0.0003 0.2294
vn -0.8160 0.1015 0.5690
vn -0.9308 -0.1511 0.3330
vn -0.7028 0.4006 -0.5878
vn -0.1775 0.3408 -0.9232
vn -0.1245 0.3058 -0.9439
vn -0.6862 0.3325 -0.6469
vn -0.9164 0.2180 -0.3356
vn -0.9754 -0.0511 -0.2146
vn -0.9831 -0.1331 -0.1255
vn -0.9574 0.1176 -0.2637
vn -0.9448 0.1539 -0.2893
vn -0.9854 -0.0859 -0.1472
vn -0.9907 -0.0303 -0.1325
vn -0.9704 0.1737 -0.1679
vn 0.0531 0.5729 -0.8179
vn -0.2977 0.8863 -0.3548
vn 0.2246 0.9520 -0.2080
vn 0.3211 0.5195 -0.7918
vn 0.5385 0.3086 -0.7841
vn 0.9558 0.2045 -0.2114
vn 0.9569 0.1915 -0.2182
vn 0.4789 0.3015 -0.8245
vn 0.9145 0.3605 0.1836
vn 0.4740 0.8432 0.2535
vn 0.4483 0.8525 0.2687
vn 0.9034 0.3797 0.1995
vn 0.8976 0.0408 0.4389
vn 0.5507 -0.0353 0.8339
vn 0.5418 -0.0658 0.8379
vn 0.9126 0.0062 0.4087
vn 0.3358 0.2096 0.9183
vn 0.2127 0.7750 0.5951
vn 0.1934 0.7906 0.5810
vn 0.3210 0.2318 0.9183
vn -0.0030 -0.0843 0.9964
vn -0.5604 -0.0608 0.8260
vn -0.4943 -0.0767 0.8659
vn 0.0420 -0.0880 0.9952
vn 0.0298 -0.1125 0.9932
vn -0.3609 -0.1980 0.9113
vn -0.3334 -0.2175 0.9174
vn 0.2636 -0.2072 0.9421
vn -0.7599 0.3218 0.5648
vn -0.2689 0.8602 0.4333
vn -0.3863 0.8207 0.4210
vn -0.8004 0.2674 0.5366
vn -0.8193 -0.0032 0.5734
vn -0.8695 0.0043 0.4939
vn -0.8682 -0.0008 0.4963
vn -0.7078 -0.0438 0.7051
vn -0.3970 0.8214 -0.4096
vn -0.9575 0.1032 -0.2693
vn -0.8256 0.5604 -0.0651
vn -0.2880 0.9402 0.1820
vn 0.2109 -0.1499 -0.9659
vn 0.0304 -0.1407 -0.9896
vn 0.1018 -0.1023 -0.9895
vn 0.2968 -0.1578 -0.9418
vn -0.0193 -0.2939 -0.9556
vn -0.6150 -0.4294 -0.6614
vn -0.6132 -0.4175 -0.6706
vn -0.0246 -0.2882 -0.9573
vn 0.3229 -0.1496 -0.9345
vn 0.2242 -0.0929 -0.9701
vn 0.2191 -0.0659 -0.9735
vn 0.2374 -0.0612 -0.9695
vn 0.2339 0.0269 -0.9719
vn 0.2303 -0.0502 -0.9718
vn 0.1888 0.0502 -0.9807
vn 0.1465 0.1265 -0.9811
vn 0.1291 -0.0427 -0.9907
vn 0.0195 -0.2741 -0.9615
vn -0.0041 -0.3058 -0.9521
vn 0.0947 -0.0374 -0.9948
vn 0.9355 -0.2419 0.2577
vn 0.5739 -0.3312 0.7490
vn 0.4949 -0.4571 0.7390
vn 0.8943 -0.4323 0.1156
vn 0.8860 -0.3213 0.3343
vn 0.4619 -0.4235 0.7793
vn 0.3732 -0.4271 0.8236
vn 0.8467 -0.3470 0.4033
vn 0.9757 -0.1978 -0.0945
vn 0.9844 -0.1731 0.0307
vn 0.9857 -0.1652 0.0333
vn 0.9936 -0.1099 -0.0263
vn -0.3806 -0.8423 0.3816
vn -0.9101 -0.3947 0.1261
vn -0.9711 -0.2318 0.0570
vn -0.6197 -0.7186 0.3156
vn 0.0711 -0.6993 0.7112
vn 0.2936 -0.4319 0.8528
vn 0.3051 -0.4476 0.8406
vn 0.1095 -0.6955 0.7101
vn 0.3906 -0.6773 0.6234
vn 0.8546 -0.3345 0.3972
vn 0.8551 -0.3213 0.4069
vn 0.4154 -0.6689 0.6164
vn 0.1504 -0.6849 0.7130
vn 0.2106 -0.4849 0.8489
vn 0.1717 -0.5075 0.8444
vn 0.0882 -0.7363 0.6709
vn -0.0028 0.0488 -0.9988
vn 0.7296 -0.2221 -0.6469
vn 0.7480 -0.2366 -0.6201
vn 0.0494 0.0260 -0.9984
vn -0.3912 0.1642 -0.9055
vn -0.4076 0.1439 -0.9018
vn -0.4172 0.1467 -0.8969
vn -0.3978 0.1692 -0.9017
vn -0.3894 0.2121 -0.8963
vn -0.3649 0.1760 -0.9142
vn -0.3578 0.0866 -0.9298
vn -0.3790 0.0943 -0.9206
vn 0.9631 -0.2026 0.1771
vn 0.7045 -0.2623 0.6595
vn 0.6440 -0.2598 0.7196
vn 0.9444 -0.2315 0.2336
vn 0.9463 -0.2349 -0.2221
vn 0.9543 -0.2013 -0.2209
vn 0.9555 -0.1710 -0.2404
vn 0.9421 -0.2230 -0.2503
vn 0.9728 -0.2206 -0.0712
vn 0.9893 -0.1429 0.0276
vn 0.9842 -0.1761 0.0165
vn 0.9682 -0.2392 -0.0739
vn -0.4812 -0.7485 0.4563
vn -0.7918 -0.6106 -0.0139
vn -0.7967 -0.6028 -0.0445
vn -0.5189 -0.7450 0.4191
vn -0.6450 -0.6573 0.3898
vn -0.9447 -0.2398 -0.2236
vn -0.9428 -0.3255 -0.0721
vn -0.5913 -0.6545 0.4712
vn -0.2085 -0.4682 0.8586
vn -0.2579 -0.1904 0.9472
vn -0.3266 -0.3563 0.8754
vn -0.2316 -0.6451 0.7282
vn -0.5358 -0.4035 0.7417
vn -0.2781 -0.6952 0.6629
vn -0.3733 -0.6029 0.7051
vn -0.5903 -0.3028 0.7482
vn -0.5305 -0.2406 0.8128
vn -0.0929 -0.1789 0.9795
vn 0.0557 -0.1850 0.9812
vn -0.5045 -0.2420 0.8288
vn -0.7102 -0.1042 0.6963
vn -0.1637 -0.2670 0.9497
vn -0.2329 -0.2567 0.9380
vn -0.6394 -0.1377 0.7565
vn -0.0690 -0.3773 0.9235
vn -0.0687 -0.4269 0.9017
vn -0.1526 -0.4950 0.8554
vn -0.1065 -0.3841 0.9171
vn -0.6051 -0.2305 0.7621
vn -0.6301 -0.1894 0.7530
vn -0.6531 -0.2324 0.7207
vn -0.6044 -0.2396 0.7598
vn -0.4248 -0.3979 0.8132
vn -0.1389 -0.5780 0.8042
vn 0.0298 -0.3970 0.9173
vn -0.3884 -0.3458 0.8542
vn -0.1399 -0.2496 -0.9582
vn -0.2552 -0.0350 -0.9663
vn -0.2487 -0.0869 -0.9647
vn -0.1155 -0.3181 -0.9410
vn -0.3652 -0.4686 -0.8044
vn -0.7608 -0.4456 -0.4718
vn -0.7532 -0.4414 -0.4877
vn -0.3076 -0.4573 -0.8344
vn 0.3033 -0.1708 -0.9375
vn 0.8176 -0.1846 -0.5454
vn 0.8213 -0.1972 -0.5353
vn 0.3066 -0.1844 -0.9338
vn -0.3842 -0.2381 -0.8920
vn -0.8609 -0.3186 -0.3967
vn -0.8628 -0.2987 -0.4078
vn -0.4143 -0.2126 -0.8850
vn -0.1874 -0.0638 -0.9802
vn -0.3453 0.0616 -0.9365
vn -0.3265 0.0677 -0.9428
vn -0.1505 -0.0607 -0.9867
vn -0.9553 -0.2696 -0.1217
vn -0.9554 -0.2860 -0.0732
vn -0.9517 -0.2988 -0.0708
vn -0.9527 -0.2817 -0.1141
vn -0.7840 -0.5295 0.3239
vn 0.0595 -0.5671 0.8215
vn 0.0953 -0.5371 0.8381
vn -0.7831 -0.5249 0.3335
vn -0.9622 -0.2495 -0.1093
vn -0.9871 -0.1355 0.0854
vn -0.9880 -0.0439 0.1480
vn -0.9911 -0.1325 0.0139
vn -0.9620 -0.2628 -0.0748
vn -0.9751 -0.1684 -0.1441
vn -0.9732 -0.1240 -0.1937
vn -0.9679 -0.2165 -0.1279
vn 0.4010 -0.2650 0.8769
vn 0.4085 -0.2270 0.8841
vn 0.3709 -0.2636 0.8905
vn 0.3598 -0.2918 0.8862
vn 0.2040 0.1732 -0.9635
vn 0.8772 -0.0140 -0.4799
vn 0.9482 -0.0673 -0.3104
vn 0.3300 0.1527 -0.9316
vn -0.1178 -0.0690 -0.9906
vn -0.1296 -0.0587 -0.9898
vn -0.1795 -0.0362 -0.9831
vn -0.0814 -0.0457 -0.9956
vn -0.6067 0.0821 -0.7907
vn -0.8294 0.0042 -0.5586
vn -0.8179 0.0106 -0.5752
vn -0.5902 0.0910 -0.8021
vn -0.5158 0.0854 -0.8524
vn -0.8740 0.0876 -0.4780
vn -0.8372 0.0927 -0.5390
vn -0.4925 0.0899 -0.8656
vn -0.9128 -0.2846 -0.2929
vn -0.9664 -0.0518 -0.2519
vn -0.9549 -0.0594 -0.2908
vn -0.8977 -0.2865 -0.3347
vn -0.9988 0.0331 -0.0347
vn -0.8960 -0.0231 0.4434
vn -0.9282 -0.0066 0.3721
vn -0.9994 0.0324 0.0140
vn -0.9423 -0.0657 -0.3283
vn -0.8904 -0.2578 -0.3751
vn -0.8931 -0.2223 -0.3911
vn -0.9431 0.0049 -0.3323
vn -0.9636 0.0239 0.2661
vn -0.9890 0.1482 -0.0000
vn -0.9883 0.1515 0.0178
vn -0.9586 0.0158 0.2845
vn -0.9149 -0.0647 0.3984
vn -0.9271 -0.0842 0.3652
vn -0.9287 -0.0878 0.3603
vn -0.9172 -0.0705 0.3921
vn -0.9462 -0.0927 0.3101
vn -0.9805 -0.1373 0.1409
vn -0.9803 -0.1325 0.1463
vn -0.9503 -0.0930 0.2972
vn -0.6583 -0.6060 0.4466
vn -0.7018 -0.3665 0.6109
vn -0.7104 -0.3570 0.6065
vn -0.6742 -0.5921 0.4414
vn -0.6548 -0.7502 0.0917
vn -0.6270 -0.7090 -0.3227
vn -0.6406 -0.7098 -0.2930
vn -0.6592 -0.7408 0.1289
vn -0.5495 -0.6228 0.5569
vn -0.2378 -0.3260 0.9150
vn -0.1790 -0.2507 0.9514
vn -0.4670 -0.5655 0.6798
vn -0.5063 -0.7508 0.4242
vn -0.3040 -0.7801 0.5469
vn -0.3024 -0.7819 0.5452
vn -0.5068 -0.7499 0.4252
vn -0.0541 -0.6067 0.7931
vn -0.1273 -0.7064 0.6963
vn -0.1263 -0.7080 0.6948
vn -0.0710 -0.6004 0.7965
vn -0.9037 0.0252 0.4275
vn -0.8991 0.0577 0.4338
vn -0.8943 0.0556 0.4439
vn -0.8992 0.0239 0.4368
vn -0.9301 0.0271 0.3662
vn -0.9774 0.0877 0.1924
vn -0.9782 0.0774 0.1930
vn -0.9466 0.0392 0.3202
vn -0.9879 0.0702 -0.1381
vn -0.9715 -0.1373 -0.1932
vn -0.9753 -0.1262 -0.1815
vn -0.9878 0.0678 -0.1404
vn -0.9946 0.0538 0.0887
vn -0.8268 -0.1932 0.5283
vn -0.8210 -0.1741 0.5437
vn -0.9940 0.0508 0.0965
vn -0.9732 0.1558 -0.1690
vn -0.9799 0.0693 -0.1869
vn -0.9792 0.0545 -0.1957
vn -0.9728 0.1521 -0.1749
vn -0.8518 0.0057 0.5238
vn -0.7285 -0.1367 0.6713
vn -0.6311 -0.1200 0.7664
vn -0.8536 0.0144 0.5208
vn -0.9585 0.0580 0.2793
vn -0.9995 0.0250 -0.0192
vn -0.9994 0.0259 -0.0238
vn -0.9588 0.0562 0.2786
vn -0.9638 -0.2058 -0.1696
vn -0.9872 -0.1567 -0.0297
vn -0.9785 -0.1785 -0.1034
vn -0.9614 -0.2070 -0.1813
vn -0.9645 0.0792 0.2521
vn -0.9360 -0.0516 0.3483
vn -0.9386 0.0085 0.3448
vn -0.9428 0.0940 0.3199
vn -0.9763 -0.0711 0.2044
vn -0.9982 -0.0242 -0.0556
vn -0.9989 -0.0220 -0.0420
vn -0.9733 -0.0682 0.2194
vn -0.9505 -0.0795 -0.3003
vn -0.9745 -0.1174 -0.1911
vn -0.9786 -0.1241 -0.1643
vn -0.9486 -0.0743 -0.3076
vn 0.9709 -0.2303 0.0664
vn 0.7706 -0.3054 0.5594
vn 0.7730 -0.3181 0.5488
vn 0.9698 -0.2391 0.0491
vn 0.5380 -0.2013 0.8185
vn 0.4896 -0.0924 0.8671
vn 0.5101 -0.1659 0.8439
vn 0.5530 -0.2923 0.7802
vn 0.0146 -0.0179 0.9997
vn -0.4815 0.0040 0.8764
vn -0.5519 0.0057 0.8339
vn 0.1003 -0.0178 0.9948
vn -0.8393 -0.1502 0.5226
vn -0.8721 -0.1518 0.4652
vn -0.8426 -0.1594 0.5144
vn -0.7585 -0.1596 0.6318
vn -0.9770 0.0409 0.2093
vn -0.9775 0.0426 0.2066
vn -0.9758 -0.1847 0.1168
vn -0.9778 -0.1830 0.1017
vn -0.7747 -0.3653 0.5162
vn -0.9468 -0.3182 0.0489
vn -0.9247 -0.3749 0.0658
vn -0.7634 -0.3559 0.5391
vn -0.8572 -0.3919 -0.3342
vn -0.6879 -0.5510 -0.4724
vn -0.6966 -0.5499 -0.4607
vn -0.8537 -0.4075 -0.3241
vn -0.9918 -0.0982 0.0813
vn -0.9334 -0.1054 0.3431
vn -0.9532 -0.1028 0.2843
vn -0.9949 -0.1002 -0.0121
vn -0.7659 -0.3248 0.5548
vn -0.7610 -0.6245 -0.1758
vn -0.8226 -0.5685 0.0072
vn -0.7243 -0.2019 0.6593
vn -0.9413 0.2365 -0.2409
vn -0.9267 0.2315 -0.2959
vn -0.9578 0.2022 -0.2045
vn -0.3525 -0.1334 0.9263
vn -0.3928 -0.1330 0.9099
vn -0.3678 -0.1398 0.9194
vn -0.2987 0.0464 0.9532
vn -0.3401 0.0240 0.9401
vn -0.2723 0.0366 0.9615
vn -0.9657 0.0747 -0.2486
vn -0.9402 0.0760 -0.3321
vn -0.9535 0.0634 -0.2947
vn 0.8523 0.0576 -0.5199
vn 0.8751 0.0598 -0.4803
vn 0.8608 0.0502 -0.5064
vn -0.6904 -0.1861 0.6991
vn -0.7135 -0.2015 0.6710
vn -0.6922 -0.2055 0.6918
vn 0.8719 0.2843 -0.3987
vn 0.8842 0.3006 -0.3575
vn 0.8939 0.2838 -0.3471
vn -0.0575 -0.1460 -0.9876
vn -0.0604 -0.1667 -0.9841
vn -0.1227 -0.1669 -0.9783
vn -0.7450 0.6494 -0.1525
vn -0.2059 0.4193 0.8842
vn 0.2276 0.9693 0.0933
vn 0.3477 0.3707 -0.8612
vn 0.3153 0.1493 -0.9372
vn -0.0699 -0.0462 -0.9965
vn -0.4656 0.1378 -0.8742
vn -0.6165 0.3854 -0.6866
vn -0.9788 0.1092 0.1734
vn -0.9732 0.0394 0.2266
vn -0.8026 -0.1122 0.5858
vn -0.6307 -0.0668 0.7731
vn -0.7037 -0.0081 0.7105
vn 0.1851 0.1569 0.9701
vn 0.3073 0.0037 0.9516
vn 0.9820 0.1084 0.1546
vn 0.9289 0.2790 0.2436
vn 0.3374 -0.9411 -0.0202
vn 0.0384 -0.3423 0.9388
vn -0.8307 -0.4730 0.2935
vn -0.2782 -0.4579 -0.8444
vn -0.6426 -0.2369 -0.7287
vn -0.9546 -0.2607 0.1444
vn -0.9456 -0.0670 -0.3185
vn -0.6059 0.5184 -0.6035
vn 0.4460 0.5785 -0.6830
vn 0.4241 0.5301 -0.7343
vn -0.5909 0.4951 -0.6369
vn -0.9333 0.1912 -0.3041
vn -0.9388 0.1226 -0.3220
vn -0.9643 0.1111 -0.2404
vn -0.9604 0.1683 -0.2220
vn -0.9658 0.1899 0.1764
vn -0.6469 0.0952 0.7566
vn -0.6244 0.1204 0.7718
vn -0.9618 0.2191 0.1641
vn -0.3352 -0.0864 0.9382
vn -0.3021 -0.0107 0.9532
vn -0.3507 -0.0176 0.9363
vn -0.3788 -0.0923 0.9209
vn -0.8642 -0.1283 0.4866
vn -0.9996 -0.0002 0.0270
vn -0.9998 -0.0067 -0.0188
vn -0.8803 -0.1368 0.4544
vn -0.9156 -0.3512 0.1959
vn -0.5692 -0.3284 -0.7538
vn -0.5362 -0.3479 -0.7690
vn -0.9073 -0.3675 0.2042
vn 0.2515 -0.1647 0.9537
vn 0.9909 -0.0702 0.1148
vn 0.9950 -0.0323 0.0948
vn 0.2646 -0.1499 0.9526
vn 0.2034 0.2185 0.9544
vn 0.8965 0.3717 0.2413
vn 0.8866 0.3944 0.2418
vn 0.1903 0.2281 0.9548
vn 0.2460 -0.1023 -0.9638
vn 0.6663 -0.0015 -0.7457
vn 0.6799 -0.0166 -0.7331
vn 0.2430 -0.1135 -0.9634
vn -0.4808 -0.1507 0.8638
vn -0.6052 -0.1772 0.7761
vn -0.6058 -0.1862 0.7735
vn -0.4616 -0.1614 0.8723
vn 0.8638 0.1167 -0.4902
vn 0.8740 0.2234 -0.4315
vn 0.8924 0.2218 -0.3931
vn 0.8841 0.1174 -0.4523
vn -0.7833 0.0136 -0.6216
vn -0.3485 -0.0961 -0.9324
vn -0.4095 -0.1110 -0.9055
vn -0.8213 0.0030 -0.5705
vn -0.9704 0.1260 -0.2062
vn -0.9756 0.1331 -0.1743
vn 0.0208 -0.6787 -0.7341
vn 0.3902 0.1094 -0.9142
vn -0.9145 0.1203 -0.3862
vn -0.9188 0.1208 -0.3759
vn 0.2228 0.0529 -0.9734
vn 0.1079 0.0450 -0.9931
vn 0.1163 0.0203 -0.9930
vn 0.2179 0.0258 -0.9756
vn 0.9763 0.2003 0.0823
vn 0.9866 0.1473 0.0700
vn 0.9770 0.1693 0.1298
vn 0.9753 0.2102 0.0674
vn 0.3349 0.1851 0.9239
vn 0.1910 0.1768 0.9655
vn 0.2605 0.1688 0.9506
vn 0.3251 0.1621 0.9317
vn 0.3629 0.1961 0.9109
vn -0.8107 0.0566 0.5827
vn -0.8221 0.0697 0.5651
vn -0.5709 0.0906 0.8160
vn -0.6926 0.0527 0.7194
vn -0.0455 0.9990 0.0031
vn -0.0036 0.9999 0.0116
vn 0.0105 0.9999 0.0069
vn 0.0103 0.9999 -0.0084
vn 0.2530 -0.4332 -0.8651
vn 0.7494 0.5293 -0.3979
vn 0.3269 -0.3444 -0.8801
vn 0.2911 -0.3746 -0.8803
vn 0.3078 -0.3645 -0.8789
vn 0.1171 -0.0553 -0.9916
vn 0.1523 -0.1638 -0.9747
vn 0.1348 -0.0612 -0.9890
vn 0.9908 -0.1177 -0.0675
vn 0.8432 -0.2763 0.4612
vn 0.9907 -0.1362 -0.0022
vn 0.9998 0.0135 0.0142
vn 0.0527 -0.6992 0.7130
vn -0.0408 -0.7099 0.7031
vn 0.1070 -0.6009 0.7921
vn 0.1838 -0.5768 0.7959
vn -0.4123 -0.0878 -0.9068
vn -0.4128 -0.0900 -0.9063
vn -0.4229 -0.0855 -0.9021
vn 0.9838 -0.1495 -0.0994
vn 0.9771 -0.1297 -0.1687
vn 0.9448 -0.2610 -0.1980
vn 0.9551 -0.2642 -0.1340
vn -0.1580 -0.5309 0.8326
vn -0.2469 -0.5701 0.7836
vn -0.1500 -0.5060 0.8494
vn -0.6930 -0.0056 0.7209
vn -0.6162 -0.1015 0.7810
vn -0.9639 -0.1310 0.2317
vn -0.9972 0.0387 0.0641
vn 0.2120 -0.0938 0.9728
vn 0.2488 -0.1575 0.9557
vn 0.0561 -0.1143 0.9919
vn 0.0172 -0.0531 0.9984
vn -0.4829 -0.0809 0.8720
vn -0.5227 -0.0738 0.8493
vn -0.5359 -0.0935 0.8391
vn -0.0432 -0.6234 -0.7807
vn -0.0326 -0.6141 -0.7885
vn -0.0501 -0.6269 -0.7775
vn -0.0582 -0.3783 -0.9239
vn -0.0631 -0.3885 -0.9193
vn -0.1204 -0.3779 -0.9180
vn -0.9321 -0.3603 -0.0363
vn -0.9282 -0.3717 -0.0169
vn -0.9298 -0.3676 -0.0175
vn -0.9274 -0.3678 0.0681
vn -0.9270 -0.3725 0.0441
vn -0.9240 -0.3782 0.0560
vn 0.4596 -0.0009 0.8881
vn 0.4523 -0.0161 0.8917
vn 0.4252 -0.0225 0.9048
vn -0.3028 -0.1187 -0.9456
vn -0.2607 -0.3250 -0.9091
vn -0.1773 -0.3454 -0.9215
vn 0.0261 -0.2414 -0.9701
vn 0.0230 -0.1092 -0.9938
vn -0.4451 -0.1297 -0.8861
vn -0.4581 -0.1340 -0.8787
vn -0.4597 -0.1300 -0.8785
vn -0.3143 -0.2138 -0.9249
vn -0.2626 -0.2706 -0.9262
vn 0.0036 -0.2683 -0.9633
vn 0.0342 -0.2450 -0.9689
vn -0.8074 -0.5621 -0.1793
vn -0.8222 -0.5486 -0.1520
vn -0.8122 -0.5432 -0.2130
vn -0.9760 -0.0760 -0.2041
vn -0.9662 -0.0870 -0.2428
vn -0.9614 -0.0741 -0.2651
vn -0.9715 -0.0639 -0.2282
vn -0.8970 -0.0196 0.4417
vn -0.8934 -0.0210 0.4487
vn -0.8965 -0.0324 0.4418
vn -0.5385 -0.6501 0.5360
vn -0.5507 -0.6672 0.5016
vn -0.5498 -0.6535 0.5203
vn -0.5314 -0.6467 0.5472
vn 0.0353 -0.2883 0.9569
vn 0.0153 -0.1256 0.9920
vn 0.2320 0.0029 0.9727
vn 0.2189 -0.1678 0.9612
vn 0.0274 -0.3859 0.9221
vn -0.8934 0.0460 0.4470
vn -0.8885 0.0472 0.4565
vn -0.8909 0.0468 0.4518
vn -0.9887 0.0828 -0.1253
vn -0.9924 0.0478 -0.1130
vn -0.9867 0.0641 -0.1494
vn -0.9811 0.1057 -0.1621
vn -0.8879 0.1102 0.4466
vn -0.8830 0.1127 0.4556
vn -0.8908 0.1117 0.4404
vn -0.9437 -0.3300 -0.0222
vn -0.9098 -0.4136 0.0339
vn -0.8422 -0.4983 -0.2059
vn -0.8755 -0.4235 -0.2327
vn -0.9635 0.0784 0.2560
vn -0.9909 0.0567 -0.1223
vn -0.9820 0.0958 -0.1628
vn -0.9797 0.1250 0.1565
vn -0.1002 -0.6041 0.7906
vn -0.1009 -0.6131 0.7835
vn -0.1136 -0.6115 0.7830
vn -0.9151 -0.0769 0.3959
vn -0.9155 -0.0723 0.3957
vn -0.9122 -0.0715 0.4035
vn -0.9189 -0.2104 -0.3336
vn -0.9284 -0.2212 -0.2986
vn -0.9140 -0.2112 -0.3463
vn 0.9619 -0.1429 -0.2329
vn 0.9702 -0.1356 -0.2010
vn 0.9651 -0.1448 -0.2182
vn 0.6079 -0.0711 0.7908
vn 0.6128 -0.0630 0.7877
vn 0.5983 -0.0655 0.7986
vn 0.4611 0.2034 0.8637
vn 0.5064 0.0868 0.8579
vn 0.4223 0.1004 0.9009
vn 0.1288 0.1717 0.9767
vn 0.1406 0.2102 0.9675
vn 0.9865 0.0191 0.1628
vn 0.9898 0.0512 0.1331
vn 0.9976 -0.0408 0.0561
vn 0.9951 -0.0493 0.0862
vn -0.4419 0.0784 0.8937
vn -0.3722 0.0161 0.9280
vn -0.9353 -0.0716 0.3464
vn -0.9582 -0.0141 0.2856
vn -0.9679 -0.1666 0.1884
vn -0.9604 -0.1539 0.2325
vn -0.9664 -0.2514 0.0542
vn -0.9668 -0.2550 0.0159
vn -0.6560 -0.1007 0.7480
vn -0.6949 -0.0404 0.7180
vn -0.5954 -0.0316 0.8028
vn -0.6098 -0.0925 0.7871
vn -0.6031 -0.1803 0.7770
vn -0.6203 -0.2043 0.7573
vn -0.9114 -0.3938 -0.1192
vn -0.8950 -0.4377 -0.0856
vn -0.9285 -0.3633 -0.0773
vn -0.9812 -0.1212 -0.1504
vn -0.9825 -0.1144 -0.1470
vn -0.9856 -0.1151 -0.1243
vn -0.9656 -0.1704 0.1967
vn -0.9659 -0.2329 -0.1135
vn -0.9736 -0.2127 -0.0831
vn -0.9196 -0.1154 0.3756
vn -0.9392 -0.0388 0.3413
vn -0.9144 0.0350 0.4034
vn -0.6071 0.1087 0.7872
vn -0.6607 0.0392 0.7496
vn -0.5474 -0.7679 -0.3328
vn -0.5456 -0.7867 -0.2888
vn -0.5216 -0.7835 -0.3378
vn 0.4132 0.8487 -0.3301
vn 0.8656 0.4296 -0.2572
vn 0.4837 0.3462 -0.8038
vn 0.3900 0.8728 0.2935
vn 0.5213 0.4402 0.7311
vn 0.8369 0.4553 0.3039
vn -0.1542 0.8713 0.4659
vn -0.5569 0.3806 0.7383
vn 0.0528 0.4299 0.9013
vn -0.2536 -0.2005 -0.9463
vn -0.2530 -0.5802 -0.7742
vn -0.7875 -0.3694 -0.4933
vn -0.7646 0.0265 -0.6439
vn -0.9529 0.0683 0.2957
vn -0.9007 0.0490 0.4317
vn -0.9866 -0.0462 0.1562
vn -0.9412 0.0460 0.3346
vn -0.9348 0.0536 0.3510
vn 0.9585 0.0714 -0.2760
vn 0.8930 -0.0696 -0.4446
vn 0.4784 -0.1276 -0.8688
vn 0.4477 0.0132 -0.8941
vn -0.5025 0.0686 0.8619
vn -0.3905 0.0064 0.9206
vn 0.0107 0.1466 0.9891
vn 0.9073 -0.1401 -0.3966
vn 0.8042 -0.2273 -0.5493
vn 0.0483 -0.2303 -0.9719
vn 0.2351 -0.1883 -0.9536
vn 0.9381 -0.1544 0.3101
vn 0.5280 -0.3408 0.7779
vn 0.7139 -0.1436 0.6853
vn 0.9733 -0.1629 0.1617
vn -0.0265 -0.4168 0.9086
vn -0.4819 -0.1735 0.8589
vn 0.2754 -0.0210 0.9611
vn 0.3419 -0.1813 0.9221
vn -0.6089 0.7759 0.1650
vn -0.8948 0.3506 0.2765
vn -0.8981 0.0653 0.4350
vn -0.9416 0.2371 0.2390
vn -0.8270 0.0809 0.5564
vn 0.3457 0.0796 0.9349
vn -0.8042 0.0789 0.5892
vn 0.9006 -0.1847 0.3934
vn 0.4744 -0.2474 0.8448
vn 0.4782 -0.4062 0.7787
vn 0.8821 -0.1817 0.4345
vn -0.1679 -0.6016 0.7809
vn -0.0795 -0.2183 0.9726
vn -0.7191 -0.2630 0.6432
vn -0.1640 -0.1812 0.9697
vn -0.0675 -0.3016 0.9510
vn -0.1488 -0.4389 0.8861
vn -0.4007 -0.2536 0.8804
vn 0.4585 -0.2601 0.8498
vn 0.4551 -0.2027 0.8670
vn 0.9231 -0.2500 0.2922
vn -0.5176 -0.2877 0.8058
vn -0.4329 -0.5010 0.7494
vn -0.1864 -0.5309 0.8267
vn -0.1724 -0.4038 0.8984
vn -0.4024 -0.2214 0.8883
vn 0.0551 -0.2086 -0.9765
vn -0.0133 -0.2365 -0.9715
vn -0.1797 -0.3129 -0.9326
vn -0.0202 -0.4054 -0.9139
vn 0.7120 -0.3198 -0.6251
vn 0.8046 -0.2588 -0.5345
vn 0.1864 -0.3272 -0.9264
vn -0.1353 -0.2153 -0.9671
vn 0.0104 -0.2550 -0.9669
vn 0.6327 -0.0530 0.7726
vn 0.3191 0.0832 0.9441
vn 0.7729 -0.0092 0.6345
vn 0.9846 -0.1321 0.1145
vn 0.9559 -0.1630 0.2444
vn -0.9466 -0.3218 0.0190
vn -0.9864 -0.1639 0.0095
vn -0.9570 -0.1235 0.2623
vn -0.9606 -0.2375 0.1443
vn -0.4720 -0.0873 -0.8772
vn -0.6078 -0.1062 -0.7870
vn -0.7698 -0.1218 -0.6265
vn -0.7726 -0.5925 0.2279
vn -0.6179 -0.7863 -0.0000
vn -0.0511 -0.5068 -0.8605
vn 0.4666 0.3422 -0.8156
vn -0.9089 -0.3938 0.1375
vn -0.9471 -0.2332 0.2204
vn -0.6830 -0.1097 0.7221
vn -0.0177 -0.1884 0.9819
vn -0.5063 -0.5440 0.6692
vn -0.7389 -0.2695 0.6176
vn -0.9673 -0.2425 0.0738
vn -0.8404 -0.5094 0.1851
vn -0.0999 -0.3261 -0.9401
vn 0.0890 -0.3026 -0.9490
vn -0.0453 -0.2917 -0.9554
vn -0.6778 -0.5118 -0.5279
vn -0.7883 -0.2995 -0.5374
vn -0.3132 -0.3192 -0.8944
vn -0.1683 -0.4507 -0.8767
vn -0.3951 -0.5735 -0.7176
vn -0.4337 -0.3469 -0.8316
vn -0.8364 -0.2134 -0.5049
vn -0.8119 -0.4339 -0.3907
vn -0.4403 -0.1166 0.8903
vn -0.3448 -0.3939 0.8520
vn -0.3382 -0.3893 0.8567
vn -0.1633 -0.0171 0.9864
vn -0.9590 -0.0724 0.2740
vn -0.9584 -0.0268 0.2840
vn -0.9999 0.0136 0.0073
vn -0.9977 -0.0672 0.0063
vn -0.9972 -0.0376 0.0652
vn -0.9925 0.0062 0.1222
vn -0.8124 -0.0472 0.5812
vn -0.9198 0.0115 0.3922
vn -0.9928 0.0371 0.1137
vn -0.9816 -0.1112 0.1552
vn -0.9296 -0.0899 0.3575
vn -0.9607 -0.1336 0.2435
vn -0.5068 -0.3627 -0.7821
vn -0.8674 -0.3528 -0.3510
vn -0.9028 -0.2439 -0.3542
vn -0.8851 -0.2192 -0.4106
vn -0.7660 -0.3008 -0.5681
vn 0.8122 -0.5639 -0.1492
vn 0.0938 -0.9931 0.0709
vn -0.7166 -0.5490 0.4302
vn -0.4035 -0.8877 0.2218
vn 0.1079 -0.9115 -0.3970
vn 0.1105 0.0302 0.9934
vn -0.7273 -0.0911 0.6802
vn -0.7213 -0.3593 0.5922
vn 0.1269 -0.2296 0.9650
vn -0.5948 -0.5333 0.6015
vn -0.7030 -0.6585 0.2687
vn -0.6200 -0.1362 0.7727
vn -0.3250 -0.0894 0.9415
vn -0.9500 -0.1681 0.2633
vn -0.9478 -0.3048 0.0933
vn -0.9422 -0.3252 -0.0805
vn -0.9926 -0.1068 0.0573
vn -0.9640 -0.2455 -0.1026
vn -0.9731 -0.2121 -0.0901
vn -0.9643 -0.0180 -0.2640
vn -0.7416 -0.3775 0.5546
vn -0.8369 -0.5334 0.1224
vn -0.7059 -0.7083 0.0052
vn -0.6657 -0.6227 0.4112
vn -0.9938 -0.0648 0.0898
vn -0.9576 -0.2633 0.1172
vn -0.8157 -0.1896 0.5464
vn -0.8347 -0.2088 0.5096
vn -0.2945 -0.8374 0.4605
vn -0.9087 -0.3898 -0.1495
vn -0.9880 -0.1253 -0.0907
vn -0.9751 -0.0733 0.2091
vn -0.9644 -0.0167 0.2639
vn -0.8087 0.1785 0.5605
vn -0.9068 -0.1334 0.3999
vn -0.7476 0.1847 -0.6380
vn -0.2268 0.0828 -0.9704
vn -0.1714 0.0479 -0.9840
vn -0.7266 0.1054 -0.6789
vn -0.9390 0.0555 -0.3395
vn -0.9721 -0.1781 -0.1527
vn -0.9708 -0.2353 -0.0456
vn -0.9696 -0.0263 -0.2432
vn -0.9607 0.0031 -0.2776
vn -0.9775 -0.1957 -0.0784
vn -0.9873 -0.1386 -0.0780
vn -0.9852 0.0509 -0.1638
vn -0.0144 0.3510 -0.9363
vn -0.3800 0.7429 -0.5510
vn 0.1380 0.8833 -0.4480
vn 0.2577 0.3266 -0.9094
vn 0.4923 0.1418 -0.8588
vn 0.9299 0.2174 -0.2968
vn 0.9320 0.2033 -0.3002
vn 0.4327 0.1201 -0.8935
vn 0.8844 0.4642 0.0483
vn 0.4061 0.9137 0.0149
vn 0.3801 0.9245 0.0284
vn 0.8721 0.4858 0.0594
vn 0.9006 0.2187 0.3756
vn 0.5705 0.2181 0.7918
vn 0.5642 0.1889 0.8037
vn 0.9178 0.1789 0.3545
vn 0.3375 0.4590 0.8218
vn 0.1593 0.9138 0.3736
vn 0.1385 0.9238 0.3570
vn 0.3208 0.4793 0.8169
vn 0.0267 0.1692 0.9852
vn -0.5345 0.1061 0.8385
vn -0.4662 0.1060 0.8783
vn 0.0718 0.1688 0.9830
vn 0.0618 0.1437 0.9877
vn -0.3221 0.0106 0.9466
vn -0.2928 -0.0046 0.9562
vn 0.3014 0.0574 0.9518
vn -0.7715 0.3943 0.4993
vn -0.3312 0.9183 0.2168
vn -0.4451 0.8681 0.2198
vn -0.8079 0.3316 0.4872
vn -0.8028 0.0784 0.5910
vn -0.8554 0.0617 0.5143
vn -0.8535 0.0575 0.5179
vn -0.6854 0.0808 0.7237
vn -0.4747 0.6589 -0.5836
vn -0.9687 -0.0416 -0.2448
vn -0.8716 0.4610 -0.1667
vn -0.3627 0.9308 -0.0455
vn 0.2009 -0.3715 -0.9064
vn 0.0199 -0.3824 -0.9238
vn 0.0877 -0.3398 -0.9364
vn 0.2878 -0.3665 -0.8848
vn -0.0161 -0.5256 -0.8506
vn -0.5910 -0.6279 -0.5064
vn -0.5903 -0.6186 -0.5184
vn -0.0216 -0.5208 -0.8534
vn 0.3132 -0.3549 -0.8809
vn 0.2094 -0.3166 -0.9252
vn 0.2018 -0.2918 -0.9350
vn 0.2198 -0.2848 -0.9331
vn 0.2088 -0.2008 -0.9571
vn 0.2117 -0.2753 -0.9378
vn 0.1616 -0.1839 -0.9696
vn 0.1129 -0.1136 -0.9871
vn 0.1098 -0.2806 -0.9535
vn 0.0210 -0.5049 -0.8629
vn 0.0004 -0.5350 -0.8449
vn 0.0750 -0.2792 -0.9573
vn 0.9582 -0.0968 0.2691
vn 0.6167 -0.0870 0.7823
vn 0.5486 -0.2171 0.8074
vn 0.9302 -0.3194 0.1807
vn 0.9175 -0.1579 0.3651
vn 0.5138 -0.1770 0.8395
vn 0.4268 -0.1762 0.8870
vn 0.8821 -0.1683 0.4400
vn 0.9866 -0.1398 -0.0843
vn 0.9960 -0.0838 0.0301
vn 0.9967 -0.0753 0.0307
vn 0.9985 -0.0364 -0.0410
vn -0.2988 -0.7458 0.5954
vn -0.8702 -0.4189 0.2595
vn -0.9463 -0.2838 0.1547
vn -0.5490 -0.6615 0.5109
vn 0.1466 -0.4902 0.8592
vn 0.3485 -0.1796 0.9200
vn 0.3610 -0.1969 0.9115
vn 0.1843 -0.4839 0.8555
vn 0.4609 -0.4665 0.7549
vn 0.8887 -0.1572 0.4306
vn 0.8884 -0.1419 0.4366
vn 0.4847 -0.4583 0.7450
vn 0.2242 -0.4698 0.8538
vn 0.2702 -0.2380 0.9329
vn 0.2333 -0.2640 0.9359
vn 0.1656 -0.5347 0.8286
vn -0.0295 -0.2045 -0.9784
vn 0.7309 -0.3211 -0.6022
vn 0.7512 -0.3269 -0.5735
vn 0.0246 -0.2224 -0.9746
vn -0.4242 -0.0994 -0.9001
vn -0.4387 -0.1194 -0.8907
vn -0.4484 -0.1162 -0.8863
vn -0.4311 -0.0942 -0.8974
vn -0.4262 -0.0508 -0.9032
vn -0.3992 -0.0883 -0.9126
vn -0.3848 -0.1779 -0.9057
vn -0.4064 -0.1698 -0.8978
vn 0.9806 -0.0770 0.1801
vn 0.7390 -0.0331 0.6729
vn 0.6799 -0.0201 0.7330
vn 0.9657 -0.0921 0.2427
vn 0.9576 -0.2100 -0.1974
vn 0.9627 -0.1766 -0.2049
vn 0.9609 -0.1522 -0.2314
vn 0.9518 -0.2059 -0.2274
vn 0.9862 -0.1560 -0.0561
vn 0.9983 -0.0551 0.0195
vn 0.9958 -0.0902 0.0172
vn 0.9831 -0.1751 -0.0538
vn -0.4055 -0.6443 0.6484
vn -0.7371 -0.6534 0.1727
vn -0.7433 -0.6539 0.1414
vn -0.4440 -0.6530 0.6135
vn -0.5779 -0.5855 0.5685
vn -0.9257 -0.3602 -0.1155
vn -0.9131 -0.4045 0.0521
vn -0.5231 -0.5583 0.6440
vn -0.1484 -0.2517 0.9563
vn -0.2192 0.0349 0.9750
vn -0.2750 -0.1485 0.9499
vn -0.1595 -0.4570 0.8751
vn -0.4825 -0.2437 0.8413
vn -0.2029 -0.5252 0.8265
vn -0.3045 -0.4329 0.8485
vn -0.5453 -0.1491 0.8249
vn -0.4896 -0.0683 0.8693
vn -0.0552 0.0667 0.9962
vn 0.0934 0.0727 0.9930
vn -0.4633 -0.0636 0.8839
vn -0.6828 0.0202 0.7303
vn -0.1189 -0.0311 0.9924
vn -0.1890 -0.0294 0.9815
vn -0.6080 0.0085 0.7939
vn -0.0157 -0.1369 0.9905
vn -0.0116 -0.1902 0.9817
vn -0.0905 -0.2739 0.9575
vn -0.0526 -0.1479 0.9876
vn -0.5658 -0.0770 0.8210
vn -0.5945 -0.0415 0.8030
vn -0.6145 -0.0930 0.7834
vn -0.5644 -0.0863 0.8210
vn -0.3706 -0.2119 0.9043
vn -0.0710 -0.3659 0.9279
vn 0.0843 -0.1499 0.9851
vn -0.3381 -0.1485 0.9293
vn -0.1398 -0.4926 -0.8589
vn -0.2730 -0.2966 -0.9152
vn -0.2621 -0.3457 -0.9010
vn -0.1092 -0.5525 -0.8263
vn -0.3421 -0.6825 -0.6458
vn -0.7306 -0.6070 -0.3127
vn -0.7238 -0.6063 -0.3293
vn -0.2863 -0.6748 -0.6802
vn 0.2954 -0.3775 -0.8776
vn 0.8178 -0.2526 -0.5171
vn 0.8228 -0.2619 -0.5044
vn 0.2999 -0.3893 -0.8709
vn -0.3826 -0.4837 -0.7872
vn -0.8394 -0.4732 -0.2674
vn -0.8432 -0.4570 -0.2830
vn -0.4145 -0.4596 -0.7854
vn -0.2035 -0.3226 -0.9244
vn -0.3705 -0.2027 -0.9065
vn -0.3524 -0.1970 -0.9149
vn -0.1671 -0.3184 -0.9331
vn -0.9314 -0.3640 -0.0093
vn -0.9290 -0.3677 0.0417
vn -0.9241 -0.3791 0.0472
vn -0.9276 -0.3736 0.0009
vn -0.7284 -0.4895 0.4794
vn 0.1262 -0.3358 0.9334
vn 0.1596 -0.3000 0.9405
vn -0.7278 -0.4825 0.4873
vn -0.9397 -0.3420 -0.0019
vn -0.9698 -0.1849 0.1590
vn -0.9771 -0.0809 0.1968
vn -0.9756 -0.2004 0.0893
vn -0.9376 -0.3461 0.0347
vn -0.9603 -0.2735 -0.0553
vn -0.9632 -0.2430 -0.1146
vn -0.9486 -0.3153 -0.0280
vn 0.4419 -0.0043 0.8970
vn 0.4462 0.0347 0.8943
vn 0.4121 -0.0017 0.9111
vn 0.4034 -0.0308 0.9145
vn 0.1666 -0.0597 -0.9842
vn 0.8641 -0.0670 -0.4989
vn 0.9432 -0.0703 -0.3246
vn 0.2946 -0.0618 -0.9536
vn -0.1339 -0.3249 -0.9362
vn -0.1464 -0.3157 -0.9375
vn -0.1980 -0.2961 -0.9344
vn -0.0997 -0.3009 -0.9484
vn -0.6293 -0.1664 -0.7592
vn -0.8392 -0.2002 -0.5056
vn -0.8287 -0.1973 -0.5237
vn -0.6137 -0.1593 -0.7733
vn -0.5404 -0.1717 -0.8237
vn -0.8888 -0.1028 -0.4466
vn -0.8541 -0.1104 -0.5083
vn -0.5179 -0.1689 -0.8386
vn -0.8916 -0.4185 -0.1731
vn -0.9639 -0.1875 -0.1890
vn -0.9528 -0.2038 -0.2252
vn -0.8775 -0.4294 -0.2137
vn -0.9986 -0.0535 0.0013
vn -0.8807 0.0205 0.4732
vn -0.9156 0.0161 0.4017
vn -0.9979 -0.0419 0.0487
vn -0.9404 -0.2184 -0.2605
vn -0.8735 -0.4114 -0.2602
vn -0.8795 -0.3814 -0.2845
vn -0.9475 -0.1512 -0.2819
vn -0.9559 0.0161 0.2931
vn -0.9977 0.0673 0.0057
vn -0.9969 0.0751 0.0225
vn -0.9497 0.0133 0.3128
vn -0.8969 -0.0325 0.4411
vn -0.9080 -0.0603 0.4146
vn -0.9094 -0.0652 0.4108
vn -0.8990 -0.0401 0.4362
vn -0.9274 -0.0835 0.3646
vn -0.9618 -0.1723 0.2129
vn -0.9619 -0.1661 0.2172
vn -0.9319 -0.0877 0.3519
vn -0.5940 -0.5228 0.6115
vn -0.6540 -0.2537 0.7127
vn -0.6636 -0.2463 0.7064
vn -0.6112 -0.5119 0.6036
vn -0.5864 -0.7509 0.3038
vn -0.5716 -0.8133 -0.1086
vn -0.5843 -0.8077 -0.0793
vn -0.5907 -0.7328 0.3377
vn -0.4817 -0.5029 0.7176
vn -0.1883 -0.1025 0.9767
vn -0.1355 -0.0162 0.9906
vn -0.4016 -0.4103 0.8187
vn -0.4309 -0.6564 0.6193
vn -0.2240 -0.6383 0.7365
vn -0.2224 -0.6403 0.7352
vn -0.4314 -0.6554 0.6200
vn 0.0157 -0.3899 0.9207
vn -0.0510 -0.5160 0.8550
vn -0.0499 -0.5179 0.8540
vn -0.0015 -0.3843 0.9232
vn -0.8926 0.0625 0.4464
vn -0.8907 0.0959 0.4444
vn -0.8856 0.0968 0.4543
vn -0.8879 0.0639 0.4556
vn -0.9205 0.0470 0.3879
vn -0.9767 0.0581 0.2067
vn -0.9765 0.0481 0.2099
vn -0.9390 0.0458 0.3409
vn -0.9932 -0.0429 -0.1084
vn -0.9605 -0.2553 -0.1106
vn -0.9648 -0.2424 -0.1022
vn -0.9929 -0.0458 -0.1101
vn -0.9933 -0.0021 0.1155
vn -0.7952 -0.1172 0.5950
vn -0.7907 -0.0943 0.6049
vn -0.9923 -0.0031 0.1237
vn -0.9865 0.0332 -0.1605
vn -0.9863 -0.0554 -0.1555
vn -0.9844 -0.0717 -0.1605
vn -0.9858 0.0280 -0.1654
vn -0.8371 0.0719 0.5423
vn -0.6988 -0.0188 0.7151
vn -0.6010 0.0287 0.7987
vn -0.8397 0.0795 0.5372
vn -0.9533 0.0527 0.2972
vn -0.9982 -0.0574 0.0185
vn -0.9982 -0.0577 0.0138
vn -0.9535 0.0508 0.2970
vn -0.9464 -0.3152 -0.0712
vn -0.9707 -0.2343 0.0531
vn -0.9618 -0.2733 -0.0133
vn -0.9442 -0.3190 -0.0823
vn -0.9617 0.0659 0.2659
vn -0.9200 -0.0339 0.3904
vn -0.9279 0.0230 0.3721
vn -0.9399 0.0988 0.3269
vn -0.9618 -0.0920 0.2577
vn -0.9935 -0.1138 -0.0047
vn -0.9941 -0.1084 0.0083
vn -0.9587 -0.0853 0.2713
vn -0.9469 -0.2253 -0.2295
vn -0.9651 -0.2361 -0.1135
vn -0.9679 -0.2361 -0.0857
vn -0.9455 -0.2219 -0.2383
vn 0.9882 -0.1310 0.0795
vn 0.8063 -0.0947 0.5839
vn 0.8095 -0.1095 0.5768
vn 0.9875 -0.1439 0.0650
vn 0.5716 0.0531 0.8188
vn 0.5152 0.1665 0.8408
vn 0.5414 0.0914 0.8358
vn 0.5934 -0.0432 0.8038
vn 0.0388 0.2354 0.9711
vn -0.4600 0.1875 0.8679
vn -0.5314 0.1730 0.8293
vn 0.1240 0.2409 0.9626
vn -0.8113 -0.0778 0.5794
vn -0.8452 -0.0962 0.5257
vn -0.8142 -0.0890 0.5737
vn -0.7280 -0.0533 0.6836
vn -0.9720 0.0171 0.2344
vn -0.9727 0.0180 0.2315
vn -0.9537 -0.2237 0.2012
vn -0.9561 -0.2260 0.1864
vn -0.7289 -0.2819 0.6239
vn -0.9149 -0.3674 0.1673
vn -0.8877 -0.4162 0.1969
vn -0.7179 -0.2662 0.6433
vn -0.8278 -0.5284 -0.1887
vn -0.6491 -0.7033 -0.2901
vn -0.6575 -0.7001 -0.2786
vn -0.8233 -0.5400 -0.1750
vn -0.9778 -0.1505 0.1457
vn -0.9130 -0.0870 0.3986
vn -0.9343 -0.1007 0.3420
vn -0.9828 -0.1761 0.0561
vn -0.7229 -0.2326 0.6507
vn -0.7088 -0.7051 0.0183
vn -0.7708 -0.6100 0.1839
vn -0.6893 -0.0844 0.7195
vn -0.0754 -0.1788 -0.9810
vn -0.2036 -0.0985 -0.9741
vn 0.8499 -0.3754 -0.3697
vn 0.7605 -0.1912 0.6205
vn 0.3354 0.1342 0.9325
vn -0.0260 0.2480 0.9684
vn -0.8751 0.4677 0.1244
vn -0.9072 0.4169 -0.0563
vn 0.2230 0.9641 -0.1445
vn -0.9850 0.1110 0.1321
vn -0.2056 -0.2619 -0.9429
vn 0.5507 -0.7831 -0.2890
vn -0.0312 -0.3182 0.9475
vn -0.3106 0.4016 -0.8615
vn 0.8248 0.4678 -0.3177
vn 0.6568 0.1584 0.7373
vn -0.5288 0.6428 0.5542
vn 0.5157 -0.4155 -0.7493
vn 0.5308 -0.4505 -0.7179
vn 0.6753 -0.5053 0.5372
vn 0.5117 -0.5068 0.6938
vn -0.7395 0.1345 0.6596
vn -0.6326 0.1510 0.7596
vn -0.7171 -0.0718 -0.6932
vn -0.7835 0.0323 -0.6206
vn -0.0308 0.3206 -0.9467
vn -0.0027 0.6246 -0.7809
vn 0.7557 -0.4262 -0.4972
vn 0.5728 -0.3984 -0.7164
vn 0.8244 0.4089 0.3912
vn 0.8250 0.1509 0.5446
vn 0.6509 -0.0302 0.7586
vn 0.7784 -0.1097 0.6181
vn 0.0811 0.5909 0.8027
vn 0.0549 0.5585 0.8277
vn -0.6146 0.4909 0.6174
vn -0.4117 0.4470 0.7942
vn -0.6635 0.7364 -0.1319
vn -0.5966 0.7956 -0.1050
vn -0.7001 0.2097 -0.6826
vn -0.4888 0.0674 -0.8698
vn -0.7336 -0.1229 -0.6684
vn 0.2890 -0.6575 -0.6958
vn 0.3821 -0.7647 0.5189
vn -0.0500 -0.0798 -0.9956
vn -0.1938 -0.3113 -0.9303
vn 0.7110 -0.6273 -0.3176
vn 0.8057 -0.4636 -0.3687
vn 0.1578 -0.0962 0.9828
vn 0.1688 -0.0854 0.9819
vn -0.9312 0.3374 0.1375
vn -0.9547 0.2705 0.1236
vn -0.7889 -0.0620 0.6114
vn -0.6045 -0.0348 0.7959
vn -0.0903 0.3159 0.9445
vn -0.6979 0.1976 0.6884
vn -0.9432 -0.0655 0.3257
vn -0.8845 0.1755 0.4322
vn -0.9329 0.2760 -0.2314
vn 0.4201 -0.2824 -0.8624
vn 0.0825 0.1045 -0.9911
vn 0.5649 0.0038 -0.8252
vn 0.9675 -0.2492 0.0432
vn 0.9851 0.0699 -0.1570
vn 0.8598 0.2017 0.4691
vn 0.5479 0.7705 0.3259
vn 0.6492 0.7289 -0.2173
vn 0.4918 0.7133 -0.4994
vn -0.0567 0.7303 -0.6807
vn -0.6272 0.7613 -0.1645
vn -0.5391 0.7804 0.3166
vn -0.4579 0.7865 0.4143
vn -0.0622 0.7772 0.6261
vn -0.2486 -0.4195 0.8731
vn -0.7839 -0.6102 0.1147
vn 0.0873 -0.9275 -0.3634
vn 0.6729 -0.6854 0.2782
vn -0.0920 -0.2022 0.9750
vn 0.8003 -0.3163 0.5094
vn 0.7788 -0.0377 0.6262
vn 0.0255 0.0307 0.9992
vn -0.7399 0.0662 0.6694
vn -0.8587 0.0609 0.5088
vn -0.8839 -0.0601 0.4638
vn -0.7157 -0.0440 0.6970
vn -0.9291 -0.0486 -0.3667
vn -0.2527 -0.1119 -0.9611
vn -0.1129 -0.4171 -0.9018
vn -0.9309 -0.2960 -0.2139
vn 0.7168 -0.1416 -0.6827
vn 0.9393 -0.1388 -0.3138
vn 0.9262 -0.2933 -0.2367
vn 0.6431 -0.3104 -0.7001
vn 0.7436 0.6260 0.2350
vn 0.8114 0.5647 -0.1507
vn 0.8539 0.4993 -0.1464
vn 0.7677 0.5955 0.2366
vn -0.0613 -0.0458 -0.9971
vn -0.0545 -0.1058 -0.9929
vn 0.2731 -0.0138 -0.9619
vn 0.2400 0.0434 -0.9698
vn -0.9721 -0.2294 0.0486
vn -0.9795 -0.2011 -0.0094
vn -0.9201 -0.2403 0.3092
vn -0.8979 -0.2769 0.3421
vn -0.1855 0.2497 0.9504
vn -0.1827 0.2704 0.9453
vn -0.1440 0.2329 0.9618
vn -0.1270 0.2365 0.9633
vn -0.1230 0.2387 0.9633
vn -0.8516 0.4816 0.2072
vn -0.5211 0.5598 0.6442
vn -0.1221 0.7103 0.6933
vn 0.2108 0.8270 0.5212
vn 0.4329 0.9012 0.0204
vn -0.0441 0.7671 -0.6400
vn -0.5397 0.6650 -0.5162
vn -0.8098 0.5667 -0.1519
vn -0.7293 -0.6421 0.2364
vn -0.4836 -0.7848 0.3875
vn -0.6871 -0.7247 -0.0517
vn -0.8182 -0.5580 -0.1386
vn 0.9742 0.1959 -0.1124
vn 0.9776 0.1923 -0.0853
vn 0.9755 0.1929 -0.1057
vn -0.3084 -0.0383 -0.9505
vn -0.2703 -0.0287 -0.9623
vn -0.2905 -0.0297 -0.9564
vn 0.8529 0.0964 -0.5131
vn 0.8110 0.1001 -0.5765
vn 0.9569 0.1953 -0.2150
vn 0.9681 0.1518 -0.1994
vn -0.1281 -0.2028 -0.9708
vn -0.2582 -0.2228 -0.9401
vn 0.1673 -0.1087 -0.9799
vn 0.3811 -0.1484 -0.9125
vn -0.8185 -0.2081 0.5355
vn -0.7935 -0.3545 0.4947
vn -0.9264 -0.3760 0.0219
vn -0.9668 -0.1975 0.1621
vn 0.2184 -0.0689 0.9734
vn 0.1548 -0.0411 0.9871
vn 0.2968 -0.0540 0.9534
vn 0.3180 -0.0655 0.9458
vn 0.7660 0.3100 -0.5631
vn 0.7855 0.3003 -0.5412
vn 0.9186 0.3350 -0.2098
vn 0.9383 0.2821 -0.2002
vn 0.1740 -0.0240 -0.9845
vn 0.3838 0.2304 -0.8942
vn 0.1720 0.0270 -0.9847
vn -0.1316 -0.2625 -0.9559
vn -0.8394 -0.3635 0.4040
vn -0.8403 -0.3741 0.3923
vn -0.8365 -0.3747 0.3998
vn 0.0412 0.0075 0.9991
vn 0.0329 0.0405 0.9986
vn 0.1884 0.0365 0.9814
vn 0.1441 -0.0046 0.9895
vn 0.0789 -0.0056 0.9969
vn -0.8426 -0.0459 0.5367
vn -0.5100 -0.1009 0.8543
vn -0.7242 -0.1052 0.6816
vn -0.6308 -0.7425 -0.2255
vn -0.6058 -0.7567 -0.2457
vn -0.6149 -0.7431 -0.2640
vn -0.3909 -0.9150 -0.0999
vn -0.4162 -0.9069 -0.0666
vn -0.3826 -0.9192 -0.0937
vn -0.2447 -0.0191 0.9694
vn -0.0648 0.0354 0.9973
vn -0.0914 -0.0310 0.9953
vn -0.3474 -0.1596 0.9241
vn -0.6253 -0.2406 0.7424
vn -0.3636 -0.4157 0.8337
vn -0.7573 -0.5849 0.2903
vn -0.8542 -0.3909 0.3429
vn -0.7361 -0.2699 0.6207
vn -0.7093 -0.2619 0.6544
vn -0.7467 -0.2893 0.5990
vn -0.7338 -0.2413 0.6351
vn -0.0423 -0.1056 -0.9935
vn 0.8213 -0.2858 -0.4937
vn 0.0516 -0.9405 -0.3358
vn 0.8067 0.1367 -0.5749
vn 0.0699 -0.1042 -0.9921
vn 0.1704 0.2427 -0.9550
vn -0.5642 -0.2681 -0.7809
vn -0.8249 -0.4571 -0.3325
vn -0.8758 -0.4397 -0.1994
vn -0.5904 -0.3904 -0.7064
vn -0.7499 -0.1808 0.6363
vn -0.6573 -0.6069 0.4469
vn -0.1622 -0.2681 0.9496
vn 0.2818 -0.6539 0.7021
vn 0.9380 -0.2093 0.2762
vn 0.9727 0.1068 0.2059
vn 0.5237 -0.2756 0.8061
vn 0.5955 0.0278 0.8029
vn 0.9634 0.2283 0.1408
vn 0.5144 0.1055 0.8510
vn 0.5105 0.2433 -0.8247
vn 0.8216 0.4213 -0.3841
vn 0.6500 0.2812 -0.7060
vn -0.9226 -0.3609 -0.1361
vn -0.3249 -0.1288 -0.9369
vn -0.4832 -0.3726 -0.7922
vn -0.8336 -0.4931 0.2489
vn -0.7235 -0.6058 0.3310
vn -0.8029 -0.5353 0.2624
vn -0.4420 0.0399 0.8961
vn -0.8176 -0.1914 0.5430
vn -0.7625 -0.2587 0.5930
vn -0.3808 -0.0711 0.9219
vn 0.7788 0.5355 0.3268
vn 0.1955 0.3681 0.9090
vn 0.4181 0.2422 0.8755
vn 0.9092 0.3613 0.2071
vn -0.1777 -0.1544 0.9719
vn 0.0747 -0.0801 0.9940
vn 0.0986 -0.0755 0.9923
vn -0.5925 -0.4894 0.6399
vn -0.0389 -0.1274 0.9911
vn -0.3648 -0.2221 0.9042
vn -0.7943 -0.5288 0.2990
vn -0.7028 -0.4615 0.5414
vn -0.6350 -0.7697 0.0656
vn -0.6697 -0.6979 0.2538
vn -0.4746 -0.2874 0.8320
vn -0.0884 0.1552 0.9839
vn -0.0545 0.0561 0.9969
vn -0.0083 0.0602 0.9982
vn -0.8127 -0.4487 0.3718
vn -0.6885 -0.7201 -0.0859
vn -0.6291 -0.7640 0.1437
vn 0.8057 0.5007 -0.3165
vn 0.8462 0.4027 -0.3490
vn 0.5294 0.1190 -0.8400
vn 0.4707 0.2687 -0.8404
vn -0.3778 -0.0226 -0.9256
vn -0.3463 -0.0936 -0.9334
vn -0.9515 -0.2342 -0.1995
vn -0.9539 -0.1680 -0.2488
vn -0.9046 -0.1445 0.4011
vn -0.8426 -0.2092 0.4963
vn -0.4825 0.0636 0.8736
vn -0.5678 0.0965 0.8175
vn 0.9755 0.1104 0.1903
vn 0.9748 0.1307 0.1810
vn 0.6051 -0.0073 0.7961
vn 0.6157 -0.0081 0.7879
vn 0.0322 -0.8285 0.5591
vn 0.1035 -0.8714 0.4796
vn 0.9776 -0.1681 0.1263
vn 0.9146 -0.3196 0.2475
vn 0.8395 0.1828 -0.5117
vn 0.8394 0.1812 -0.5125
vn 0.1671 0.0646 -0.9838
vn 0.1647 0.0600 -0.9845
vn -0.5767 -0.2494 -0.7779
vn -0.4835 -0.1728 -0.8581
vn -0.7956 -0.4958 -0.3481
vn -0.8159 -0.5048 -0.2819
vn 0.8655 0.1090 -0.4888
vn 0.9720 0.1627 -0.1695
vn 0.9761 0.1820 -0.1186
vn 0.9716 0.1768 -0.1573
vn -0.0838 -0.1696 -0.9819
vn 0.3088 -0.1251 -0.9429
vn -0.1067 -0.1120 -0.9880
vn -0.1944 -0.0922 -0.9766
vn -0.9705 -0.2408 -0.0082
vn -0.9140 -0.3844 -0.1295
vn -0.8533 -0.4919 -0.1731
vn -0.8546 -0.4941 -0.1601
vn 0.1155 -0.3451 0.9314
vn 0.1441 -0.2898 0.9462
vn -0.3838 -0.7567 0.5293
vn -0.3471 -0.7520 0.5605
vn 0.9340 0.2903 0.2083
vn 0.9265 0.3168 0.2031
vn 0.4841 0.1464 0.8627
vn 0.4657 0.1329 0.8749
vn -0.6308 -0.4223 -0.6510
vn -0.6495 -0.4180 -0.6352
vn -0.8745 -0.4847 -0.0192
vn -0.8789 -0.4551 0.1425
vn 0.0971 -0.0235 0.9950
vn 0.1111 -0.0364 0.9931
vn 0.1369 -0.0585 0.9889
vn 0.1511 -0.0509 0.9872
vn -0.4895 -0.4885 -0.7224
vn -0.5248 -0.4881 -0.6974
vn -0.8546 -0.4498 0.2594
vn -0.8360 -0.4357 0.3336
vn -0.7321 -0.3240 0.5992
vn -0.7003 -0.3218 0.6371
vn -0.3773 -0.1887 0.9067
vn -0.3779 -0.1745 0.9093
vn 0.6323 0.6428 0.4324
vn 0.5349 0.6614 0.5258
vn -0.0174 0.4135 0.9103
vn 0.1022 0.3988 0.9113
vn 0.8142 0.5192 -0.2597
vn 0.8820 0.4216 -0.2105
vn 0.9156 0.3374 -0.2189
vn 0.8071 0.4521 -0.3798
vn 0.2571 0.0705 -0.9638
vn 0.2382 0.1532 -0.9591
vn 0.3253 0.1726 -0.9297
vn 0.2345 0.0808 -0.9688
vn -0.8965 -0.2499 0.3657
vn -0.8765 -0.3152 0.3638
vn -0.8434 -0.3668 0.3925
vn -0.8722 -0.3009 0.3856
vn -0.0966 0.1998 0.9751
vn -0.0899 0.1498 0.9846
vn -0.0228 0.0422 0.9988
vn -0.0268 0.0850 0.9960
vn 0.0856 -0.0494 0.9951
vn -0.0155 -0.0338 0.9993
vn -0.3574 -0.0259 0.9336
vn -0.4859 -0.0435 0.8729
vn 0.0886 -0.1005 0.9910
vn 0.0601 -0.1420 0.9880
vn -0.3945 -0.5616 0.7273
vn -0.3256 -0.4041 0.8548
vn -0.4525 -0.8798 -0.1455
vn -0.4451 -0.8829 -0.1498
vn -0.5563 -0.7977 -0.2327
vn -0.5580 -0.7999 -0.2211
vn -0.4935 -0.2953 0.8181
vn -0.4858 -0.2789 0.8284
vn -0.6912 -0.6790 0.2474
vn -0.6969 -0.6901 0.1950
vn -0.7940 -0.5212 0.3130
vn -0.7957 -0.5219 0.3075
vn -0.5977 -0.7976 0.0813
vn -0.5921 -0.8024 0.0754
vn -0.0937 0.1591 0.9828
vn -0.1246 0.1968 0.9725
vn -0.0779 0.0756 0.9941
vn -0.0504 0.0478 0.9976
vn 0.0969 0.0499 0.9940
vn 0.0483 0.0486 0.9976
vn -0.0609 0.0415 0.9973
vn -0.0611 0.0366 0.9975
vn -0.7784 -0.6224 -0.0822
vn -0.7259 -0.6691 -0.1593
vn -0.8507 -0.4827 0.2082
vn -0.8512 -0.5153 0.0993
vn -0.5730 -0.7960 0.1951
vn -0.5917 -0.7777 0.2124
vn -0.7120 -0.4201 0.5626
vn -0.7174 -0.4402 0.5400
vn -0.8165 0.2087 -0.5383
vn -0.8069 0.2052 -0.5538
vn -0.8745 0.1319 -0.4668
vn 0.1333 -0.1163 -0.9842
vn 0.1592 -0.1032 -0.9818
vn -0.0742 -0.0436 -0.9963
vn -0.5893 0.0460 -0.8066
vn 0.9805 -0.0940 0.1725
vn 0.9901 -0.1079 -0.0900
vn 0.9837 -0.1493 -0.1004
vn 0.9756 -0.1380 0.1707
vn 0.3167 0.1112 0.9420
vn 0.3941 0.0933 0.9143
vn 0.4063 0.0778 0.9104
vn 0.3225 0.0940 0.9419
vn -0.9561 0.2687 0.1169
vn -0.9441 0.1904 -0.2692
vn -0.9601 0.2673 -0.0824
vn -0.9372 0.3137 0.1525
vn 0.1356 0.9866 -0.0905
vn 0.1553 0.9860 -0.0610
vn 0.1967 0.9786 -0.0612
vn 0.2012 0.9748 -0.0964
vn 0.1738 0.9786 -0.1102
vn 0.1521 0.9820 -0.1121
vn 0.1183 -0.1058 -0.9873
vn -0.1272 -0.1050 -0.9863
vn -0.0150 -0.2204 -0.9753
vn 0.1782 -0.2437 -0.9533
vn 0.7957 -0.6056 0.0048
vn 0.8732 -0.4872 0.0145
vn 0.8557 -0.5085 -0.0955
vn 0.7852 -0.6127 -0.0901
vn 0.3278 -0.2902 0.8991
vn 0.3534 -0.2961 0.8874
vn 0.3367 -0.3506 0.8739
vn 0.3183 -0.3412 0.8845
vn -0.9592 0.1417 -0.2448
vn -0.9892 0.0979 -0.1088
vn -0.9886 0.1027 -0.1100
vn -0.9802 0.1977 -0.0095
vn -0.9414 -0.3269 0.0833
vn -0.9816 0.1901 0.0163
vn 0.2262 -0.4546 -0.8615
vn -0.2756 -0.8269 -0.4902
vn 0.2070 -0.4491 -0.8692
vn 0.7014 -0.6135 -0.3628
vn 0.0474 -0.9843 -0.1701
vn 0.6939 -0.6087 -0.3846
vn 0.1401 -0.0937 -0.9857
vn 0.1692 -0.0990 -0.9806
vn 0.1805 -0.1042 -0.9780
vn 0.1539 -0.0995 -0.9831
vn 0.2704 -0.3963 -0.8774
vn 0.2717 -0.4102 -0.8706
vn 0.2543 -0.3874 -0.8861
vn 0.1198 -0.2961 -0.9476
vn 0.1434 -0.3043 -0.9417
vn 0.1395 -0.3146 -0.9389
vn 0.9107 -0.4116 -0.0356
vn 0.8900 -0.3457 -0.2975
vn 0.7768 -0.5651 -0.2780
vn 0.7974 -0.6024 -0.0345
vn 0.2970 -0.3109 0.9028
vn 0.1385 -0.3526 0.9255
vn 0.3510 -0.1633 0.9220
vn 0.4288 -0.1507 0.8908
vn -0.9589 0.1861 -0.2140
vn -0.9901 0.1394 -0.0129
vn -0.9987 -0.0232 -0.0445
vn -0.9912 -0.0427 -0.1254
vn -0.7904 0.4243 -0.4418
vn -0.8666 0.4923 -0.0817
vn -0.4058 0.8964 -0.1784
vn -0.0972 0.7729 -0.6270
vn -0.0745 0.1874 -0.9795
vn -0.5896 0.3417 -0.7319
vn 0.9605 0.1034 -0.2585
vn 0.5475 0.0593 -0.8347
vn 0.6540 0.6617 -0.3666
vn 0.5968 0.7265 0.3406
vn 0.6064 0.2556 0.7530
vn 0.9274 0.1157 0.3558
vn -0.7344 0.4892 0.4705
vn -0.0604 0.4148 0.9079
vn -0.1837 0.8728 0.4523
vn 0.8814 -0.2555 -0.3973
vn 0.8224 -0.4146 -0.3896
vn 0.4523 -0.3484 -0.8210
vn 0.5005 -0.2245 -0.8361
vn 0.6273 -0.0894 0.7736
vn 0.5516 -0.3325 0.7650
vn 0.8388 -0.4740 0.2678
vn 0.9357 -0.2121 0.2818
vn -0.8649 0.2317 0.4453
vn -0.9305 0.0259 0.3654
vn -0.2119 -0.1298 0.9686
vn -0.1031 0.1098 0.9886
vn 0.3898 -0.5045 -0.7704
vn 0.4529 -0.5424 -0.7076
vn 0.6933 -0.5645 -0.4479
vn 0.6302 -0.5467 -0.5514
vn 0.5985 -0.7065 0.3776
vn 0.8107 -0.5543 0.1884
vn 0.3637 -0.4779 0.7995
vn -0.7694 0.0370 0.6377
vn 0.1989 0.7433 -0.6387
vn 0.1672 0.1216 -0.9784
vn 0.1791 0.1227 -0.9762
vn 0.7045 -0.5546 -0.4428
vn 0.7144 -0.5268 -0.4606
vn 0.3500 -0.3755 -0.8582
vn 0.2168 -0.3153 -0.9239
vn 0.3091 -0.4684 -0.8277
vn 0.5450 -0.4408 0.7132
vn 0.6607 -0.3135 0.6820
vn 0.8621 -0.4571 0.2188
vn 0.7682 -0.5812 0.2683
vn -0.9398 -0.0606 0.3362
vn -0.9007 -0.1509 0.4073
vn -0.1461 -0.3483 0.9260
vn -0.2744 -0.3193 0.9071
vn 0.1601 -0.2214 -0.9620
vn 0.0685 -0.1869 -0.9800
vn 0.0280 -0.1085 -0.9937
vn 0.1253 -0.1539 -0.9801
vn -0.6181 -0.2420 -0.7480
vn -0.9015 -0.0743 -0.4264
vn -0.2182 -0.1818 -0.9588
vn 0.2066 -0.3716 -0.9051
vn -0.5502 -0.2011 -0.8105
vn -0.7294 0.4326 -0.5300
vn -0.2747 0.9030 -0.3304
vn -0.2628 0.8992 -0.3499
vn -0.7233 0.4304 -0.5400
vn -0.6456 0.1382 -0.7511
vn -0.1957 -0.0196 -0.9805
vn -0.6001 0.0680 -0.7970
vn 0.2366 0.1503 -0.9599
vn 0.2369 0.7921 -0.5626
vn 0.2623 0.7470 -0.6109
vn 0.2353 0.0894 -0.9678
vn 0.4875 -0.1441 -0.8611
vn 0.9254 -0.1756 -0.3360
vn 0.9257 -0.1813 -0.3321
vn 0.5323 -0.1539 -0.8324
vn 0.9632 0.1898 0.1901
vn 0.6027 0.7967 0.0445
vn 0.6740 0.7338 0.0856
vn 0.9711 0.0953 0.2186
vn 0.9502 -0.0452 0.3084
vn 0.6584 0.0363 0.7518
vn 0.6095 0.0391 0.7918
vn 0.9419 -0.0478 0.3325
vn 0.3297 0.3599 0.8728
vn 0.2894 0.8756 0.3867
vn 0.2643 0.8646 0.4272
vn 0.3085 0.3294 0.8924
vn -0.1085 0.2658 0.9579
vn -0.8243 0.3630 0.4345
vn -0.8270 0.3624 0.4298
vn -0.0664 0.2519 0.9655
vn -0.8660 0.4588 0.1989
vn -0.3730 0.9234 0.0906
vn -0.2794 0.9596 0.0326
vn -0.8169 0.5501 0.1737
vn -0.9215 0.1515 -0.3576
vn -0.9564 0.2369 -0.1707
vn -0.8679 0.2175 -0.4467
vn 0.4406 -0.4165 -0.7952
vn 0.8024 -0.4919 -0.3381
vn 0.7611 -0.5117 -0.3986
vn 0.3644 -0.4064 -0.8379
vn 0.7331 -0.6264 0.2650
vn 0.4851 -0.4735 0.7352
vn 0.5106 -0.5014 0.6985
vn 0.7324 -0.6366 0.2417
vn -0.1998 -0.2474 0.9481
vn -0.9329 -0.0332 0.3587
vn -0.9469 -0.0332 0.3198
vn -0.2332 -0.2635 0.9361
vn 0.1654 -0.1565 -0.9737
vn 0.1450 -0.2499 -0.9574
vn 0.1295 -0.2453 -0.9608
vn 0.1471 -0.1515 -0.9775
vn 0.9580 -0.2569 -0.1277
vn 0.8685 -0.4809 -0.1198
vn 0.8938 -0.4234 -0.1479
vn 0.9611 -0.2299 -0.1531
vn 0.3831 -0.0241 0.9234
vn 0.3413 -0.2141 0.9153
vn 0.3562 -0.2050 0.9117
vn 0.4002 -0.0072 0.9164
vn -0.9548 0.1841 -0.2332
vn -0.9866 0.1217 -0.1085
vn -0.9749 0.1974 -0.1032
vn -0.2947 -0.0128 -0.9555
vn -0.8868 0.1061 -0.4497
vn -0.6987 0.1627 -0.6967
vn -0.9797 0.1793 -0.0896
vn -0.6400 -0.2097 -0.7392
vn -0.6876 -0.4783 -0.5464
vn 0.3625 -0.5146 -0.7771
vn 0.5947 -0.5920 -0.5439
vn -0.0022 -0.9148 -0.4040
vn 0.6168 -0.6941 0.3713
vn 0.1732 -0.3791 0.9090
vn 0.1846 -0.9323 0.3109
vn 0.2501 -0.4273 -0.8688
vn 0.2298 -0.4495 -0.8632
vn 0.2122 -0.4396 -0.8728
vn 0.2355 -0.4132 -0.8796
vn 0.7617 -0.5500 -0.3425
vn 0.6887 -0.6282 -0.3622
vn 0.7314 -0.5596 -0.3898
vn 0.7702 -0.5162 -0.3745
vn 0.2255 -0.2482 0.9421
vn 0.1907 -0.2942 0.9365
vn -0.0129 -0.5106 0.8597
vn 0.0596 -0.4423 0.8949
vn -0.9981 -0.0598 0.0138
vn -0.9999 -0.0125 0.0117
vn -0.9956 0.0896 0.0284
vn -0.9994 0.0208 0.0285
vn 0.1762 0.1648 -0.9705
vn 0.2085 0.7839 -0.5848
vn 0.3247 0.7777 -0.5382
vn 0.2581 0.1580 -0.9531
vn 0.3715 -0.4729 -0.7990
vn 0.6449 -0.6001 -0.4733
vn 0.6804 -0.6319 -0.3711
vn 0.4753 -0.5411 -0.6938
vn 0.9326 -0.3091 0.1862
vn 0.6938 -0.2144 0.6875
vn 0.6210 -0.2015 0.7575
vn 0.9248 -0.3140 0.2148
vn -0.1995 -0.4318 0.8796
vn -0.8943 -0.2860 0.3441
vn -0.9006 -0.2836 0.3293
vn -0.2741 -0.4341 0.8582
vn -0.1268 -0.0722 -0.9893
vn -0.1249 -0.1746 -0.9767
vn -0.6061 0.0826 -0.7911
vn 0.0892 -0.0777 -0.9930
vn 0.1237 -0.0869 -0.9885
vn 0.1420 -0.0961 -0.9852
vn 0.0739 -0.0758 -0.9944
vn 0.2004 -0.2061 -0.9578
vn 0.2397 -0.3027 -0.9224
vn 0.2461 -0.3491 -0.9042
vn 0.2043 -0.2352 -0.9502
vn 0.1251 -0.2821 -0.9512
vn 0.1559 -0.2761 -0.9484
vn 0.1052 -0.3259 -0.9395
vn 0.0978 -0.3132 -0.9446
vn 0.8136 -0.5792 0.0507
vn 0.8551 -0.5157 0.0536
vn 0.8588 -0.5120 0.0164
vn 0.8540 -0.5199 0.0193
vn 0.3589 -0.2808 0.8902
vn 0.3776 -0.2383 0.8948
vn 0.4007 -0.2360 0.8853
vn 0.3680 -0.3145 0.8750
vn -0.9641 0.1276 -0.2327
vn -0.9911 0.0925 -0.0962
vn -0.9878 0.1193 -0.0997
vn -0.2917 -0.6919 0.6604
vn 0.1550 -0.3634 0.9186
vn 0.1299 -0.3561 0.9254
vn -0.2849 -0.2374 0.9287
vn -0.2343 -0.3129 0.9204
vn -0.9152 -0.1563 0.3715
vn -0.9240 -0.0544 0.3786
vn -0.7025 -0.3647 0.6111
vn -0.3424 -0.2421 0.9078
vn -0.9224 0.0574 0.3820
vn -0.9538 -0.0986 0.2839
vn -0.9457 -0.0887 0.3125
vn -0.9597 -0.0990 0.2631
vn 0.4216 -0.1945 -0.8857
vn 0.5822 -0.1390 -0.8011
vn 0.5575 -0.0662 -0.8276
vn 0.3590 -0.1050 -0.9274
vn -0.4016 0.8038 0.4389
vn -0.3883 0.8334 0.3933
vn -0.3168 0.8657 0.3876
vn -0.3330 0.8427 0.4231
vn 0.3399 -0.3894 0.8561
vn 0.3084 -0.4000 0.8631
vn 0.3275 -0.3632 0.8722
vn 0.2438 -0.4304 0.8691
vn 0.2676 -0.4275 0.8635
vn 0.2938 -0.4477 0.8446
vn 0.7619 0.0510 -0.6457
vn 0.7689 0.0342 -0.6384
vn 0.7599 0.0088 -0.6500
vn -0.1026 0.8042 0.5854
vn -0.0577 0.8211 0.5679
vn -0.0472 0.8374 0.5445
vn -0.4520 0.0803 0.8884
vn -0.4460 0.0971 0.8897
vn -0.4531 0.1167 0.8838
vn 0.2551 -0.9249 0.2819
vn 0.2354 -0.9135 0.3318
vn 0.2068 -0.9151 0.3462
vn 0.5464 -0.0439 -0.8364
vn 0.6023 -0.0560 -0.7963
vn 0.5835 -0.0271 -0.8117
vn 0.5274 -0.0152 -0.8495
vn -0.2884 0.8806 0.3759
vn -0.2534 0.9109 0.3255
vn -0.2684 0.9088 0.3194
vn -0.5874 0.0561 0.8074
vn -0.5935 0.0742 0.8014
vn -0.5723 0.0898 0.8151
vn 0.1308 -0.9516 0.2782
vn 0.2177 -0.9559 0.1974
vn 0.1265 -0.9815 0.1439
vn 0.0249 -0.9762 0.2156
vn -0.9593 -0.2570 0.1170
vn -0.9662 -0.2266 0.1231
vn -0.9695 -0.2130 0.1210
vn -0.0795 -0.9522 -0.2951
vn 0.2092 -0.7889 0.5779
vn -0.8406 -0.5365 0.0749
vn -0.9322 -0.2502 -0.2614
vn -0.9959 0.0860 0.0293
vn -0.5769 0.8154 -0.0479
vn -0.4521 0.3686 -0.8122
vn -0.1956 -0.5051 0.8406
vn -0.0225 -0.7486 0.6626
vn -0.4172 -0.4373 0.7966
vn -0.3256 -0.3938 0.8596
vn -0.7871 -0.3584 0.5021
vn -0.7666 -0.2807 0.5775
vn -0.8176 -0.0957 0.5678
vn -0.1750 -0.1538 0.9725
vn -0.5035 0.4776 0.7200
vn 0.2455 0.8020 0.5446
vn 0.7030 0.0597 0.7087
vn 0.4391 -0.7659 0.4696
vn 0.7882 0.0474 0.6136
vn 0.7455 0.4654 -0.4771
vn 0.5915 0.5865 -0.5533
vn 0.0876 0.9962 -0.0035
vn 0.3159 0.9488 -0.0062
vn 0.5004 -0.8631 -0.0679
vn 0.4172 -0.9021 -0.1102
vn 0.6633 -0.4264 -0.6150
vn 0.7570 -0.3675 -0.5402
vn -0.0942 -0.8482 0.5211
vn 0.0178 -0.7950 0.6064
vn -0.3648 -0.2816 0.8875
vn -0.4806 -0.2860 0.8290
vn -0.0173 0.9991 -0.0388
vn -0.0308 0.9928 -0.1154
vn 0.4396 0.4486 -0.7782
vn 0.5026 0.4595 -0.7323
vn -0.3294 0.0701 0.9416
vn -0.6363 0.4292 0.6410
vn -0.3967 0.6538 0.6443
vn -0.2904 0.7633 0.5771
vn 0.0080 0.5779 0.8161
vn 0.1048 0.0959 0.9899
vn 0.6114 -0.4430 -0.6557
vn 0.6358 -0.3859 -0.6685
vn 0.4419 -0.8971 -0.0040
vn 0.5167 -0.8008 0.3028
vn -0.7644 -0.2437 0.5970
vn -0.1262 -0.4155 0.9008
vn -0.1394 -0.4122 0.9003
vn -0.7616 -0.2374 0.6030
vn -0.7825 -0.4159 0.4633
vn -0.0968 -0.4904 0.8661
vn -0.0777 -0.4882 0.8692
vn -0.7833 -0.4010 0.4750
vn -0.9605 0.0978 0.2606
vn -0.6540 0.6236 0.4282
vn -0.6759 0.6159 0.4046
vn -0.9663 0.0779 0.2455
vn -0.9274 -0.2735 -0.2550
vn -0.1104 -0.3331 -0.9364
vn -0.0491 -0.3451 -0.9373
vn -0.9099 -0.2888 -0.2978
vn 0.5116 0.4957 -0.7018
vn -0.0156 0.9996 0.0220
vn 0.0722 0.9969 -0.0316
vn 0.5748 0.4382 -0.6911
vn 0.8165 -0.3669 -0.4458
vn 0.5264 -0.8484 0.0557
vn 0.5337 -0.8456 0.0068
vn 0.8005 -0.3534 -0.4840
vn -0.2543 0.6083 0.7518
vn 0.1512 -0.0184 0.9883
vn 0.1576 -0.0325 0.9870
vn -0.2292 0.6013 0.7654
vn 0.7813 0.4755 -0.4043
vn 0.3382 0.9081 0.2470
vn 0.3312 0.9016 0.2783
vn 0.7889 0.4954 -0.3635
vn 0.6458 -0.4423 -0.6223
vn 0.4095 -0.9110 -0.0492
vn 0.4183 -0.9069 -0.0499
vn 0.6462 -0.4004 -0.6498
vn -0.2075 0.6671 0.7155
vn -0.3818 0.3333 0.8620
vn -0.3634 0.3321 0.8705
vn -0.1791 0.6776 0.7133
vn -0.3201 -0.2685 0.9085
vn 0.0168 -0.7746 0.6323
vn 0.0341 -0.7744 0.6318
vn -0.3021 -0.2666 0.9152
vn 0.6293 -0.0223 -0.7768
vn 0.7226 0.0225 -0.6909
vn 0.7107 -0.0110 -0.7034
vn 0.6239 -0.0528 -0.7797
vn -0.2495 0.8660 0.4333
vn -0.1625 0.8300 0.5335
vn -0.1091 0.8631 0.4932
vn -0.2076 0.8963 0.3918
vn -0.5627 0.0844 0.8223
vn -0.4938 0.0845 0.8654
vn -0.5004 0.1123 0.8585
vn -0.5601 0.1029 0.8220
vn 0.2238 -0.9656 0.1323
vn 0.2414 -0.9495 0.2005
vn 0.2139 -0.9273 0.3073
vn 0.1950 -0.9563 0.2178
vn 0.4363 0.4504 -0.7790
vn -0.0047 0.9914 -0.1308
vn -0.0082 0.9951 -0.0984
vn 0.4403 0.4799 -0.7588
vn -0.5179 -0.3709 0.7708
vn -0.1580 -0.9032 0.3991
vn -0.1742 -0.8898 0.4219
vn -0.5367 -0.2955 0.7904
vn 0.6447 -0.5246 -0.5560
vn 0.5821 -0.6512 0.4869
vn 0.6113 -0.6737 0.4152
vn 0.6259 -0.4976 -0.6005
vn 0.5065 -0.0248 -0.8619
vn 0.5202 -0.0119 -0.8540
vn 0.5541 -0.0210 -0.8322
vn 0.4976 -0.0518 -0.8659
vn -0.3153 0.8614 0.3982
vn -0.2895 0.8803 0.3757
vn -0.3065 0.8905 0.3362
vn -0.3288 0.8771 0.3502
vn 0.0745 -0.2975 0.9518
vn -0.3739 -0.0729 0.9246
vn -0.3501 -0.0466 0.9355
vn 0.0981 -0.2740 0.9567
vn 0.2346 -0.6372 0.7341
vn 0.1392 -0.8818 0.4505
vn 0.1028 -0.8410 0.5312
vn 0.2111 -0.5657 0.7971
vn -0.9575 -0.1335 0.2558
vn -0.9642 -0.2088 0.1635
vn -0.9703 -0.1886 0.1518
vn -0.9652 -0.1313 0.2263
vn -0.6045 -0.0348 0.7958
vn 0.5479 0.7704 0.3260
vn 0.6492 0.7289 -0.2174
vn -0.0568 0.7303 -0.6807
vn -0.5391 0.7805 0.3167
vn -0.2485 -0.4195 0.8731
vn -0.7838 -0.6103 0.1147
vn -0.0919 -0.2022 0.9750
vn 0.0256 0.0307 0.9992
vn -0.7400 0.0661 0.6694
vn -0.7158 -0.0440 0.6969
vn -0.9291 -0.0486 -0.3666
vn -0.2528 -0.1119 -0.9610
vn -0.1130 -0.4171 -0.9018
vn -0.9310 -0.2960 -0.2138
vn 0.7168 -0.1416 -0.6828
vn 0.4776 -0.2984 -0.8264
vn 0.5093 -0.1778 -0.8420
vn 0.4229 -0.1950 -0.8849
vn 0.1151 -0.4003 -0.9091
vn 0.1380 -0.4662 -0.8738
vn 0.6025 0.7675 0.2187
vn 0.6805 0.6957 0.2301
vn 0.7045 0.6750 0.2193
vn 0.6267 0.7508 0.2089
vn -0.4194 0.6345 0.6493
vn -0.4999 0.4964 0.7097
vn -0.4575 0.5478 0.7004
vn -0.3723 0.6825 0.6290
vn -0.8702 -0.4334 -0.2342
vn -0.8453 -0.5227 -0.1106
vn -0.8486 -0.5177 -0.1089
vn -0.8673 -0.4896 -0.0896
vn -0.9263 -0.3654 -0.0916
vn -0.7146 0.6994 -0.0142
vn -0.4040 0.9137 -0.0444
vn -0.0611 0.9760 -0.2089
vn 0.2253 0.7997 -0.5565
vn -0.0311 0.1648 -0.9858
vn -0.5182 -0.0806 -0.8514
vn -0.8247 0.0044 -0.5656
vn -0.9282 0.2682 -0.2579
vn -0.5359 -0.6577 0.5293
vn 0.1418 -0.3797 0.9142
vn -0.5434 -0.6200 0.5660
vn 0.8358 -0.2028 -0.5102
vn 0.9944 -0.0827 0.0660
vn 0.8210 -0.2320 -0.5216
vn 0.7538 0.5667 0.3324
vn 0.8078 0.3821 0.4489
vn 0.7955 0.5388 0.2773
vn 0.3854 0.2971 0.8736
vn -0.0081 0.4722 0.8815
vn -0.0408 0.4470 0.8936
vn 0.6075 -0.3302 -0.7225
vn 0.5914 -0.3725 -0.7152
vn 0.6033 -0.3527 -0.7152
vn 0.6188 -0.3035 -0.7245
vn 0.7637 0.5215 0.3807
vn 0.5711 0.6989 0.4306
vn 0.7260 0.6287 0.2786
vn 0.8087 0.5077 0.2971
vn -0.5089 0.0224 0.8605
vn -0.4324 0.0903 0.8972
vn -0.4036 0.0497 0.9136
vn -0.4804 -0.0140 0.8769
vn -0.8064 -0.5669 -0.1687
vn -0.7630 -0.6067 -0.2233
vn -0.8195 -0.5379 -0.1975
vn -0.8429 -0.5154 -0.1545
vn 0.7700 -0.2935 -0.5665
vn 0.7303 -0.2875 -0.6197
vn 0.6392 -0.3924 -0.6614
vn 0.6965 -0.4025 -0.5941
vn 0.7956 0.4910 0.3548
vn 0.8666 0.4049 0.2916
vn 0.8304 0.4419 0.3395
vn 0.7416 0.5302 0.4110
vn -0.4109 0.5200 0.7488
vn -0.3112 0.5943 0.7416
vn -0.2639 0.5256 0.8088
vn -0.3703 0.4185 0.8293
vn -0.7113 -0.6658 -0.2253
vn -0.7703 -0.6201 -0.1484
vn -0.7611 -0.6390 -0.1110
vn -0.6784 -0.7088 -0.1936
vn 0.5726 -0.2645 -0.7760
vn 0.5866 -0.2624 -0.7662
vn 0.6122 -0.2383 -0.7539
vn 0.5853 -0.2504 -0.7712
vn 0.5645 -0.2636 -0.7822
vn 0.7017 0.6799 0.2127
vn 0.7159 0.6714 0.1919
vn 0.7324 0.6557 0.1833
vn 0.7191 0.6639 0.2051
vn -0.5402 0.4741 0.6953
vn -0.5921 0.4214 0.6869
vn -0.5621 0.4650 0.6839
vn -0.5061 0.5181 0.6895
vn -0.8343 -0.5342 -0.1364
vn -0.8260 -0.5440 -0.1476
vn -0.8441 -0.5188 -0.1356
vn -0.8546 -0.5060 -0.1167
vn -0.8478 -0.5178 -0.1142
vn 0.9189 -0.0448 -0.3920
vn 0.9100 -0.1178 -0.3975
vn 0.9701 0.2413 0.0266
vn 0.9447 0.3213 0.0660
vn 0.5615 0.6032 0.5665
vn 0.5092 0.5649 0.6493
vn -0.0066 0.5732 0.8194
vn 0.1519 0.5898 0.7931
vn -0.4117 0.1008 0.9057
vn -0.6066 0.1970 0.7702
vn -0.8226 -0.4224 0.3807
vn -0.6406 -0.4616 0.6137
vn -0.2443 -0.9683 0.0526
vn -0.2938 -0.9078 -0.2992
vn 0.4440 -0.6097 -0.6566
vn 0.4526 -0.7493 -0.4834
vn 0.8822 0.4701 -0.0251
vn 0.8338 0.0124 -0.5520
vn 0.8082 -0.0076 -0.5889
vn 0.8890 0.4489 -0.0902
vn 0.4533 0.7306 0.5106
vn -0.2224 0.5795 0.7840
vn -0.1605 0.3570 0.9202
vn 0.5249 0.5704 0.6317
vn -0.7811 0.1204 0.6127
vn -0.9317 -0.3147 0.1815
vn -0.9007 -0.4012 0.1668
vn -0.7530 -0.0533 0.6558
vn 0.2619 -0.5561 -0.7888
vn -0.5196 -0.6880 -0.5066
vn -0.5495 -0.6662 -0.5041
vn 0.2229 -0.5240 -0.8220
vn -0.4194 -0.7628 -0.4921
vn -0.4781 -0.7338 -0.4826
vn 0.2596 -0.6187 -0.7415
vn 0.3118 -0.6210 -0.7191
vn 0.8842 -0.1497 -0.4426
vn 0.8240 -0.1048 -0.5568
vn 0.9281 0.3723 0.0098
vn 0.9539 0.2795 0.1094
vn 0.5748 0.5677 0.5893
vn 0.5441 0.4988 0.6746
vn -0.0603 0.3854 0.9208
vn 0.0108 0.5632 0.8263
vn -0.6918 0.1114 0.7134
vn -0.7058 -0.0998 0.7014
vn -0.8747 -0.4688 0.1226
vn -0.8756 -0.4520 0.1705
vn 0.8600 0.4817 -0.1684
vn 0.8562 0.5059 -0.1047
vn 0.7660 0.0349 -0.6419
vn 0.7040 -0.0169 -0.7100
vn -0.1585 0.6957 0.7006
vn -0.1990 0.6807 0.7050
vn 0.4298 0.7811 0.4529
vn 0.4434 0.7807 0.4404
vn -0.9512 -0.2268 0.2094
vn -0.9443 -0.2913 0.1528
vn -0.7827 0.2582 0.5664
vn -0.7305 0.3290 0.5984
vn -0.0213 -0.8346 -0.5505
vn 0.3946 -0.4542 -0.7988
vn 0.1276 -0.6418 -0.7562
vn -0.6438 -0.7040 -0.2999
vn -0.5605 -0.6604 -0.4997
vn -0.8028 -0.5165 -0.2979
vn -0.7024 -0.5336 -0.4711
vn 0.2885 -0.1996 -0.9365
vn 0.5532 -0.0961 -0.8275
vn 0.7882 0.5227 -0.3249
vn 0.8782 0.4447 -0.1763
vn 0.6757 -0.1515 -0.7215
vn 0.3823 0.8461 0.3715
vn -0.1337 0.7891 0.5995
vn -0.1337 0.7293 0.6710
vn 0.4273 0.7920 0.4361
vn -0.7144 0.4331 0.5495
vn -0.9788 -0.0761 0.1901
vn -0.9535 -0.1962 0.2289
vn -0.7066 0.3215 0.6304
vn 0.3205 -0.6089 -0.7256
vn -0.4526 -0.7640 -0.4598
vn -0.4227 -0.7641 -0.4873
vn 0.3175 -0.6070 -0.7285
vn -0.1051 -0.9566 0.2719
vn 0.6584 -0.6749 -0.3332
vn 0.5936 -0.6777 0.4340
vn 0.9245 -0.0359 -0.3795
vn 0.9388 0.3440 0.0140
vn 0.9881 0.1532 -0.0106
vn 0.5924 0.5999 0.5378
vn 0.2120 0.5516 0.8067
vn 0.5726 0.3679 0.7326
vn 0.8116 -0.2271 -0.5383
vn 0.8137 -0.2165 -0.5395
vn 0.8279 -0.2264 -0.5131
vn 0.8000 -0.2482 -0.5462
vn 0.8152 0.4703 0.3380
vn 0.7916 0.5137 0.3308
vn 0.8179 0.5033 0.2789
vn 0.8503 0.4432 0.2837
vn -0.2093 0.5445 0.8123
vn -0.0837 0.4799 0.8733
vn -0.0774 0.5178 0.8520
vn -0.1831 0.5676 0.8027
vn -0.7520 -0.6584 0.0312
vn -0.6458 -0.6766 0.3537
vn -0.6651 -0.6520 0.3639
vn -0.7680 -0.6387 0.0464
vn -0.0411 -0.1602 0.9862
vn -0.2540 0.1363 0.9576
vn -0.5007 -0.4082 0.7633
vn 0.8360 0.0151 -0.5485
vn 0.8477 0.5305 0.0029
vn 0.8680 0.4958 -0.0267
vn 0.8094 -0.0546 -0.5848
vn 0.5649 0.4624 0.6834
vn -0.1145 0.1911 0.9749
vn -0.0608 0.2172 0.9742
vn 0.5813 0.4654 0.6674
vn -0.7171 -0.1295 0.6848
vn -0.8942 -0.4221 0.1491
vn -0.8930 -0.4267 0.1431
vn -0.7027 -0.1187 0.7015
vn -0.4672 -0.8779 -0.1050
vn 0.4983 -0.2940 -0.8156
vn -0.1063 -0.6097 -0.7855
vn 0.1998 -0.4985 -0.8436
vn -0.5663 -0.6585 -0.4957
vn -0.2941 -0.6481 -0.7025
vn 0.6183 -0.2573 -0.7426
vn 0.6220 -0.2979 -0.7241
vn 0.6052 -0.3234 -0.7275
vn 0.5976 -0.2770 -0.7524
vn 0.7371 0.6437 0.2058
vn 0.7767 0.5785 0.2494
vn 0.7851 0.5732 0.2348
vn 0.7620 0.6148 0.2033
vn -0.5937 0.3198 0.7384
vn -0.5573 0.1120 0.8227
vn -0.5330 0.1296 0.8361
vn -0.5695 0.3539 0.7419
vn -0.8332 -0.5296 -0.1589
vn -0.8317 -0.5308 -0.1630
vn -0.8323 -0.5368 -0.1382
vn -0.8325 -0.5379 -0.1330
vn 0.2384 -0.6085 -0.7569
vn -0.5039 -0.7241 -0.4709
vn -0.4921 -0.7240 -0.4834
vn 0.2708 -0.5881 -0.7621
vn 0.9134 -0.1670 -0.3712
vn 0.9706 0.2270 0.0806
vn 0.9817 0.1878 0.0319
vn 0.9132 -0.1749 -0.3682
vn 0.5723 0.5789 0.5808
vn 0.0519 0.5512 0.8328
vn -0.0524 0.5364 0.8423
vn 0.4722 0.5900 0.6549
vn -0.6723 0.2929 0.6799
vn -0.8937 -0.3861 0.2283
vn -0.8761 -0.4451 0.1854
vn -0.7218 0.2222 0.6555
vn 0.6106 -0.3540 -0.7084
vn 0.6339 -0.3788 -0.6743
vn 0.6173 -0.4096 -0.6717
vn 0.6020 -0.3932 -0.6950
vn 0.7373 0.5364 0.4107
vn 0.7499 0.5209 0.4077
vn 0.7965 0.4813 0.3658
vn 0.7739 0.5165 0.3665
vn -0.4263 0.1554 0.8911
vn -0.4324 0.3588 0.8273
vn -0.4040 0.4197 0.8128
vn -0.4029 0.2351 0.8846
vn -0.7536 -0.6132 -0.2369
vn -0.7090 -0.6629 -0.2405
vn -0.7259 -0.6528 -0.2166
vn -0.7836 -0.5830 -0.2146
vn 0.7964 0.0122 -0.6047
vn 0.8650 0.4912 -0.1028
vn 0.8677 0.4850 -0.1087
vn 0.7982 0.0119 -0.6023
vn 0.4233 0.7935 0.4372
vn -0.2227 0.6939 0.6848
vn -0.2303 0.6870 0.6892
vn 0.4349 0.7898 0.4325
vn -0.7957 0.2141 0.5666
vn -0.9482 -0.2868 0.1364
vn -0.9501 -0.2715 0.1539
vn -0.7863 0.2223 0.5764
vn 0.3130 -0.3703 -0.8746
vn -0.4679 -0.5977 -0.6510
vn -0.7112 -0.5854 -0.3892
vn -0.7711 -0.5376 -0.3413
vn -0.2367 -0.4851 -0.8418
vn -0.0372 -0.4670 -0.8835
vn 0.3576 -0.7859 -0.5045
vn 0.5174 -0.1473 -0.8429
vn 0.5708 -0.2600 -0.7789
vn 0.5309 -0.1844 -0.8271
vn 0.5596 -0.1871 -0.8074
vn 0.5720 -0.2976 -0.7643
vn 0.6971 0.6784 0.2321
vn 0.7022 0.6742 0.2288
vn 0.7083 0.6773 0.1988
vn 0.7041 0.6807 0.2024
vn -0.5198 0.5136 0.6827
vn -0.5294 0.5111 0.6771
vn -0.4894 0.5003 0.7143
vn -0.4783 0.5035 0.7196
vn -0.4966 -0.8653 -0.0686
vn -0.8442 -0.5238 -0.1141
vn -0.8552 -0.5042 -0.1200
vn -0.8518 -0.5140 -0.1009
vn -0.8531 -0.5129 -0.0958
vn -0.8561 -0.5019 -0.1233
vn 0.5317 -0.1990 -0.8232
vn 0.5080 -0.1763 -0.8431
vn 0.3736 -0.1928 -0.9073
vn 0.1633 -0.3518 -0.9217
vn 0.4724 -0.3936 -0.7886
vn 0.1122 -0.5481 -0.8289
vn 0.3882 -0.4534 -0.8023
vn 0.5684 -0.2613 -0.7802
vn -0.6499 -0.7158 -0.2554
vn -0.8448 -0.5228 -0.1140
vn -0.7492 -0.6182 -0.2376
vn -0.6358 -0.6430 -0.4269
vn -0.8499 -0.5134 -0.1192
vn -0.8325 -0.5222 -0.1849
vn -0.8429 -0.4905 -0.2211
vn -0.8473 -0.4486 -0.2844
vn -0.1776 -0.0727 -0.9814
vn -0.3203 -0.0043 -0.9473
vn 0.8481 -0.0879 -0.5225
vn 0.8689 -0.0975 0.4853
vn 0.4260 0.1487 0.8924
vn 0.0605 0.1409 0.9882
vn -0.9085 0.2955 0.2956
vn -0.9620 0.2453 0.1199
vn -0.0385 0.9992 0.0115
vn -0.9005 -0.3602 0.2437
vn -0.2650 -0.2900 -0.9196
vn 0.5308 -0.7580 -0.3790
vn 0.1677 -0.6869 0.7072
vn -0.4514 0.6504 -0.6109
vn 0.4010 0.8932 -0.2034
vn 0.6572 0.3976 0.6403
vn -0.5116 0.5874 0.6271
vn 0.4750 -0.2266 -0.8503
vn 0.4978 -0.2841 -0.8195
vn 0.7523 -0.5820 0.3089
vn 0.6066 -0.6658 0.4345
vn -0.6084 -0.3397 0.7173
vn -0.5064 -0.2874 0.8130
vn -0.7452 -0.3056 -0.5927
vn -0.8400 -0.1890 -0.5086
vn -0.2188 0.6704 -0.7090
vn -0.1978 0.8804 -0.4310
vn 0.7449 -0.1889 -0.6398
vn 0.5327 -0.1775 -0.8275
vn 0.5512 0.7862 0.2793
vn 0.7511 0.5028 0.4278
vn 0.7442 0.0837 0.6627
vn 0.8655 0.0545 0.4980
vn 0.0360 0.6887 0.7242
vn 0.0268 0.6445 0.7641
vn -0.5944 0.3325 0.7323
vn -0.3725 0.3173 0.8721
vn -0.6609 0.7476 0.0657
vn -0.5877 0.8047 0.0845
vn -0.8198 0.1784 -0.5441
vn -0.6174 0.1001 -0.7802
vn -0.7250 -0.3970 -0.5629
vn 0.2850 -0.6584 -0.6966
vn 0.4444 -0.8691 0.2169
vn -0.1819 0.1170 -0.9763
vn -0.2349 -0.3638 -0.9014
vn 0.7053 -0.5478 -0.4499
vn 0.8123 -0.2595 -0.5224
vn 0.3163 -0.3464 0.8831
vn 0.3253 -0.3243 0.8883
vn -0.9533 0.0440 0.2986
vn -0.9582 -0.0812 0.2743
vn -0.5465 -0.6095 0.5744
vt 0.473776 0.120337
vt 0.617940 0.214700
vt 0.530607 0.202685
vt 0.475627 0.120172
vt 0.590800 0.195660
vt 0.624499 0.211931
vt 0.470488 0.120522
vt 0.446815 0.224012
vt 0.580926 0.196407
vt 0.465980 0.120830
vt 0.425928 0.210004
vt 0.437834 0.224196
vt 0.626637 0.323336
vt 0.570775 0.448046
vt 0.577894 0.317921
vt 0.634991 0.312042
vt 0.572525 0.447921
vt 0.632497 0.321067
vt 0.529147 0.332860
vt 0.569482 0.448234
vt 0.627538 0.312728
vt 0.497486 0.321639
vt 0.565687 0.448459
vt 0.520934 0.333205
vt 0.567867 0.448140
vt 0.529784 0.323797
vt 0.567842 0.317926
vt 0.564207 0.303165
vt 0.526227 0.309256
vt 0.474254 0.218435
vt 0.518412 0.208255
vt 0.565777 0.448244
vt 0.500116 0.320776
vt 0.520597 0.322302
vt 0.514663 0.308164
vt 0.495111 0.306769
vt 0.434142 0.215095
vt 0.460092 0.216947
vt 0.634434 0.311613
vt 0.634010 0.317483
vt 0.629875 0.319528
vt 0.630847 0.313495
vt 0.496659 0.310967
vt 0.497438 0.316813
vt 0.494870 0.317354
vt 0.492460 0.311749
vt 0.633384 0.301888
vt 0.632294 0.307939
vt 0.636711 0.307595
vt 0.636907 0.301589
vt 0.519927 0.324340
vt 0.520464 0.329956
vt 0.524889 0.329864
vt 0.523321 0.324480
vt 0.569235 0.313714
vt 0.568351 0.307234
vt 0.576313 0.307902
vt 0.576358 0.313722
vt 0.520135 0.318498
vt 0.518427 0.312521
vt 0.526409 0.313770
vt 0.527215 0.320031
vt 0.476398 0.120401
vt 0.625237 0.212495
vt 0.620571 0.215003
vt 0.565122 0.448265
vt 0.496881 0.321288
vt 0.499447 0.320747
vt 0.474574 0.119992
vt 0.584952 0.195596
vt 0.589777 0.195182
vt 0.466412 0.121041
vt 0.438368 0.224605
vt 0.442799 0.224806
vt 0.628167 0.323433
vt 0.632307 0.321389
vt 0.572285 0.448058
vt 0.489628 0.307537
vt 0.427345 0.216110
vt 0.432938 0.215064
vt 0.493909 0.306738
vt 0.634938 0.311791
vt 0.630518 0.312134
vt 0.572510 0.447826
vt 0.526167 0.333446
vt 0.521742 0.333538
vt 0.566454 0.448634
vt 0.628452 0.313366
vt 0.627567 0.319382
vt 0.578826 0.313967
vt 0.578854 0.308123
vt 0.637131 0.301959
vt 0.636781 0.307977
vt 0.634287 0.317003
vt 0.634524 0.311139
vt 0.527826 0.323591
vt 0.529394 0.328975
vt 0.627784 0.308843
vt 0.628874 0.302792
vt 0.493293 0.312297
vt 0.495784 0.317886
vt 0.519233 0.329452
vt 0.518763 0.323819
vt 0.566371 0.307490
vt 0.567253 0.313960
vt 0.529195 0.319831
vt 0.528381 0.313561
vt 0.569187 0.448009
vt 0.569152 0.317756
vt 0.576275 0.317763
vt 0.566399 0.302854
vt 0.520592 0.207922
vt 0.531196 0.208805
vt 0.574432 0.303487
vt 0.517231 0.312397
vt 0.518937 0.318374
vt 0.498455 0.316848
vt 0.497678 0.311002
vt 0.566554 0.448251
vt 0.521396 0.322390
vt 0.528476 0.323923
vt 0.516057 0.308298
vt 0.461485 0.217081
vt 0.472078 0.218738
vt 0.524030 0.309537
vt 0.577742 0.303920
vt 0.534608 0.209186
vt 0.621877 0.221254
vt 0.627500 0.309122
vt 0.633747 0.306871
vt 0.629201 0.218377
vt 0.595691 0.202070
vt 0.636013 0.297709
vt 0.626335 0.298538
vt 0.584712 0.203012
vt 0.450601 0.230617
vt 0.525287 0.319337
vt 0.490306 0.308119
vt 0.515629 0.319675
vt 0.439906 0.230894
vt 0.427875 0.216716
vt 0.471443 0.211903
vt 0.469389 0.120416
vt 0.515577 0.201699
vt 0.432253 0.208540
vt 0.466747 0.120576
vt 0.458203 0.210392
vt 0.634061 0.307527
vt 0.630569 0.309419
vt 0.625068 0.221508
vt 0.629800 0.219007
vt 0.631629 0.297470
vt 0.635310 0.297160
vt 0.594742 0.201548
vt 0.590006 0.201945
vt 0.516677 0.320225
vt 0.520005 0.320382
vt 0.445319 0.231662
vt 0.440830 0.231468
vt 0.425676 0.209569
vt 0.465841 0.120597
vt 0.431338 0.208517
vt 0.517174 0.201440
vt 0.470995 0.120231
vt 0.527798 0.202284
vt 0.459262 0.210494
vt 0.467788 0.120590
vt 0.469843 0.212139
vt 0.459720 0.215859
vt 0.487796 0.214805
vt 0.527993 0.185891
vt 0.539013 0.127649
vt 0.493665 0.122158
vt 0.504898 0.117833
vt 0.471640 0.213856
vt 0.456546 0.215170
vt 0.490785 0.121241
vt 0.534904 0.121638
vt 0.522924 0.211576
vt 0.476957 0.213643
vt 0.510191 0.117906
vt 0.543143 0.127319
vt 0.532358 0.185830
vt 0.527285 0.212759
vt 0.527261 0.211895
vt 0.539301 0.122838
vt 0.535651 0.117800
vt 0.510937 0.114067
vt 0.508067 0.113927
vt 0.493954 0.117336
vt 0.495180 0.117753
vt 0.540529 0.123243
vt 0.542080 0.123005
vt 0.538238 0.118525
vt 0.462350 0.477360
vt 0.423122 0.487665
vt 0.473037 0.452302
vt 0.424644 0.427900
vt 0.421719 0.486964
vt 0.459493 0.476168
vt 0.427788 0.432386
vt 0.420762 0.485626
vt 0.421802 0.422580
vt 0.422249 0.486383
vt 0.431757 0.434722
vt 0.472058 0.447890
vt 0.411943 0.351003
vt 0.491266 0.361217
vt 0.501338 0.318195
vt 0.420083 0.328494
vt 0.427268 0.398823
vt 0.406869 0.352912
vt 0.415987 0.329611
vt 0.431757 0.330637
vt 0.506959 0.322090
vt 0.498140 0.389751
vt 0.433752 0.400299
vt 0.438816 0.330787
vt 0.507926 0.318545
vt 0.497158 0.362758
vt 0.503479 0.387406
vt 0.511849 0.321086
vt 0.425152 0.415106
vt 0.462573 0.467335
vt 0.489562 0.370185
vt 0.411204 0.360197
vt 0.427287 0.425258
vt 0.421103 0.414780
vt 0.408131 0.363896
vt 0.426981 0.406432
vt 0.496238 0.397959
vt 0.476083 0.441351
vt 0.433514 0.427438
vt 0.432828 0.408416
vt 0.494469 0.373132
vt 0.467823 0.470502
vt 0.479283 0.443135
vt 0.500782 0.397157
vt 0.484832 0.226094
vt 0.456405 0.227053
vt 0.423098 0.318779
vt 0.503818 0.308506
vt 0.514625 0.254430
vt 0.467487 0.226276
vt 0.434720 0.320410
vt 0.418535 0.319504
vt 0.451853 0.227627
vt 0.520437 0.223604
vt 0.508757 0.311405
vt 0.440899 0.319901
vt 0.473560 0.225849
vt 0.520350 0.254038
vt 0.509527 0.308069
vt 0.513756 0.310550
vt 0.525326 0.223074
vt 0.525525 0.223942
vt 0.423617 0.424350
vt 0.423178 0.416394
vt 0.421229 0.416117
vt 0.421721 0.420375
vt 0.428274 0.431024
vt 0.427980 0.427438
vt 0.431102 0.428323
vt 0.430758 0.432603
vt 0.474809 0.447105
vt 0.477423 0.443569
vt 0.478549 0.445178
vt 0.474922 0.450228
vt 0.463222 0.477620
vt 0.466075 0.474879
vt 0.463903 0.473134
vt 0.461770 0.477129
vt 0.415699 0.327408
vt 0.416939 0.327353
vt 0.418323 0.323459
vt 0.416432 0.323666
vt 0.434064 0.324646
vt 0.436822 0.324398
vt 0.436059 0.328040
vt 0.432916 0.328509
vt 0.510818 0.315132
vt 0.513178 0.314777
vt 0.512374 0.318632
vt 0.510340 0.318573
vt 0.505412 0.316145
vt 0.508085 0.315876
vt 0.508582 0.312081
vt 0.506260 0.312276
vt 0.495206 0.368723
vt 0.496334 0.364231
vt 0.494358 0.363308
vt 0.493377 0.367198
vt 0.408010 0.356379
vt 0.408025 0.352263
vt 0.405807 0.353111
vt 0.407037 0.360127
vt 0.427642 0.406640
vt 0.427962 0.403000
vt 0.430530 0.403856
vt 0.430386 0.407329
vt 0.499576 0.395943
vt 0.500697 0.392381
vt 0.503183 0.391098
vt 0.502046 0.394966
vt 0.454424 0.219531
vt 0.452756 0.223474
vt 0.454636 0.223419
vt 0.455944 0.219720
vt 0.473796 0.217945
vt 0.472424 0.221831
vt 0.469772 0.221997
vt 0.470900 0.218092
vt 0.526551 0.215523
vt 0.525814 0.219358
vt 0.523564 0.219388
vt 0.524024 0.215680
vt 0.524247 0.219108
vt 0.525003 0.220999
vt 0.526390 0.219015
vt 0.525634 0.217124
vt 0.491436 0.121774
vt 0.490210 0.121357
vt 0.455999 0.215284
vt 0.457498 0.215502
vt 0.505658 0.117730
vt 0.508529 0.117870
vt 0.475297 0.213596
vt 0.472365 0.213755
vt 0.536553 0.121687
vt 0.539139 0.122412
vt 0.527147 0.211458
vt 0.524566 0.211632
vt 0.465141 0.468778
vt 0.467413 0.470499
vt 0.493943 0.373138
vt 0.492188 0.371595
vt 0.461995 0.478068
vt 0.460545 0.477582
vt 0.422892 0.488281
vt 0.423579 0.426386
vt 0.421683 0.422411
vt 0.420521 0.485554
vt 0.428035 0.432715
vt 0.430516 0.434295
vt 0.421145 0.485848
vt 0.424916 0.418626
vt 0.425271 0.426628
vt 0.460120 0.474896
vt 0.462217 0.470919
vt 0.427570 0.426951
vt 0.427890 0.430529
vt 0.421901 0.420724
vt 0.421429 0.416458
vt 0.475592 0.442873
vt 0.472979 0.446416
vt 0.432680 0.433246
vt 0.433050 0.428959
vt 0.466698 0.473783
vt 0.463780 0.476524
vt 0.474469 0.451472
vt 0.478013 0.446422
vt 0.423294 0.486955
vt 0.473226 0.448364
vt 0.473343 0.451486
vt 0.416523 0.328514
vt 0.415394 0.328548
vt 0.406031 0.351902
vt 0.408374 0.351025
vt 0.432592 0.331689
vt 0.435811 0.331221
vt 0.430752 0.400681
vt 0.428253 0.399827
vt 0.509934 0.321623
vt 0.511936 0.321711
vt 0.503649 0.388013
vt 0.501118 0.389329
vt 0.524975 0.221167
vt 0.518499 0.250766
vt 0.507683 0.304839
vt 0.509985 0.304653
vt 0.520837 0.250616
vt 0.421914 0.323007
vt 0.420533 0.326899
vt 0.501778 0.316604
vt 0.502622 0.312730
vt 0.433217 0.324621
vt 0.432019 0.328506
vt 0.416443 0.327434
vt 0.417074 0.323713
vt 0.507758 0.315518
vt 0.507283 0.318932
vt 0.439144 0.327676
vt 0.439915 0.324001
vt 0.508839 0.312186
vt 0.508426 0.315966
vt 0.512256 0.318525
vt 0.513123 0.314657
vt 0.494861 0.361228
vt 0.496764 0.362165
vt 0.507658 0.317930
vt 0.504926 0.318209
vt 0.408577 0.358951
vt 0.407631 0.362676
vt 0.420643 0.413544
vt 0.422656 0.413783
vt 0.427669 0.407612
vt 0.430386 0.408312
vt 0.431106 0.427323
vt 0.427937 0.426452
vt 0.498619 0.398052
vt 0.501166 0.397068
vt 0.479509 0.443050
vt 0.478461 0.441436
vt 0.411523 0.352603
vt 0.411461 0.356749
vt 0.489888 0.366692
vt 0.490851 0.362814
vt 0.427067 0.401019
vt 0.426689 0.404679
vt 0.407802 0.362157
vt 0.406466 0.355163
vt 0.497809 0.392909
vt 0.496688 0.396454
vt 0.433268 0.406911
vt 0.433428 0.403406
vt 0.496622 0.365355
vt 0.495512 0.369838
vt 0.501953 0.393857
vt 0.503060 0.389980
vt 0.453118 0.227574
vt 0.451221 0.227632
vt 0.417941 0.319507
vt 0.419820 0.319302
vt 0.468325 0.226256
vt 0.470942 0.226101
vt 0.438294 0.320136
vt 0.435504 0.320393
vt 0.523039 0.223356
vt 0.525250 0.223339
vt 0.513738 0.310803
vt 0.511343 0.311169
vt 0.525662 0.216955
vt 0.531701 0.189416
vt 0.542486 0.130905
vt 0.540935 0.131143
vt 0.529915 0.189386
vt 0.521303 0.219214
vt 0.521303 0.219214
vt 0.486748 0.218575
vt 0.458678 0.219655
vt 0.457357 0.223325
vt 0.485789 0.222367
vt 0.470076 0.218157
vt 0.469013 0.222061
vt 0.453328 0.223414
vt 0.455046 0.219468
vt 0.521895 0.215785
vt 0.521449 0.219479
vt 0.474557 0.221740
vt 0.475937 0.217834
vt 0.526476 0.218952
vt 0.526125 0.220289
vt 0.525894 0.219428
vt 0.526711 0.215576
vt 0.526686 0.216451
vt 0.529196 0.188859
vt 0.488999 0.217773
vt 0.523555 0.218413
vt 0.524942 0.216428
vt 0.517553 0.251396
vt 0.524029 0.221797
vt 0.523273 0.219907
vt 0.487760 0.223059
vt 0.520800 0.251199
vt 0.525975 0.221104
vt 0.526326 0.219766
vt 0.524938 0.221750
vt 0.526797 0.215774
vt 0.531870 0.188845
vt 0.525830 0.216385
vt 0.526586 0.218275
vt 0.580236 0.044610
vt 0.564204 0.052240
vt 0.595213 0.139592
vt 0.561497 0.053993
vt 0.541505 0.052088
vt 0.574729 0.141763
vt 0.594622 0.141086
vt 0.546175 0.039092
vt 0.532238 0.124063
vt 0.537791 0.138401
vt 0.534593 0.050722
vt 0.573450 0.035919
vt 0.606837 0.112786
vt 0.535712 0.122737
vt 0.549567 0.037730
vt 0.581897 0.044283
vt 0.596359 0.139991
vt 0.609853 0.113536
vt 0.576397 0.036668
vt 0.577688 0.040333
vt 0.572578 0.032614
vt 0.548696 0.034493
vt 0.537424 0.046239
vt 0.539395 0.046361
vt 0.560946 0.048302
vt 0.595925 0.167580
vt 0.595562 0.145624
vt 0.575189 0.147883
vt 0.552721 0.154768
vt 0.552814 0.145115
vt 0.546497 0.153168
vt 0.538740 0.144126
vt 0.533484 0.130053
vt 0.607810 0.118772
vt 0.604948 0.133178
vt 0.556620 0.143642
vt 0.537559 0.128574
vt 0.597572 0.143875
vt 0.608188 0.133226
vt 0.610915 0.119309
vt 0.597969 0.170016
vt 0.602701 0.191212
vt 0.600357 0.150109
vt 0.575027 0.171832
vt 0.601988 0.191835
vt 0.597314 0.171153
vt 0.562981 0.164486
vt 0.600982 0.191638
vt 0.572680 0.171395
vt 0.537505 0.051897
vt 0.536279 0.051829
vt 0.539412 0.139443
vt 0.570719 0.141540
vt 0.552948 0.157324
vt 0.571906 0.169739
vt 0.593056 0.169094
vt 0.568882 0.147056
vt 0.540700 0.145169
vt 0.548219 0.153528
vt 0.555482 0.147699
vt 0.559488 0.161794
vt 0.569852 0.168804
vt 0.549048 0.155723
vt 0.604019 0.136563
vt 0.598093 0.145781
vt 0.562297 0.160003
vt 0.558025 0.146579
vt 0.597128 0.145195
vt 0.599121 0.167056
vt 0.601146 0.146150
vt 0.607563 0.136436
vt 0.580266 0.041578
vt 0.581033 0.040866
vt 0.579608 0.040303
vt 0.561377 0.048974
vt 0.560990 0.050190
vt 0.562745 0.049910
vt 0.534391 0.047466
vt 0.535414 0.047924
vt 0.535732 0.046725
vt 0.548007 0.033937
vt 0.548072 0.034293
vt 0.546975 0.034793
vt 0.575058 0.032559
vt 0.574088 0.032316
vt 0.574023 0.031891
vt 0.537870 0.142857
vt 0.538404 0.144178
vt 0.539587 0.144783
vt 0.538828 0.143250
vt 0.533032 0.126777
vt 0.534052 0.128314
vt 0.532684 0.128827
vt 0.531853 0.127241
vt 0.611439 0.116205
vt 0.611349 0.118097
vt 0.610546 0.117647
vt 0.610400 0.115961
vt 0.573481 0.171212
vt 0.571864 0.170149
vt 0.570944 0.169765
vt 0.572139 0.170969
vt 0.561500 0.163401
vt 0.559641 0.162096
vt 0.560678 0.161207
vt 0.560850 0.162391
vt 0.537927 0.046871
vt 0.536864 0.048016
vt 0.539099 0.048123
vt 0.546977 0.154118
vt 0.548282 0.155442
vt 0.551049 0.156493
vt 0.550247 0.154850
vt 0.547922 0.154040
vt 0.554879 0.144825
vt 0.555975 0.146466
vt 0.555202 0.146685
vt 0.553781 0.145332
vt 0.608347 0.133410
vt 0.608064 0.135293
vt 0.606171 0.135538
vt 0.607409 0.133449
vt 0.570539 0.146878
vt 0.574670 0.147274
vt 0.575152 0.145693
vt 0.572906 0.145554
vt 0.597697 0.169937
vt 0.598778 0.168715
vt 0.597296 0.168819
vt 0.595001 0.169419
vt 0.597754 0.170447
vt 0.579524 0.041920
vt 0.578863 0.040644
vt 0.562120 0.048611
vt 0.563493 0.049550
vt 0.563693 0.052470
vt 0.561926 0.052762
vt 0.594771 0.139825
vt 0.560035 0.050109
vt 0.560429 0.048879
vt 0.538878 0.046946
vt 0.540057 0.048179
vt 0.535530 0.051762
vt 0.534398 0.051295
vt 0.537792 0.138984
vt 0.538659 0.139379
vt 0.534772 0.046925
vt 0.536220 0.046197
vt 0.547492 0.034444
vt 0.546551 0.035318
vt 0.546447 0.038521
vt 0.547440 0.037989
vt 0.533604 0.123021
vt 0.532329 0.123471
vt 0.549127 0.034176
vt 0.549075 0.033834
vt 0.572957 0.031958
vt 0.573032 0.032399
vt 0.575568 0.035690
vt 0.576428 0.035936
vt 0.610033 0.112779
vt 0.608937 0.112530
vt 0.575202 0.032909
vt 0.574267 0.032222
vt 0.579378 0.039940
vt 0.580892 0.040492
vt 0.595645 0.139346
vt 0.581580 0.043644
vt 0.580727 0.044369
vt 0.539944 0.145228
vt 0.538791 0.144603
vt 0.546499 0.153673
vt 0.547463 0.153587
vt 0.533538 0.129566
vt 0.534923 0.129039
vt 0.553993 0.144102
vt 0.552912 0.144596
vt 0.610429 0.118339
vt 0.611228 0.118790
vt 0.608497 0.132707
vt 0.607560 0.132748
vt 0.540166 0.143360
vt 0.540924 0.144896
vt 0.569107 0.146780
vt 0.571474 0.145456
vt 0.531945 0.127873
vt 0.532843 0.129482
vt 0.538149 0.143523
vt 0.537677 0.142218
vt 0.607278 0.116364
vt 0.607435 0.118060
vt 0.537177 0.127865
vt 0.536169 0.126334
vt 0.597651 0.143417
vt 0.610997 0.118851
vt 0.611136 0.116953
vt 0.597346 0.168138
vt 0.598850 0.168023
vt 0.596426 0.146136
vt 0.597882 0.170609
vt 0.597958 0.171117
vt 0.602634 0.191805
vt 0.574343 0.171844
vt 0.573000 0.171602
vt 0.601305 0.191852
vt 0.562681 0.164257
vt 0.562030 0.163247
vt 0.600684 0.191414
vt 0.572855 0.170138
vt 0.574475 0.171196
vt 0.596760 0.170517
vt 0.594006 0.169493
vt 0.560011 0.162474
vt 0.561953 0.163745
vt 0.571652 0.170653
vt 0.570504 0.169412
vt 0.598052 0.146344
vt 0.597314 0.148672
vt 0.562420 0.161757
vt 0.562240 0.160571
vt 0.599000 0.167819
vt 0.597885 0.169039
vt 0.600292 0.149131
vt 0.600948 0.146895
vt 0.536744 0.047994
vt 0.537809 0.046853
vt 0.535838 0.046729
vt 0.535520 0.047924
vt 0.551978 0.157137
vt 0.549171 0.156111
vt 0.570064 0.169125
vt 0.570936 0.169549
vt 0.555505 0.147324
vt 0.556217 0.147132
vt 0.560471 0.160553
vt 0.559360 0.161478
vt 0.605858 0.136040
vt 0.607808 0.135804
vt 0.601283 0.145489
vt 0.599950 0.145249
vt 0.575867 0.145671
vt 0.575382 0.147275
vt 0.595580 0.144974
vt 0.540552 0.052043
vt 0.538309 0.051951
vt 0.571523 0.141593
vt 0.573768 0.141740
vt 0.552225 0.155417
vt 0.553010 0.157091
vt 0.593120 0.168859
vt 0.595408 0.168269
vt 0.573665 0.147660
vt 0.569539 0.147232
vt 0.548875 0.153707
vt 0.551215 0.154486
vt 0.553484 0.145681
vt 0.554953 0.147026
vt 0.548407 0.155104
vt 0.547125 0.153762
vt 0.605293 0.133902
vt 0.604048 0.135993
vt 0.558074 0.146007
vt 0.556974 0.144361
vt 0.597486 0.144333
vt 0.607865 0.135581
vt 0.608097 0.133684
vt 0.601678 0.191007
vt 0.563023 0.162839
vt 0.597916 0.149755
vt 0.598911 0.148088
vt 0.599643 0.145764
vt 0.601045 0.146015
vt 0.600327 0.148235
vt 0.602725 0.190622
vt 0.598969 0.149380
vt 0.600384 0.149527
vt 0.764108 0.216152
vt 0.813359 0.230419
vt 0.735871 0.247881
vt 0.748849 0.146380
vt 0.773581 0.144297
vt 0.767855 0.138010
vt 0.726039 0.141194
vt 0.634412 0.183133
vt 0.672198 0.205133
vt 0.742537 0.149278
vt 0.718194 0.143845
vt 0.392692 0.072132
vt 0.541235 0.035064
vt 0.550879 0.026843
vt 0.469189 0.042270
vt 0.409569 0.064318
vt 0.777330 0.256964
vt 0.763685 0.241752
vt 0.734253 0.249735
vt 0.754936 0.257406
vt 0.777114 0.257749
vt 0.808769 0.256758
vt 0.757237 0.257053
vt 0.736512 0.249260
vt 0.813996 0.231795
vt 0.807345 0.278087
vt 0.810875 0.258849
vt 0.783199 0.259468
vt 0.677140 0.210257
vt 0.714086 0.188034
vt 0.757089 0.213505
vt 0.729207 0.245517
vt 0.705616 0.161337
vt 0.720213 0.131090
vt 0.747550 0.130087
vt 0.767322 0.139749
vt 0.773957 0.147120
vt 0.785879 0.175895
vt 0.799115 0.203627
vt 0.811366 0.224034
vt 0.761706 0.209829
vt 0.717401 0.183445
vt 0.758490 0.213479
vt 0.765622 0.239368
vt 0.815693 0.229924
vt 0.802870 0.208975
vt 0.678366 0.211818
vt 0.731732 0.247815
vt 0.761283 0.239802
vt 0.754091 0.213871
vt 0.633073 0.184321
vt 0.698068 0.163113
vt 0.708758 0.183999
vt 0.671485 0.206397
vt 0.715962 0.125205
vt 0.694663 0.108642
vt 0.704106 0.106432
vt 0.742214 0.124241
vt 0.712125 0.126948
vt 0.697539 0.156877
vt 0.652864 0.133022
vt 0.690020 0.109741
vt 0.756405 0.258382
vt 0.803637 0.278059
vt 0.778582 0.258727
vt 0.809732 0.258046
vt 0.805987 0.278263
vt 0.758217 0.258349
vt 0.810537 0.255802
vt 0.816303 0.231797
vt 0.766231 0.241242
vt 0.779890 0.256540
vt 0.703071 0.106565
vt 0.672756 0.111051
vt 0.703747 0.127825
vt 0.741137 0.124374
vt 0.697085 0.130618
vt 0.664649 0.113107
vt 0.581059 0.158752
vt 0.627452 0.179657
vt 0.626637 0.181164
vt 0.581752 0.160860
vt 0.619695 0.147630
vt 0.690941 0.160156
vt 0.694945 0.158011
vt 0.621658 0.145067
vt 0.650265 0.134153
vt 0.687527 0.104365
vt 0.580957 0.037833
vt 0.696629 0.102217
vt 0.564393 0.029360
vt 0.555780 0.036750
vt 0.663245 0.105608
vt 0.693374 0.101152
vt 0.656757 0.109012
vt 0.546942 0.038777
vt 0.398431 0.075824
vt 0.573156 0.154695
vt 0.567875 0.155464
vt 0.395539 0.077830
vt 0.410938 0.070873
vt 0.605272 0.142413
vt 0.474201 0.046134
vt 0.640643 0.130203
vt 0.612066 0.141142
vt 0.414660 0.068242
vt 0.478701 0.044575
vt 0.560387 0.029143
vt 0.682300 0.105389
vt 0.645145 0.128648
vt 0.801228 0.205267
vt 0.788721 0.178976
vt 0.753550 0.182767
vt 0.758372 0.209628
vt 0.751944 0.210149
vt 0.747351 0.184345
vt 0.680922 0.208172
vt 0.787384 0.175109
vt 0.775786 0.147241
vt 0.751866 0.149264
vt 0.752769 0.178860
vt 0.746796 0.180306
vt 0.745968 0.153057
vt 0.682775 0.203268
vt 0.746573 0.127125
vt 0.708650 0.130626
vt 0.720539 0.139119
vt 0.764241 0.135811
vt 0.714875 0.140778
vt 0.703305 0.132537
vt 0.645250 0.173422
vt 0.559972 0.026169
vt 0.573669 0.033581
vt 0.558259 0.025359
vt 0.807241 0.279414
vt 0.807865 0.279191
vt 0.805833 0.279195
vt 0.818259 0.230483
vt 0.817056 0.230287
vt 0.816698 0.228747
vt 0.732709 0.249285
vt 0.731769 0.249462
vt 0.730180 0.248291
vt 0.763394 0.214739
vt 0.760512 0.213465
vt 0.762627 0.213261
vt 0.713588 0.185667
vt 0.711583 0.184023
vt 0.714399 0.184552
vt 0.776503 0.145842
vt 0.775977 0.145058
vt 0.775328 0.144510
vt 0.748397 0.146844
vt 0.747064 0.147512
vt 0.747827 0.150609
vt 0.750383 0.148116
vt 0.673785 0.210230
vt 0.676713 0.208780
vt 0.678691 0.205638
vt 0.670782 0.208185
vt 0.671187 0.208320
vt 0.673519 0.209790
vt 0.699764 0.161173
vt 0.696484 0.159976
vt 0.698420 0.159169
vt 0.701485 0.160480
vt 0.714352 0.126554
vt 0.716101 0.126052
vt 0.717436 0.127554
vt 0.744749 0.125012
vt 0.744397 0.125039
vt 0.747447 0.126533
vt 0.747171 0.126475
vt 0.811384 0.257460
vt 0.812016 0.256692
vt 0.811774 0.258208
vt 0.781532 0.258884
vt 0.778802 0.257487
vt 0.778591 0.258176
vt 0.703662 0.128821
vt 0.702008 0.129367
vt 0.704609 0.131015
vt 0.706178 0.130363
vt 0.629507 0.184058
vt 0.640667 0.176061
vt 0.626490 0.182566
vt 0.626698 0.182720
vt 0.629288 0.184117
vt 0.618621 0.145059
vt 0.618712 0.146273
vt 0.615076 0.145121
vt 0.699961 0.104080
vt 0.702780 0.105554
vt 0.703090 0.105527
vt 0.700349 0.104084
vt 0.666680 0.110239
vt 0.669771 0.110444
vt 0.667138 0.108941
vt 0.690417 0.106439
vt 0.692817 0.107944
vt 0.690262 0.107812
vt 0.574350 0.159330
vt 0.577438 0.160661
vt 0.575719 0.159923
vt 0.803359 0.206499
vt 0.803488 0.206280
vt 0.804314 0.207686
vt 0.755890 0.212421
vt 0.756793 0.211017
vt 0.754262 0.211000
vt 0.789174 0.176238
vt 0.789830 0.177582
vt 0.788971 0.176360
vt 0.748802 0.180503
vt 0.749232 0.182782
vt 0.751531 0.181742
vt 0.751433 0.180358
vt 0.768726 0.137028
vt 0.766899 0.136110
vt 0.768986 0.137565
vt 0.723325 0.141043
vt 0.719350 0.139712
vt 0.717462 0.140112
vt 0.720459 0.141464
vt 0.387555 0.074542
vt 0.386535 0.073901
vt 0.403437 0.066172
vt 0.402954 0.067585
vt 0.412173 0.070405
vt 0.412578 0.068932
vt 0.610041 0.141877
vt 0.606500 0.141946
vt 0.579246 0.036672
vt 0.565545 0.029263
vt 0.694526 0.101056
vt 0.694913 0.101059
vt 0.559155 0.026280
vt 0.557306 0.025313
vt 0.547732 0.033589
vt 0.550539 0.033671
vt 0.554867 0.037034
vt 0.552040 0.036956
vt 0.661865 0.107207
vt 0.662334 0.105892
vt 0.727760 0.246723
vt 0.729514 0.247878
vt 0.675988 0.211931
vt 0.675892 0.211479
vt 0.732722 0.249832
vt 0.733666 0.249648
vt 0.754398 0.257446
vt 0.753530 0.257465
vt 0.816841 0.231397
vt 0.817979 0.231580
vt 0.812263 0.255596
vt 0.811587 0.256346
vt 0.804742 0.278369
vt 0.806801 0.278365
vt 0.782648 0.259744
vt 0.779675 0.259041
vt 0.765619 0.215376
vt 0.764808 0.213901
vt 0.814525 0.228098
vt 0.814860 0.229637
vt 0.733913 0.247875
vt 0.731312 0.246878
vt 0.759311 0.214866
vt 0.762157 0.216151
vt 0.715492 0.186838
vt 0.716359 0.185711
vt 0.760634 0.212099
vt 0.758600 0.212289
vt 0.776382 0.146311
vt 0.777050 0.147104
vt 0.788645 0.174971
vt 0.788443 0.175090
vt 0.750482 0.149448
vt 0.747922 0.151940
vt 0.748751 0.179188
vt 0.751388 0.179044
vt 0.669355 0.207333
vt 0.668839 0.207213
vt 0.631080 0.185198
vt 0.630828 0.185263
vt 0.749533 0.146691
vt 0.751527 0.147959
vt 0.775454 0.145938
vt 0.774270 0.144603
vt 0.675100 0.208877
vt 0.672742 0.207391
vt 0.709807 0.184981
vt 0.711860 0.186658
vt 0.702192 0.159139
vt 0.699126 0.157819
vt 0.713709 0.127888
vt 0.716862 0.128890
vt 0.748004 0.126952
vt 0.748379 0.126996
vt 0.766053 0.135682
vt 0.767999 0.136599
vt 0.718737 0.127517
vt 0.717332 0.126018
vt 0.743595 0.125047
vt 0.745907 0.126529
vt 0.715090 0.125284
vt 0.713341 0.125781
vt 0.691239 0.108610
vt 0.693801 0.108714
vt 0.756473 0.258671
vt 0.757361 0.258640
vt 0.805141 0.278558
vt 0.803719 0.278343
vt 0.811180 0.258335
vt 0.811612 0.259101
vt 0.808091 0.278341
vt 0.807453 0.278561
vt 0.810531 0.258238
vt 0.810774 0.256722
vt 0.780098 0.257370
vt 0.782856 0.258858
vt 0.706802 0.130796
vt 0.705228 0.131449
vt 0.716799 0.139690
vt 0.718688 0.139290
vt 0.745806 0.126686
vt 0.742765 0.125191
vt 0.705364 0.128644
vt 0.707888 0.130186
vt 0.624379 0.181886
vt 0.624164 0.181731
vt 0.577767 0.160849
vt 0.579516 0.161579
vt 0.701761 0.132997
vt 0.699162 0.131351
vt 0.629532 0.180383
vt 0.643710 0.173881
vt 0.700469 0.162178
vt 0.702104 0.161469
vt 0.713886 0.183578
vt 0.710966 0.183028
vt 0.631860 0.183330
vt 0.629295 0.181931
vt 0.693609 0.160920
vt 0.696953 0.162139
vt 0.621940 0.146853
vt 0.621880 0.145637
vt 0.695127 0.158547
vt 0.693218 0.159361
vt 0.704857 0.106370
vt 0.704551 0.106393
vt 0.742629 0.124200
vt 0.742984 0.124168
vt 0.671190 0.111230
vt 0.668091 0.111023
vt 0.700517 0.128555
vt 0.702166 0.128006
vt 0.685380 0.103310
vt 0.685223 0.104681
vt 0.563227 0.028353
vt 0.578816 0.036775
vt 0.566734 0.155898
vt 0.568106 0.156475
vt 0.393326 0.077647
vt 0.394398 0.078264
vt 0.693268 0.107826
vt 0.690861 0.106325
vt 0.699965 0.104177
vt 0.702693 0.105627
vt 0.701445 0.105750
vt 0.698636 0.104275
vt 0.668506 0.108730
vt 0.671145 0.110233
vt 0.579109 0.160086
vt 0.575991 0.158761
vt 0.613383 0.145711
vt 0.617006 0.146874
vt 0.803918 0.207422
vt 0.804879 0.208611
vt 0.817666 0.229551
vt 0.816182 0.227826
vt 0.802443 0.207895
vt 0.801601 0.206485
vt 0.758771 0.210853
vt 0.758224 0.212519
vt 0.673724 0.205749
vt 0.681650 0.203194
vt 0.744837 0.152984
vt 0.744078 0.149872
vt 0.753027 0.212624
vt 0.751019 0.210934
vt 0.680003 0.208957
vt 0.677025 0.210427
vt 0.789543 0.177554
vt 0.790413 0.178782
vt 0.802896 0.205066
vt 0.802777 0.205287
vt 0.751732 0.182962
vt 0.749446 0.184006
vt 0.754036 0.209810
vt 0.756589 0.209832
vt 0.788345 0.177767
vt 0.787678 0.176420
vt 0.753062 0.180170
vt 0.753140 0.181547
vt 0.746286 0.183825
vt 0.745857 0.181547
vt 0.681841 0.204509
vt 0.679861 0.207651
vt 0.769173 0.137358
vt 0.769313 0.137893
vt 0.775036 0.144183
vt 0.775552 0.144724
vt 0.724501 0.141333
vt 0.721635 0.141770
vt 0.745980 0.147172
vt 0.747306 0.146523
vt 0.767105 0.137697
vt 0.765019 0.136245
vt 0.721312 0.139553
vt 0.725287 0.140885
vt 0.717021 0.143063
vt 0.714022 0.141694
vt 0.644401 0.174337
vt 0.633252 0.182326
vt 0.565858 0.063758
vt 0.773740 0.269952
vt 0.818181 0.245419
vt 0.599486 0.058891
vt 0.579768 0.063156
vt 0.758611 0.281252
vt 0.771526 0.271579
vt 0.563889 0.064942
vt 0.599902 0.060147
vt 0.812367 0.256271
vt 0.760868 0.280442
vt 0.583209 0.063174
vt 0.602466 0.058170
vt 0.820296 0.244641
vt 0.814703 0.254626
vt 0.602511 0.059441
vt 0.579776 0.060521
vt 0.566852 0.061383
vt 0.596812 0.056408
vt 0.597209 0.057419
vt 0.824447 0.250123
vt 0.841158 0.301857
vt 0.818659 0.259417
vt 0.779567 0.273587
vt 0.821993 0.250961
vt 0.765301 0.284299
vt 0.776058 0.275734
vt 0.767107 0.283828
vt 0.816049 0.260849
vt 0.713939 0.097085
vt 0.842760 0.111871
vt 0.759963 0.067369
vt 0.599714 0.066039
vt 0.698231 0.134796
vt 0.587303 0.106644
vt 0.807405 0.158321
vt 0.695914 0.101629
vt 0.576767 0.068581
vt 0.570533 0.097753
vt 0.687065 0.127515
vt 0.581807 0.064512
vt 0.748534 0.066605
vt 0.745505 0.086161
vt 0.574953 0.094345
vt 0.775284 0.072105
vt 0.859969 0.116812
vt 0.833945 0.154183
vt 0.772287 0.092735
vt 0.854777 0.121382
vt 0.722432 0.106204
vt 0.714669 0.133692
vt 0.828763 0.157700
vt 0.599993 0.103386
vt 0.754515 0.096073
vt 0.811843 0.153124
vt 0.704475 0.101886
vt 0.714756 0.103063
vt 0.711881 0.098804
vt 0.582775 0.063642
vt 0.572172 0.062959
vt 0.570447 0.064721
vt 0.863813 0.120066
vt 0.865680 0.117784
vt 0.857413 0.115414
vt 0.763871 0.065209
vt 0.770252 0.067373
vt 0.759747 0.065289
vt 0.694434 0.131319
vt 0.698443 0.134816
vt 0.705801 0.134099
vt 0.564910 0.096749
vt 0.583414 0.101431
vt 0.573417 0.102956
vt 0.563804 0.097850
vt 0.834121 0.161022
vt 0.821842 0.161256
vt 0.823586 0.157791
vt 0.835978 0.159793
vt 0.766812 0.090698
vt 0.758750 0.093093
vt 0.756276 0.087540
vt 0.720378 0.099560
vt 0.723148 0.103811
vt 0.855549 0.119291
vt 0.849082 0.114558
vt 0.852093 0.112586
vt 0.860480 0.114857
vt 0.775736 0.070169
vt 0.769398 0.067891
vt 0.753469 0.064900
vt 0.749296 0.065108
vt 0.582558 0.062952
vt 0.593153 0.063756
vt 0.590154 0.065741
vt 0.577734 0.066791
vt 0.697046 0.099780
vt 0.704462 0.096580
vt 0.690987 0.133030
vt 0.686907 0.129524
vt 0.570586 0.099681
vt 0.580055 0.104877
vt 0.593789 0.100865
vt 0.575304 0.096213
vt 0.745839 0.087957
vt 0.748316 0.093547
vt 0.762689 0.096925
vt 0.770786 0.094529
vt 0.832417 0.155987
vt 0.820015 0.153982
vt 0.814795 0.159983
vt 0.827075 0.159581
vt 0.713113 0.135865
vt 0.705617 0.136461
vt 0.569463 0.066592
vt 0.571287 0.064737
vt 0.564452 0.094647
vt 0.563438 0.095683
vt 0.694905 0.129620
vt 0.706480 0.132530
vt 0.714107 0.104726
vt 0.703921 0.103674
vt 0.759607 0.066590
vt 0.770119 0.068659
vt 0.767143 0.089282
vt 0.756568 0.086088
vt 0.864442 0.120179
vt 0.862522 0.122641
vt 0.836456 0.158680
vt 0.838354 0.157571
vt 0.587586 0.106442
vt 0.597616 0.104863
vt 0.809469 0.154602
vt 0.807695 0.158118
vt 0.519655 0.001417
vt 0.557408 0.001246
vt 0.550428 0.006474
vt 0.528195 0.021747
vt 0.509332 0.027410
vt 0.471861 0.027236
vt 0.581650 0.014204
vt 0.938622 0.247439
vt 0.917116 0.273802
vt 0.578036 0.016299
vt 0.546539 0.009613
vt 0.910339 0.220914
vt 0.938465 0.241890
vt 0.585281 0.010729
vt 0.486240 0.040296
vt 0.789197 0.277434
vt 0.899364 0.223127
vt 0.536730 0.012554
vt 0.517986 0.042492
vt 0.782721 0.287075
vt 0.783210 0.281432
vt 0.479677 0.044226
vt 0.960665 0.267973
vt 0.999252 0.406126
vt 0.939816 0.293616
vt 0.934267 0.241163
vt 0.999338 0.404713
vt 0.961612 0.261860
vt 0.815904 0.296101
vt 0.994923 0.405602
vt 0.923036 0.243180
vt 0.809640 0.305036
vt 0.991618 0.407421
vt 0.808379 0.300357
vt 0.996408 0.407220
vt 0.865953 0.301820
vt 0.928300 0.297528
vt 0.841435 0.281981
vt 0.552569 0.032921
vt 0.568190 0.022195
vt 0.903760 0.277680
vt 0.993137 0.407646
vt 0.816216 0.305055
vt 0.850710 0.302642
vt 0.791798 0.285920
vt 0.526882 0.041672
vt 0.540372 0.037213
vt 0.825560 0.284015
vt 0.508391 0.028689
vt 0.513988 0.031139
vt 0.507513 0.031830
vt 0.570967 0.001190
vt 0.566640 0.003293
vt 0.560968 0.000205
vt 0.465810 0.033627
vt 0.469413 0.031734
vt 0.467526 0.028578
vt 0.519865 0.000302
vt 0.524449 0.001535
vt 0.528875 0.000000
vt 0.955478 0.252847
vt 0.961036 0.258275
vt 0.959963 0.262783
vt 0.954939 0.257024
vt 0.802341 0.296921
vt 0.809520 0.301960
vt 0.804284 0.302005
vt 0.795685 0.297948
vt 0.919115 0.230716
vt 0.924113 0.236639
vt 0.931045 0.235616
vt 0.924707 0.229909
vt 0.796042 0.291781
vt 0.802892 0.296802
vt 0.807104 0.294358
vt 0.799070 0.289820
vt 0.928221 0.293872
vt 0.920781 0.288572
vt 0.931147 0.285955
vt 0.936826 0.290995
vt 0.562286 0.005858
vt 0.555430 0.010493
vt 0.553248 0.005903
vt 0.847764 0.299293
vt 0.839853 0.294762
vt 0.852100 0.293409
vt 0.859518 0.298700
vt 0.529019 0.022480
vt 0.537812 0.022522
vt 0.529243 0.026134
vt 0.506536 0.028679
vt 0.505863 0.031772
vt 0.467155 0.033664
vt 0.469077 0.028513
vt 0.469724 0.027301
vt 0.471703 0.030473
vt 0.522049 0.002716
vt 0.517531 0.001488
vt 0.521523 0.000278
vt 0.530425 0.000041
vt 0.569459 0.001008
vt 0.559293 0.000118
vt 0.560537 0.000390
vt 0.566252 0.003457
vt 0.562560 0.005570
vt 0.553572 0.005625
vt 0.582355 0.013436
vt 0.586807 0.011258
vt 0.939676 0.242567
vt 0.939264 0.246686
vt 0.992001 0.407732
vt 0.809828 0.305171
vt 0.815064 0.305127
vt 0.544753 0.009246
vt 0.540369 0.010710
vt 0.903100 0.221305
vt 0.908799 0.220420
vt 0.482676 0.042169
vt 0.478775 0.044147
vt 0.782707 0.281202
vt 0.785515 0.279290
vt 0.961299 0.267099
vt 0.962378 0.262590
vt 1.000000 0.405354
vt 0.790521 0.286077
vt 0.783633 0.287190
vt 0.519268 0.042472
vt 0.525537 0.041876
vt 0.933277 0.240593
vt 0.926342 0.241616
vt 0.998420 0.404212
vt 0.812676 0.297706
vt 0.808468 0.300149
vt 0.991513 0.407042
vt 0.953976 0.258345
vt 0.959006 0.264102
vt 0.938155 0.289744
vt 0.932509 0.284698
vt 0.926316 0.230710
vt 0.932525 0.236482
vt 0.959871 0.257179
vt 0.954173 0.251811
vt 0.803904 0.287382
vt 0.811983 0.291932
vt 0.919115 0.239011
vt 0.914142 0.233100
vt 0.795214 0.297814
vt 0.804009 0.301804
vt 0.802752 0.297122
vt 0.796075 0.292041
vt 0.917665 0.288885
vt 0.925098 0.294180
vt 0.862750 0.298472
vt 0.855332 0.293172
vt 0.998314 0.406876
vt 0.930357 0.297321
vt 0.938958 0.294442
vt 0.552220 0.006551
vt 0.554356 0.011126
vt 0.538786 0.021856
vt 0.529996 0.021835
vt 0.916224 0.274572
vt 0.905837 0.277202
vt 0.570237 0.021710
vt 0.577090 0.017081
vt 0.837815 0.294919
vt 0.845758 0.299430
vt 0.811263 0.301843
vt 0.804121 0.296784
vt 0.994428 0.407514
vt 0.852050 0.302556
vt 0.863805 0.301962
vt 0.528097 0.022777
vt 0.528295 0.026392
vt 0.514764 0.030892
vt 0.509168 0.028395
vt 0.839287 0.282408
vt 0.827008 0.283790
vt 0.541861 0.036953
vt 0.550452 0.033359
vt 0.397258 0.081186
vt 0.440613 0.049725
vt 0.628853 0.085086
vt 0.651196 0.044547
vt 0.396915 0.087965
vt 0.654619 0.053327
vt 0.671146 0.119689
vt 0.440121 0.158433
vt 0.650479 0.091766
vt 0.669601 0.165989
vt 0.689557 0.120990
vt 0.672072 0.054886
vt 0.629197 0.092653
vt 0.447493 0.059407
vt 0.462630 0.111154
vt 0.650427 0.165240
vt 0.381138 0.086646
vt 0.424077 0.154332
vt 0.438861 0.112551
vt 0.424423 0.060507
vt 0.683993 0.221639
vt 0.593323 0.341347
vt 0.500636 0.260744
vt 0.670474 0.191759
vt 0.615019 0.324813
vt 0.699909 0.212722
vt 0.489104 0.190530
vt 0.591581 0.332446
vt 0.651256 0.189229
vt 0.485488 0.257626
vt 0.570397 0.331477
vt 0.477232 0.202473
vt 0.689305 0.203067
vt 0.491882 0.245163
vt 0.448714 0.174793
vt 0.676342 0.136601
vt 0.676706 0.177651
vt 0.704250 0.197293
vt 0.692946 0.139697
vt 0.464584 0.127131
vt 0.479048 0.174315
vt 0.623664 0.173150
vt 0.430869 0.172270
vt 0.473120 0.238170
vt 0.462635 0.180119
vt 0.449178 0.129849
vt 0.384276 0.086362
vt 0.378386 0.085151
vt 0.385515 0.082763
vt 0.662130 0.043116
vt 0.671731 0.049992
vt 0.664656 0.048717
vt 0.425639 0.056497
vt 0.438283 0.055109
vt 0.432837 0.048787
vt 0.637761 0.087043
vt 0.636670 0.091250
vt 0.648112 0.090259
vt 0.609490 0.332634
vt 0.592812 0.340723
vt 0.576934 0.337637
vt 0.593328 0.346649
vt 0.692575 0.216290
vt 0.699174 0.204492
vt 0.704939 0.200187
vt 0.702957 0.209891
vt 0.483312 0.256713
vt 0.475509 0.243958
vt 0.484461 0.250166
vt 0.491929 0.258973
vt 0.480804 0.186326
vt 0.475139 0.176448
vt 0.464205 0.180499
vt 0.474237 0.196152
vt 0.690960 0.122557
vt 0.692679 0.136212
vt 0.685255 0.131647
vt 0.682928 0.121540
vt 0.659507 0.170887
vt 0.634744 0.174710
vt 0.657945 0.184453
vt 0.670404 0.186527
vt 0.674276 0.178143
vt 0.668842 0.171533
vt 0.441578 0.113765
vt 0.448948 0.124936
vt 0.458875 0.123970
vt 0.454922 0.112080
vt 0.431316 0.163383
vt 0.437040 0.172939
vt 0.429003 0.171200
vt 0.425159 0.159389
vt 0.387451 0.081781
vt 0.380040 0.083838
vt 0.423578 0.057682
vt 0.430826 0.049497
vt 0.441300 0.049675
vt 0.446714 0.056476
vt 0.628176 0.089798
vt 0.629348 0.085755
vt 0.638842 0.085522
vt 0.649388 0.088487
vt 0.670835 0.051616
vt 0.661187 0.044434
vt 0.650712 0.044246
vt 0.653290 0.050154
vt 0.395571 0.084797
vt 0.396946 0.081538
vt 0.665570 0.051782
vt 0.672640 0.053057
vt 0.690194 0.119157
vt 0.682096 0.118146
vt 0.588802 0.343438
vt 0.572357 0.334406
vt 0.487443 0.260554
vt 0.496114 0.262812
vt 0.649260 0.093546
vt 0.637544 0.094622
vt 0.658946 0.167061
vt 0.668050 0.167779
vt 0.439001 0.057578
vt 0.426339 0.058962
vt 0.440574 0.111015
vt 0.454020 0.109321
vt 0.688572 0.221810
vt 0.699017 0.215405
vt 0.614115 0.327496
vt 0.597897 0.341539
vt 0.482280 0.246732
vt 0.473418 0.240513
vt 0.430969 0.174640
vt 0.439096 0.176369
vt 0.668196 0.193211
vt 0.655740 0.191135
vt 0.596078 0.334352
vt 0.612779 0.326271
vt 0.485410 0.192770
vt 0.478783 0.202607
vt 0.571943 0.331616
vt 0.587904 0.334686
vt 0.690539 0.206492
vt 0.683945 0.218301
vt 0.500581 0.257404
vt 0.493128 0.248582
vt 0.676450 0.179432
vt 0.672647 0.187814
vt 0.702132 0.208783
vt 0.704100 0.199069
vt 0.482200 0.176088
vt 0.487865 0.185970
vt 0.650023 0.184669
vt 0.626788 0.174934
vt 0.474816 0.241299
vt 0.482461 0.254082
vt 0.474215 0.198925
vt 0.464122 0.183273
vt 0.685875 0.134859
vt 0.693339 0.139422
vt 0.704647 0.197020
vt 0.698828 0.201329
vt 0.459733 0.126587
vt 0.449901 0.127548
vt 0.463149 0.177836
vt 0.474202 0.173770
vt 0.429242 0.159912
vt 0.423177 0.155909
vt 0.379973 0.088251
vt 0.386010 0.089453
vt 0.672616 0.123093
vt 0.674951 0.133197
vt 0.447310 0.171394
vt 0.441603 0.161831
vt 0.670356 0.169483
vt 0.675929 0.176094
vt 0.692270 0.138133
vt 0.690568 0.124478
vt 0.462954 0.114197
vt 0.466927 0.126085
vt 0.625984 0.172113
vt 0.650802 0.168213
vt 0.425669 0.157421
vt 0.429315 0.169258
vt 0.447822 0.126816
vt 0.440237 0.115661
vt 0.531971 0.199362
vt 0.525375 0.333387
vt 0.536752 0.330509
vt 0.504107 0.193416
vt 0.547822 0.185786
vt 0.507539 0.192549
vt 0.540714 0.329701
vt 0.652359 0.321524
vt 0.563276 0.190236
vt 0.552234 0.185608
vt 0.656095 0.321147
vt 0.619700 0.322244
vt 0.536811 0.200041
vt 0.559736 0.192565
vt 0.615269 0.324203
vt 0.557901 0.331047
vt 0.529757 0.334417
vt 0.558324 0.184754
vt 0.557819 0.185352
vt 0.534893 0.192828
vt 0.532882 0.193132
vt 0.505018 0.187186
vt 0.505443 0.186861
vt 0.545727 0.180098
vt 0.547282 0.180126
vt 0.690610 0.542457
vt 0.681259 0.534819
vt 0.703964 0.504670
vt 0.689542 0.497815
vt 0.638538 0.484527
vt 0.678842 0.535005
vt 0.687439 0.542237
vt 0.686752 0.496303
vt 0.638331 0.481310
vt 0.687403 0.539227
vt 0.629625 0.474207
vt 0.582247 0.417325
vt 0.578983 0.433890
vt 0.672351 0.528103
vt 0.684441 0.490310
vt 0.671877 0.428981
vt 0.584422 0.416441
vt 0.631756 0.473346
vt 0.655724 0.451779
vt 0.675239 0.431186
vt 0.688125 0.492039
vt 0.701895 0.498497
vt 0.583936 0.436856
vt 0.615362 0.444435
vt 0.698849 0.500521
vt 0.676792 0.530441
vt 0.577366 0.410748
vt 0.539756 0.341587
vt 0.528669 0.344749
vt 0.574079 0.427314
vt 0.657310 0.332899
vt 0.544396 0.341265
vt 0.582050 0.410406
vt 0.669572 0.423025
vt 0.624147 0.331316
vt 0.659089 0.330298
vt 0.640888 0.371922
vt 0.531717 0.345404
vt 0.559975 0.342064
vt 0.625480 0.403138
vt 0.609629 0.435514
vt 0.576927 0.427606
vt 0.700252 0.498078
vt 0.618183 0.442859
vt 0.653877 0.451445
vt 0.631270 0.401045
vt 0.639592 0.377870
vt 0.625686 0.381524
vt 0.640772 0.374737
vt 0.658457 0.334298
vt 0.626549 0.378475
vt 0.628740 0.398981
vt 0.564863 0.339443
vt 0.620262 0.332786
vt 0.637501 0.374616
vt 0.651800 0.447881
vt 0.616166 0.439277
vt 0.631577 0.406183
vt 0.625427 0.385108
vt 0.627118 0.383375
vt 0.660999 0.336470
vt 0.673356 0.425549
vt 0.653581 0.446145
vt 0.688898 0.542264
vt 0.689139 0.544075
vt 0.690464 0.544347
vt 0.635803 0.481167
vt 0.635392 0.479147
vt 0.631237 0.475352
vt 0.688170 0.495436
vt 0.689318 0.495801
vt 0.688787 0.494152
vt 0.688074 0.493709
vt 0.703758 0.501236
vt 0.704995 0.503259
vt 0.703689 0.502460
vt 0.680291 0.536044
vt 0.679720 0.536179
vt 0.677428 0.533853
vt 0.679632 0.535017
vt 0.578599 0.433155
vt 0.576005 0.431342
vt 0.576628 0.430891
vt 0.538816 0.336055
vt 0.537859 0.336321
vt 0.538595 0.337965
vt 0.661132 0.327098
vt 0.660254 0.327268
vt 0.661108 0.329082
vt 0.661563 0.330975
vt 0.659966 0.331633
vt 0.660642 0.329073
vt 0.620182 0.328425
vt 0.621578 0.328198
vt 0.622541 0.330093
vt 0.620938 0.330208
vt 0.525536 0.339491
vt 0.527091 0.339539
vt 0.527383 0.341382
vt 0.526398 0.341498
vt 0.614776 0.440944
vt 0.612925 0.441441
vt 0.612231 0.439506
vt 0.631527 0.404889
vt 0.629469 0.404154
vt 0.630162 0.402340
vt 0.631144 0.402376
vt 0.640806 0.374421
vt 0.640645 0.375796
vt 0.640246 0.376984
vt 0.639702 0.375759
vt 0.557819 0.335895
vt 0.560545 0.337491
vt 0.558225 0.337768
vt 0.624970 0.382016
vt 0.625116 0.381060
vt 0.625199 0.379955
vt 0.503782 0.193212
vt 0.536637 0.330344
vt 0.537389 0.329994
vt 0.504208 0.192886
vt 0.551179 0.185458
vt 0.655710 0.321228
vt 0.656693 0.321009
vt 0.552734 0.185486
vt 0.562683 0.190378
vt 0.619007 0.322399
vt 0.617708 0.322610
vt 0.562177 0.190976
vt 0.673314 0.529699
vt 0.579736 0.435522
vt 0.582659 0.437279
vt 0.675524 0.530861
vt 0.680602 0.536367
vt 0.690240 0.544129
vt 0.688761 0.543810
vt 0.680172 0.536577
vt 0.638058 0.483819
vt 0.686953 0.541530
vt 0.686730 0.539716
vt 0.637654 0.481798
vt 0.688223 0.497413
vt 0.688880 0.540339
vt 0.690583 0.542470
vt 0.689267 0.497745
vt 0.632722 0.477721
vt 0.675562 0.531563
vt 0.677852 0.533890
vt 0.637546 0.483413
vt 0.685882 0.493027
vt 0.633079 0.476069
vt 0.637516 0.479731
vt 0.685935 0.494724
vt 0.703493 0.500794
vt 0.689222 0.494433
vt 0.689870 0.496074
vt 0.704527 0.503020
vt 0.680670 0.533733
vt 0.702718 0.503816
vt 0.704161 0.504670
vt 0.681180 0.534687
vt 0.573685 0.427750
vt 0.528367 0.345164
vt 0.529374 0.345044
vt 0.574587 0.427248
vt 0.675029 0.429726
vt 0.687555 0.491010
vt 0.688002 0.491398
vt 0.675579 0.430572
vt 0.578071 0.431245
vt 0.610788 0.439160
vt 0.611478 0.441090
vt 0.580039 0.433512
vt 0.661706 0.333132
vt 0.673868 0.423103
vt 0.674259 0.424021
vt 0.662156 0.334941
vt 0.623325 0.331965
vt 0.640072 0.372573
vt 0.638938 0.373925
vt 0.621713 0.332070
vt 0.525590 0.333514
vt 0.532405 0.199547
vt 0.534417 0.199244
vt 0.527367 0.333626
vt 0.537558 0.336524
vt 0.525752 0.339304
vt 0.526805 0.341369
vt 0.537663 0.338331
vt 0.655357 0.327572
vt 0.543722 0.335673
vt 0.543109 0.337813
vt 0.656235 0.329436
vt 0.623095 0.328157
vt 0.659689 0.327030
vt 0.659106 0.329023
vt 0.624165 0.330040
vt 0.528379 0.339398
vt 0.556521 0.336024
vt 0.556940 0.337906
vt 0.528661 0.341231
vt 0.700048 0.499998
vt 0.616576 0.443911
vt 0.618226 0.443469
vt 0.700449 0.498631
vt 0.612941 0.438054
vt 0.628767 0.405665
vt 0.631096 0.406491
vt 0.615286 0.439540
vt 0.640045 0.376015
vt 0.625810 0.379744
vt 0.625728 0.380851
vt 0.639649 0.377204
vt 0.630537 0.401196
vt 0.639281 0.376862
vt 0.639848 0.378075
vt 0.631518 0.401247
vt 0.641632 0.372582
vt 0.659826 0.330958
vt 0.659138 0.333514
vt 0.641462 0.373959
vt 0.560299 0.335573
vt 0.617664 0.328722
vt 0.618420 0.330499
vt 0.563029 0.337175
vt 0.626573 0.401508
vt 0.561097 0.340452
vt 0.563407 0.340172
vt 0.627280 0.399685
vt 0.630952 0.401510
vt 0.625360 0.381985
vt 0.624918 0.382964
vt 0.631592 0.404108
vt 0.626617 0.377967
vt 0.658528 0.333793
vt 0.660144 0.333136
vt 0.626238 0.380043
vt 0.543020 0.158072
vt 0.543436 0.157942
vt 0.537903 0.161942
vt 0.519139 0.173631
vt 0.506497 0.177965
vt 0.502135 0.177832
vt 0.557984 0.167859
vt 0.838969 0.346357
vt 0.810300 0.366533
vt 0.556165 0.169462
vt 0.564625 0.164345
vt 0.855422 0.326057
vt 0.843679 0.342110
vt 0.565420 0.165199
vt 0.517704 0.187827
vt 0.777615 0.369312
vt 0.851085 0.327751
vt 0.561207 0.166595
vt 0.514647 0.189507
vt 0.735061 0.376691
vt 0.769565 0.372372
vt 0.509352 0.190834
vt 0.857455 0.362072
vt 0.921859 0.467803
vt 0.829778 0.381696
vt 0.874253 0.341554
vt 0.923429 0.466721
vt 0.862581 0.357393
vt 0.798065 0.383599
vt 0.921427 0.467401
vt 0.869905 0.343097
vt 0.757242 0.390437
vt 0.918119 0.468793
vt 0.789687 0.386855
vt 0.919553 0.468640
vt 0.780209 0.387975
vt 0.820454 0.384690
vt 0.759773 0.372793
vt 0.534040 0.182182
vt 0.547889 0.173974
vt 0.799577 0.369501
vt 0.917777 0.468966
vt 0.756625 0.390451
vt 0.771332 0.388605
vt 0.736480 0.375807
vt 0.515963 0.188880
vt 0.526720 0.185468
vt 0.749835 0.374349
vt 0.504928 0.178944
vt 0.505790 0.180819
vt 0.504481 0.181348
vt 0.552694 0.157899
vt 0.546574 0.159508
vt 0.545319 0.157145
vt 0.498849 0.182723
vt 0.503620 0.181275
vt 0.500229 0.178859
vt 0.544991 0.157219
vt 0.550999 0.158163
vt 0.551987 0.156988
vt 0.855579 0.350495
vt 0.860127 0.354649
vt 0.856360 0.358100
vt 0.852184 0.353692
vt 0.745754 0.384226
vt 0.751263 0.388083
vt 0.751360 0.388117
vt 0.744343 0.385012
vt 0.866497 0.333558
vt 0.870418 0.338092
vt 0.872880 0.337309
vt 0.868403 0.332941
vt 0.781938 0.380293
vt 0.786898 0.384135
vt 0.791959 0.382265
vt 0.786409 0.378792
vt 0.818795 0.381893
vt 0.812300 0.377837
vt 0.820580 0.375834
vt 0.825747 0.379691
vt 0.544140 0.161471
vt 0.538307 0.165018
vt 0.539172 0.161505
vt 0.767537 0.386042
vt 0.760676 0.382574
vt 0.768368 0.381539
vt 0.774422 0.385587
vt 0.518745 0.174192
vt 0.522796 0.174224
vt 0.517722 0.176988
vt 0.504657 0.178936
vt 0.504385 0.181304
vt 0.498764 0.182751
vt 0.500308 0.178810
vt 0.502141 0.177881
vt 0.505526 0.180309
vt 0.549090 0.159066
vt 0.543037 0.158127
vt 0.544942 0.157200
vt 0.551849 0.157019
vt 0.552873 0.157759
vt 0.545371 0.157079
vt 0.544971 0.157286
vt 0.546222 0.159634
vt 0.544398 0.161251
vt 0.539455 0.161292
vt 0.558860 0.167270
vt 0.565111 0.165604
vt 0.843145 0.342628
vt 0.839836 0.345781
vt 0.917370 0.469031
vt 0.756298 0.390540
vt 0.756201 0.390506
vt 0.564708 0.164064
vt 0.563852 0.165184
vt 0.853654 0.326356
vt 0.855691 0.325679
vt 0.514938 0.189260
vt 0.510009 0.190774
vt 0.770516 0.372196
vt 0.774904 0.370733
vt 0.858365 0.361403
vt 0.862136 0.357952
vt 0.922882 0.467211
vt 0.735945 0.375927
vt 0.734345 0.376779
vt 0.514219 0.189492
vt 0.515302 0.189036
vt 0.874523 0.341117
vt 0.872059 0.341901
vt 0.923771 0.466337
vt 0.795837 0.384827
vt 0.790776 0.386696
vt 0.919016 0.468503
vt 0.850803 0.354703
vt 0.854979 0.359109
vt 0.827302 0.378734
vt 0.822139 0.374872
vt 0.868083 0.333554
vt 0.872468 0.337971
vt 0.860796 0.353811
vt 0.856156 0.349703
vt 0.789807 0.376926
vt 0.795325 0.380408
vt 0.867163 0.339907
vt 0.863206 0.335383
vt 0.745629 0.384909
vt 0.752787 0.387963
vt 0.785234 0.384380
vt 0.780389 0.380492
vt 0.810198 0.378076
vt 0.816722 0.382128
vt 0.776478 0.385413
vt 0.770458 0.381357
vt 0.920771 0.468376
vt 0.821821 0.384532
vt 0.828773 0.382329
vt 0.538333 0.162001
vt 0.537464 0.165503
vt 0.523553 0.173714
vt 0.519580 0.173698
vt 0.809333 0.367122
vt 0.801019 0.369135
vt 0.549384 0.173603
vt 0.555196 0.170060
vt 0.759691 0.382694
vt 0.766609 0.386146
vt 0.751902 0.387993
vt 0.746441 0.384121
vt 0.918353 0.468865
vt 0.771957 0.388538
vt 0.778842 0.388084
vt 0.518141 0.174419
vt 0.517127 0.177186
vt 0.506244 0.180630
vt 0.505433 0.178719
vt 0.758363 0.373119
vt 0.750580 0.374177
vt 0.527569 0.185268
vt 0.532556 0.182518
vt 0.737535 0.451495
vt 0.775471 0.472481
vt 0.689301 0.465673
vt 0.796060 0.362869
vt 0.817271 0.373125
vt 0.815161 0.368766
vt 0.778968 0.352011
vt 0.648160 0.379487
vt 0.666697 0.407558
vt 0.787607 0.363946
vt 0.769403 0.352275
vt 0.513000 0.214855
vt 0.692296 0.208462
vt 0.704937 0.208391
vt 0.605243 0.215035
vt 0.532344 0.216745
vt 0.728692 0.473383
vt 0.729113 0.455134
vt 0.687031 0.465756
vt 0.701529 0.476136
vt 0.727562 0.474432
vt 0.753304 0.489092
vt 0.703433 0.477241
vt 0.688991 0.466749
vt 0.775160 0.473550
vt 0.736529 0.504584
vt 0.754187 0.490605
vt 0.731802 0.477691
vt 0.666222 0.414755
vt 0.710601 0.417512
vt 0.732933 0.447521
vt 0.684813 0.462030
vt 0.725344 0.390434
vt 0.769346 0.359618
vt 0.801550 0.357792
vt 0.811878 0.372138
vt 0.814341 0.377135
vt 0.798432 0.410919
vt 0.785437 0.442935
vt 0.778745 0.466426
vt 0.740417 0.445321
vt 0.717600 0.414167
vt 0.747439 0.428692
vt 0.732825 0.453638
vt 0.779075 0.471207
vt 0.785323 0.447593
vt 0.666970 0.415192
vt 0.686233 0.463385
vt 0.728432 0.452798
vt 0.743002 0.427829
vt 0.644933 0.381628
vt 0.716659 0.390173
vt 0.708823 0.412623
vt 0.664035 0.409875
vt 0.770741 0.352446
vt 0.766684 0.328603
vt 0.780701 0.324335
vt 0.801600 0.350791
vt 0.764947 0.354062
vt 0.721273 0.384519
vt 0.701765 0.347153
vt 0.760759 0.329290
vt 0.702057 0.477473
vt 0.732982 0.503685
vt 0.728088 0.475769
vt 0.753324 0.490239
vt 0.734734 0.504920
vt 0.703455 0.478412
vt 0.756200 0.488063
vt 0.778138 0.472990
vt 0.731891 0.455417
vt 0.731355 0.473830
vt 0.780409 0.323024
vt 0.753366 0.311375
vt 0.768691 0.334613
vt 0.801285 0.349444
vt 0.760028 0.335454
vt 0.743943 0.311184
vt 0.618222 0.343266
vt 0.644435 0.374591
vt 0.641496 0.377071
vt 0.616259 0.346608
vt 0.656824 0.353764
vt 0.712467 0.385522
vt 0.717671 0.385164
vt 0.660514 0.352397
vt 0.698161 0.347796
vt 0.763837 0.322387
vt 0.723907 0.226616
vt 0.777339 0.318292
vt 0.716282 0.213222
vt 0.704949 0.213331
vt 0.748971 0.303884
vt 0.775861 0.315444
vt 0.739906 0.305408
vt 0.694830 0.212966
vt 0.515546 0.219405
vt 0.614174 0.337474
vt 0.607759 0.337933
vt 0.510381 0.221569
vt 0.528009 0.223270
vt 0.647769 0.344947
vt 0.606217 0.220629
vt 0.692530 0.341463
vt 0.654912 0.346065
vt 0.533373 0.222367
vt 0.612069 0.219958
vt 0.711761 0.213312
vt 0.757369 0.322931
vt 0.698383 0.340793
vt 0.787021 0.443579
vt 0.799388 0.413226
vt 0.768542 0.399376
vt 0.750447 0.425312
vt 0.744095 0.423873
vt 0.761523 0.398959
vt 0.672835 0.411963
vt 0.801629 0.408969
vt 0.816980 0.376247
vt 0.796453 0.366342
vt 0.771269 0.395337
vt 0.764471 0.395009
vt 0.787661 0.368314
vt 0.678999 0.407541
vt 0.804084 0.353418
vt 0.771036 0.338359
vt 0.775506 0.348689
vt 0.813312 0.366224
vt 0.768879 0.348552
vt 0.764503 0.338529
vt 0.668131 0.371156
vt 0.714666 0.209323
vt 0.720811 0.220508
vt 0.713515 0.208444
vt 0.735102 0.506082
vt 0.736069 0.505764
vt 0.734108 0.505291
vt 0.780602 0.473013
vt 0.779133 0.473242
vt 0.779941 0.471956
vt 0.685334 0.465839
vt 0.684522 0.465426
vt 0.683681 0.464412
vt 0.737795 0.450384
vt 0.736029 0.448630
vt 0.738212 0.448979
vt 0.711670 0.415872
vt 0.711094 0.413934
vt 0.713366 0.415076
vt 0.818745 0.375283
vt 0.818638 0.374820
vt 0.818614 0.373964
vt 0.795453 0.362866
vt 0.793712 0.363013
vt 0.791707 0.366224
vt 0.796269 0.364537
vt 0.663718 0.412916
vt 0.667986 0.411945
vt 0.672745 0.409227
vt 0.662503 0.410402
vt 0.662589 0.410898
vt 0.663574 0.412828
vt 0.719543 0.389351
vt 0.717500 0.387326
vt 0.719876 0.387286
vt 0.721724 0.389208
vt 0.767494 0.354122
vt 0.769868 0.353683
vt 0.769673 0.355690
vt 0.803543 0.351874
vt 0.803548 0.351281
vt 0.805144 0.353491
vt 0.804694 0.353710
vt 0.755352 0.490172
vt 0.756713 0.489462
vt 0.755385 0.490532
vt 0.730922 0.476422
vt 0.729790 0.474033
vt 0.728793 0.474925
vt 0.768026 0.335134
vt 0.766106 0.335054
vt 0.767206 0.337199
vt 0.769167 0.337115
vt 0.642348 0.379634
vt 0.661050 0.373149
vt 0.640728 0.377514
vt 0.640579 0.378024
vt 0.641868 0.379955
vt 0.657663 0.351581
vt 0.656785 0.352631
vt 0.654393 0.350519
vt 0.779342 0.320256
vt 0.780737 0.322384
vt 0.780709 0.322941
vt 0.779338 0.320894
vt 0.748615 0.308594
vt 0.751290 0.309698
vt 0.750048 0.307658
vt 0.764579 0.325396
vt 0.765435 0.327617
vt 0.762926 0.327127
vt 0.610823 0.342877
vt 0.612659 0.344847
vt 0.611828 0.343470
vt 0.787246 0.446361
vt 0.787916 0.445664
vt 0.787433 0.447285
vt 0.746147 0.426644
vt 0.748075 0.425749
vt 0.745740 0.425012
vt 0.802031 0.410967
vt 0.801409 0.412531
vt 0.801366 0.411565
vt 0.766330 0.395524
vt 0.764787 0.397770
vt 0.767790 0.397484
vt 0.768899 0.396137
vt 0.815953 0.369345
vt 0.815302 0.367586
vt 0.816282 0.369127
vt 0.776758 0.350831
vt 0.774166 0.348511
vt 0.772110 0.348288
vt 0.773904 0.350165
vt 0.505687 0.216348
vt 0.505442 0.215234
vt 0.524817 0.217091
vt 0.523315 0.218049
vt 0.529365 0.223462
vt 0.530812 0.222474
vt 0.652387 0.346200
vt 0.649118 0.345139
vt 0.723401 0.224913
vt 0.717249 0.213728
vt 0.776830 0.315950
vt 0.776826 0.316588
vt 0.713952 0.208990
vt 0.712737 0.208031
vt 0.700130 0.208147
vt 0.702617 0.209099
vt 0.704033 0.213082
vt 0.701535 0.212114
vt 0.746616 0.304561
vt 0.748058 0.303634
vt 0.682735 0.462312
vt 0.683747 0.463352
vt 0.664333 0.415102
vt 0.664364 0.415042
vt 0.685181 0.465912
vt 0.686002 0.466319
vt 0.700443 0.476825
vt 0.699803 0.476329
vt 0.778179 0.473937
vt 0.779588 0.473692
vt 0.757695 0.488779
vt 0.756318 0.489443
vt 0.733887 0.504083
vt 0.735874 0.504562
vt 0.731141 0.477666
vt 0.728979 0.476163
vt 0.739509 0.451335
vt 0.739894 0.449902
vt 0.778267 0.471038
vt 0.777445 0.472307
vt 0.687428 0.465196
vt 0.685688 0.463781
vt 0.733964 0.449238
vt 0.735662 0.451028
vt 0.712601 0.417273
vt 0.714383 0.416444
vt 0.737178 0.447581
vt 0.735096 0.447223
vt 0.817856 0.376235
vt 0.818075 0.376764
vt 0.802722 0.409486
vt 0.802058 0.410085
vt 0.795193 0.365855
vt 0.790628 0.367539
vt 0.767438 0.394234
vt 0.770011 0.394850
vt 0.661633 0.409595
vt 0.661416 0.409104
vt 0.642899 0.381054
vt 0.642388 0.381365
vt 0.796485 0.363271
vt 0.797315 0.364936
vt 0.817847 0.374844
vt 0.817707 0.373521
vt 0.665429 0.412998
vt 0.664435 0.411045
vt 0.708995 0.413788
vt 0.709583 0.415774
vt 0.723723 0.387869
vt 0.721876 0.385946
vt 0.765549 0.355488
vt 0.767782 0.357089
vt 0.805094 0.354344
vt 0.805626 0.354170
vt 0.814860 0.366975
vt 0.815603 0.368797
vt 0.771162 0.355661
vt 0.771301 0.353623
vt 0.802173 0.351968
vt 0.803228 0.353759
vt 0.769657 0.352574
vt 0.767284 0.353012
vt 0.763087 0.328243
vt 0.765612 0.328731
vt 0.701760 0.477926
vt 0.702428 0.478417
vt 0.733706 0.504940
vt 0.732702 0.504142
vt 0.754521 0.490778
vt 0.754566 0.491183
vt 0.736915 0.505165
vt 0.735932 0.505484
vt 0.754388 0.489938
vt 0.755719 0.488869
vt 0.730970 0.474472
vt 0.732003 0.477024
vt 0.769411 0.337647
vt 0.767445 0.337730
vt 0.771822 0.347754
vt 0.773876 0.347978
vt 0.803723 0.352824
vt 0.802139 0.350613
vt 0.769530 0.335785
vt 0.770682 0.337765
vt 0.639067 0.376686
vt 0.639206 0.376181
vt 0.612988 0.344849
vt 0.613861 0.346214
vt 0.762512 0.338758
vt 0.761412 0.336612
vt 0.645821 0.375753
vt 0.666144 0.371388
vt 0.719365 0.390452
vt 0.721463 0.390294
vt 0.713716 0.414027
vt 0.711345 0.412869
vt 0.644595 0.380440
vt 0.643338 0.378505
vt 0.714327 0.386946
vt 0.716420 0.388997
vt 0.659282 0.354101
vt 0.660209 0.353030
vt 0.717331 0.385792
vt 0.714991 0.385823
vt 0.781666 0.324181
vt 0.781697 0.323625
vt 0.802589 0.350043
vt 0.802586 0.350637
vt 0.751979 0.310773
vt 0.749296 0.309671
vt 0.765373 0.333930
vt 0.767287 0.334013
vt 0.762673 0.320892
vt 0.761018 0.322622
vt 0.715367 0.212954
vt 0.722751 0.225122
vt 0.606520 0.337732
vt 0.607532 0.338329
vt 0.508877 0.220192
vt 0.509144 0.221368
vt 0.766102 0.327418
vt 0.765240 0.325196
vt 0.778744 0.321102
vt 0.780098 0.323149
vt 0.779557 0.321855
vt 0.778175 0.319726
vt 0.751284 0.308165
vt 0.752532 0.310204
vt 0.614450 0.345154
vt 0.612570 0.343197
vt 0.652574 0.350212
vt 0.654936 0.352345
vt 0.786951 0.447420
vt 0.787143 0.448346
vt 0.780863 0.471949
vt 0.780269 0.470919
vt 0.785835 0.446483
vt 0.786304 0.444857
vt 0.749750 0.426599
vt 0.748054 0.427657
vt 0.667665 0.408455
vt 0.677918 0.407293
vt 0.786578 0.368063
vt 0.788586 0.364858
vt 0.743132 0.426284
vt 0.742473 0.424477
vt 0.671216 0.412573
vt 0.666904 0.413522
vt 0.800801 0.412955
vt 0.800853 0.413925
vt 0.788465 0.444269
vt 0.787804 0.444970
vt 0.766947 0.398662
vt 0.763956 0.398951
vt 0.746527 0.423863
vt 0.748880 0.424611
vt 0.800102 0.411945
vt 0.800715 0.410377
vt 0.770354 0.396743
vt 0.769228 0.398083
vt 0.760878 0.398316
vt 0.762422 0.396070
vt 0.676952 0.408606
vt 0.672193 0.411323
vt 0.816170 0.369657
vt 0.816409 0.369373
vt 0.818511 0.373736
vt 0.818431 0.374529
vt 0.777619 0.351413
vt 0.774764 0.350744
vt 0.792972 0.362421
vt 0.794700 0.362277
vt 0.814673 0.368348
vt 0.813691 0.366810
vt 0.775879 0.349276
vt 0.778472 0.351597
vt 0.768969 0.351227
vt 0.767177 0.349351
vt 0.666432 0.371957
vt 0.647739 0.378451
vt 0.632914 0.315149
vt 0.527787 0.072820
vt 0.511954 0.064929
vt 0.512562 0.065213
vt 0.618279 0.339552
vt 0.627177 0.324686
vt 0.410649 0.074804
vt 0.345098 0.310593
vt 0.609111 0.341935
vt 0.503976 0.066636
vt 0.412291 0.089159
vt 0.350635 0.430171
vt 0.336455 0.313581
vt 0.403205 0.076945
vt 0.510933 0.093335
vt 0.518779 0.353091
vt 0.486435 0.417699
vt 0.357990 0.434279
vt 0.419827 0.092533
vt 0.519266 0.089114
vt 0.543381 0.082196
vt 0.557961 0.329555
vt 0.527344 0.348426
vt 0.539069 0.071652
vt 0.513497 0.078858
vt 0.421513 0.078045
vt 0.412184 0.065706
vt 0.507322 0.057451
vt 0.506650 0.057195
vt 0.571828 0.470107
vt 0.574836 0.514579
vt 0.594125 0.486999
vt 0.346202 0.319601
vt 0.501006 0.375933
vt 0.610247 0.350972
vt 0.350275 0.443581
vt 0.388941 0.483572
vt 0.411907 0.550134
vt 0.336299 0.326999
vt 0.467343 0.557861
vt 0.464220 0.563851
vt 0.412539 0.577562
vt 0.420033 0.561612
vt 0.393260 0.515477
vt 0.438312 0.582906
vt 0.559608 0.524916
vt 0.408282 0.580300
vt 0.415678 0.607197
vt 0.433344 0.585992
vt 0.388003 0.518811
vt 0.609376 0.496530
vt 0.581671 0.514688
vt 0.596650 0.495724
vt 0.448638 0.477418
vt 0.491961 0.490063
vt 0.467530 0.559266
vt 0.472933 0.553067
vt 0.466796 0.552750
vt 0.419126 0.556530
vt 0.395147 0.489123
vt 0.443020 0.477115
vt 0.494378 0.424990
vt 0.522753 0.368486
vt 0.526400 0.448355
vt 0.614575 0.355445
vt 0.511330 0.379554
vt 0.584659 0.401066
vt 0.442404 0.598077
vt 0.481133 0.751468
vt 0.530408 0.665797
vt 0.565937 0.623591
vt 0.488593 0.749688
vt 0.557340 0.654266
vt 0.564304 0.624934
vt 0.535438 0.666669
vt 0.486356 0.752012
vt 0.418427 0.606231
vt 0.411041 0.581533
vt 0.459081 0.568945
vt 0.392200 0.506222
vt 0.564273 0.516008
vt 0.560699 0.463571
vt 0.498452 0.384182
vt 0.344672 0.327243
vt 0.443869 0.588592
vt 0.533491 0.657557
vt 0.566157 0.530126
vt 0.583438 0.407219
vt 0.510561 0.385810
vt 0.570300 0.461927
vt 0.593280 0.479441
vt 0.576580 0.518845
vt 0.610886 0.496380
vt 0.597244 0.489313
vt 0.612846 0.490734
vt 0.608076 0.420712
vt 0.588672 0.409292
vt 0.598499 0.483238
vt 0.605959 0.413121
vt 0.600606 0.396728
vt 0.630642 0.340374
vt 0.530828 0.455280
vt 0.595016 0.440360
vt 0.543136 0.463846
vt 0.501278 0.483234
vt 0.444386 0.470162
vt 0.393883 0.482799
vt 0.356825 0.444951
vt 0.485464 0.428352
vt 0.520525 0.453812
vt 0.600496 0.315879
vt 0.562422 0.328679
vt 0.548440 0.093823
vt 0.605651 0.416912
vt 0.611438 0.421189
vt 0.608014 0.402941
vt 0.599891 0.399814
vt 0.605919 0.394733
vt 0.564806 0.338037
vt 0.602073 0.325507
vt 0.629215 0.338641
vt 0.621337 0.353700
vt 0.589625 0.401552
vt 0.609384 0.413103
vt 0.602058 0.312611
vt 0.547666 0.080368
vt 0.528148 0.072707
vt 0.633013 0.315080
vt 0.452301 0.472359
vt 0.522803 0.457247
vt 0.493846 0.484618
vt 0.600578 0.390333
vt 0.605079 0.324797
vt 0.634185 0.327281
vt 0.544312 0.637855
vt 0.590947 0.502882
vt 0.573142 0.525419
vt 0.436390 0.594129
vt 0.419235 0.614899
vt 0.475646 0.749611
vt 0.480610 0.753703
vt 0.423560 0.617460
vt 0.551917 0.654739
vt 0.553676 0.646473
vt 0.425589 0.609223
vt 0.472287 0.566344
vt 0.497528 0.493866
vt 0.539613 0.474498
vt 0.414212 0.556074
vt 0.405623 0.573060
vt 0.385226 0.510169
vt 0.338446 0.334054
vt 0.612404 0.491395
vt 0.597434 0.490421
vt 0.606960 0.422232
vt 0.607354 0.421364
vt 0.610131 0.413462
vt 0.607037 0.414063
vt 0.635809 0.329579
vt 0.630894 0.337174
vt 0.533564 0.449389
vt 0.529363 0.359763
vt 0.560116 0.340898
vt 0.604508 0.401937
vt 0.608517 0.422481
vt 0.601045 0.433663
vt 0.606313 0.421603
vt 0.605347 0.433900
vt 0.611063 0.425015
vt 0.599501 0.394695
vt 0.607307 0.397773
vt 0.603721 0.333219
vt 0.594353 0.497974
vt 0.540105 0.654655
vt 0.569551 0.612834
vt 0.599998 0.443077
vt 0.567895 0.611914
vt 0.560986 0.642510
vt 0.546444 0.469651
vt 0.601771 0.429439
vt 0.602136 0.422723
vt 0.553689 0.458580
vt 0.600991 0.437152
vt 0.407575 0.065613
vt 0.405061 0.067293
vt 0.407009 0.066890
vt 0.417501 0.078749
vt 0.417290 0.080635
vt 0.414744 0.080305
vt 0.515451 0.079615
vt 0.518004 0.081221
vt 0.514362 0.081490
vt 0.618273 0.351126
vt 0.617546 0.353813
vt 0.621775 0.352184
vt 0.621155 0.348818
vt 0.603596 0.320318
vt 0.604486 0.323366
vt 0.603714 0.330122
vt 0.602821 0.323759
vt 0.602473 0.320528
vt 0.334431 0.319147
vt 0.335430 0.323655
vt 0.336486 0.320078
vt 0.337214 0.317896
vt 0.526417 0.357292
vt 0.523334 0.365261
vt 0.522702 0.358011
vt 0.385288 0.511333
vt 0.386537 0.515191
vt 0.388650 0.513775
vt 0.387091 0.510619
vt 0.407003 0.578237
vt 0.410610 0.578427
vt 0.409804 0.581177
vt 0.408135 0.580693
vt 0.465734 0.563812
vt 0.467291 0.561943
vt 0.469864 0.565054
vt 0.461286 0.567686
vt 0.542756 0.072106
vt 0.545690 0.073201
vt 0.546902 0.083599
vt 0.543852 0.074001
vt 0.563037 0.337033
vt 0.559390 0.336933
vt 0.561881 0.334073
vt 0.414609 0.556623
vt 0.418277 0.558950
vt 0.418584 0.561251
vt 0.416073 0.560026
vt 0.469106 0.557298
vt 0.469160 0.554968
vt 0.472943 0.555220
vt 0.443943 0.474372
vt 0.444758 0.471190
vt 0.449706 0.472464
vt 0.447206 0.474610
vt 0.390949 0.484585
vt 0.392765 0.487138
vt 0.390109 0.485656
vt 0.530859 0.452523
vt 0.529950 0.454856
vt 0.525091 0.456177
vt 0.525779 0.453667
vt 0.527195 0.450734
vt 0.502110 0.377814
vt 0.500381 0.380626
vt 0.506950 0.382605
vt 0.507371 0.379644
vt 0.434902 0.586942
vt 0.436002 0.590290
vt 0.439563 0.593104
vt 0.439236 0.588400
vt 0.436726 0.585774
vt 0.417753 0.607743
vt 0.420286 0.610705
vt 0.419535 0.613589
vt 0.417706 0.612373
vt 0.416095 0.609459
vt 0.566648 0.621184
vt 0.567765 0.620162
vt 0.567805 0.616733
vt 0.568886 0.616707
vt 0.566130 0.523776
vt 0.569633 0.525927
vt 0.573321 0.523422
vt 0.580263 0.515875
vt 0.575231 0.520080
vt 0.574367 0.516472
vt 0.570297 0.520968
vt 0.592498 0.499287
vt 0.595341 0.494452
vt 0.596791 0.492767
vt 0.596615 0.495312
vt 0.610350 0.496078
vt 0.612769 0.493701
vt 0.613453 0.493361
vt 0.611918 0.495976
vt 0.566541 0.465157
vt 0.571179 0.468626
vt 0.570603 0.463864
vt 0.597336 0.488366
vt 0.598165 0.485323
vt 0.595204 0.482570
vt 0.595096 0.486710
vt 0.585641 0.402611
vt 0.584767 0.405470
vt 0.587744 0.406499
vt 0.588074 0.403214
vt 0.493491 0.488060
vt 0.494213 0.485527
vt 0.498479 0.484789
vt 0.496874 0.487895
vt 0.599756 0.393271
vt 0.599837 0.397510
vt 0.599491 0.398987
vt 0.599265 0.395967
vt 0.607534 0.399276
vt 0.608075 0.402344
vt 0.606573 0.401872
vt 0.606899 0.397584
vt 0.636457 0.323066
vt 0.636662 0.326862
vt 0.632009 0.337066
vt 0.635499 0.326130
vt 0.533539 0.665055
vt 0.535927 0.665362
vt 0.537584 0.660971
vt 0.542355 0.644097
vt 0.534831 0.661597
vt 0.477917 0.755822
vt 0.480385 0.758568
vt 0.485252 0.754521
vt 0.483530 0.756524
vt 0.480951 0.756545
vt 0.556757 0.650395
vt 0.560309 0.649294
vt 0.558583 0.652802
vt 0.556275 0.653308
vt 0.543313 0.464054
vt 0.551275 0.460058
vt 0.545010 0.465196
vt 0.541936 0.467181
vt 0.607510 0.419023
vt 0.609391 0.416088
vt 0.609159 0.415538
vt 0.608473 0.418693
vt 0.630321 0.336114
vt 0.631485 0.334837
vt 0.630720 0.332940
vt 0.602799 0.435774
vt 0.605018 0.434482
vt 0.601980 0.436975
vt 0.598597 0.438913
vt 0.611740 0.421989
vt 0.611285 0.424817
vt 0.610822 0.423813
vt 0.603950 0.422261
vt 0.603335 0.421479
vt 0.606194 0.421118
vt 0.605611 0.417425
vt 0.605551 0.415242
vt 0.606115 0.416774
vt 0.606933 0.419976
vt 0.601602 0.434953
vt 0.512138 0.065583
vt 0.509761 0.066948
vt 0.614904 0.342253
vt 0.617766 0.339955
vt 0.621510 0.348283
vt 0.622241 0.351672
vt 0.629965 0.336569
vt 0.630423 0.333414
vt 0.630895 0.332622
vt 0.631656 0.334514
vt 0.636610 0.326927
vt 0.636445 0.323116
vt 0.503391 0.058438
vt 0.505704 0.057101
vt 0.410629 0.065325
vt 0.410102 0.066633
vt 0.404903 0.074487
vt 0.402959 0.074869
vt 0.335862 0.311489
vt 0.339290 0.310225
vt 0.405382 0.067681
vt 0.407853 0.065992
vt 0.417183 0.078332
vt 0.414372 0.079883
vt 0.412687 0.091230
vt 0.415298 0.091568
vt 0.353399 0.433316
vt 0.350951 0.432242
vt 0.420280 0.080649
vt 0.420479 0.078760
vt 0.512464 0.079575
vt 0.511354 0.081448
vt 0.514611 0.089808
vt 0.518335 0.089540
vt 0.526362 0.348854
vt 0.522493 0.349568
vt 0.521677 0.360038
vt 0.522298 0.367288
vt 0.493917 0.423789
vt 0.489461 0.424627
vt 0.518909 0.080973
vt 0.516294 0.079367
vt 0.541867 0.072224
vt 0.542913 0.074057
vt 0.544294 0.081893
vt 0.547397 0.091490
vt 0.561377 0.326346
vt 0.558971 0.329303
vt 0.509472 0.057100
vt 0.525306 0.064991
vt 0.545042 0.072625
vt 0.541892 0.071620
vt 0.571247 0.470237
vt 0.566610 0.466774
vt 0.570092 0.519186
vt 0.574253 0.514711
vt 0.575154 0.515318
vt 0.576044 0.518937
vt 0.596692 0.489396
vt 0.594440 0.487739
vt 0.594287 0.486094
vt 0.594410 0.481954
vt 0.571416 0.464422
vt 0.571994 0.469198
vt 0.342184 0.319605
vt 0.341478 0.321835
vt 0.495231 0.378794
vt 0.496996 0.375946
vt 0.505534 0.376939
vt 0.510796 0.378769
vt 0.614042 0.354663
vt 0.614750 0.351956
vt 0.350321 0.444385
vt 0.352685 0.445450
vt 0.389688 0.483324
vt 0.389077 0.484316
vt 0.391091 0.487777
vt 0.393522 0.489332
vt 0.417512 0.556703
vt 0.413717 0.554413
vt 0.411977 0.549482
vt 0.413627 0.552860
vt 0.337745 0.330851
vt 0.336034 0.326313
vt 0.469010 0.557541
vt 0.473004 0.555444
vt 0.467285 0.561614
vt 0.465884 0.563500
vt 0.463965 0.564298
vt 0.459521 0.568179
vt 0.411478 0.580768
vt 0.412285 0.578026
vt 0.410861 0.577826
vt 0.407157 0.577635
vt 0.415915 0.560637
vt 0.418357 0.561855
vt 0.420200 0.561175
vt 0.419903 0.558869
vt 0.467551 0.555123
vt 0.467510 0.557459
vt 0.390140 0.516034
vt 0.387972 0.517464
vt 0.433417 0.584617
vt 0.435192 0.583463
vt 0.440659 0.583800
vt 0.443167 0.586426
vt 0.565459 0.527960
vt 0.561950 0.525810
vt 0.560458 0.523486
vt 0.564535 0.520659
vt 0.392646 0.510867
vt 0.394116 0.514047
vt 0.408459 0.581585
vt 0.410044 0.582083
vt 0.417425 0.606783
vt 0.415705 0.608510
vt 0.416494 0.608811
vt 0.418173 0.611712
vt 0.435325 0.590942
vt 0.434281 0.587579
vt 0.387071 0.517223
vt 0.385931 0.513346
vt 0.406173 0.576248
vt 0.407484 0.578683
vt 0.609303 0.496815
vt 0.610877 0.496709
vt 0.576584 0.519181
vt 0.581589 0.514960
vt 0.581061 0.515053
vt 0.574114 0.522603
vt 0.591919 0.500066
vt 0.596043 0.496092
vt 0.597145 0.495250
vt 0.597282 0.492698
vt 0.612331 0.493682
vt 0.609877 0.496065
vt 0.448628 0.475025
vt 0.451191 0.472885
vt 0.492737 0.485144
vt 0.492069 0.487689
vt 0.492714 0.490423
vt 0.496037 0.490249
vt 0.470740 0.562740
vt 0.468072 0.559587
vt 0.472376 0.552761
vt 0.468423 0.552523
vt 0.444656 0.476858
vt 0.447857 0.477103
vt 0.394368 0.486767
vt 0.392547 0.484220
vt 0.443048 0.471527
vt 0.442240 0.474728
vt 0.523512 0.368037
vt 0.526800 0.360074
vt 0.530823 0.449695
vt 0.527155 0.447905
vt 0.526046 0.449867
vt 0.524623 0.452780
vt 0.489419 0.427356
vt 0.494020 0.426501
vt 0.509893 0.380390
vt 0.509484 0.383355
vt 0.582335 0.404758
vt 0.583222 0.401901
vt 0.586644 0.401022
vt 0.589005 0.401593
vt 0.620875 0.353800
vt 0.616561 0.355405
vt 0.440839 0.598215
vt 0.437274 0.595398
vt 0.476530 0.750880
vt 0.479567 0.751605
vt 0.482561 0.753827
vt 0.485142 0.753804
vt 0.534227 0.668462
vt 0.531834 0.668152
vt 0.530534 0.663122
vt 0.531831 0.659665
vt 0.442205 0.590700
vt 0.442533 0.595407
vt 0.565254 0.624329
vt 0.564134 0.625350
vt 0.486187 0.752428
vt 0.487907 0.750425
vt 0.487564 0.751428
vt 0.482691 0.755478
vt 0.553998 0.656515
vt 0.556324 0.656010
vt 0.558935 0.651802
vt 0.560824 0.648289
vt 0.567373 0.617682
vt 0.567522 0.621124
vt 0.565718 0.622533
vt 0.568025 0.618066
vt 0.538470 0.659872
vt 0.536856 0.664269
vt 0.459851 0.569078
vt 0.468364 0.566464
vt 0.421790 0.609323
vt 0.419189 0.606367
vt 0.338003 0.325878
vt 0.336913 0.329443
vt 0.383795 0.505549
vt 0.385635 0.504817
vt 0.564540 0.462594
vt 0.568599 0.461281
vt 0.508875 0.385183
vt 0.502256 0.383235
vt 0.535928 0.657350
vt 0.543456 0.639851
vt 0.572270 0.527413
vt 0.568594 0.529918
vt 0.594916 0.480127
vt 0.597882 0.482876
vt 0.588024 0.408930
vt 0.585049 0.407899
vt 0.611519 0.495742
vt 0.613024 0.493122
vt 0.598711 0.485626
vt 0.597874 0.488673
vt 0.613341 0.491047
vt 0.612715 0.491388
vt 0.607566 0.421353
vt 0.608607 0.421025
vt 0.607878 0.418312
vt 0.608610 0.415178
vt 0.588714 0.403575
vt 0.588441 0.406892
vt 0.605371 0.414552
vt 0.605442 0.416735
vt 0.599667 0.399638
vt 0.600013 0.398160
vt 0.600859 0.395538
vt 0.600780 0.391299
vt 0.634395 0.328247
vt 0.630904 0.339183
vt 0.631104 0.339810
vt 0.635779 0.329610
vt 0.606965 0.414087
vt 0.606418 0.412557
vt 0.532219 0.454374
vt 0.533136 0.452042
vt 0.600568 0.436303
vt 0.596409 0.439455
vt 0.596902 0.439722
vt 0.600288 0.437787
vt 0.552981 0.459210
vt 0.545019 0.463207
vt 0.541800 0.464769
vt 0.540465 0.467903
vt 0.498330 0.487265
vt 0.499935 0.484151
vt 0.499443 0.483810
vt 0.495184 0.484555
vt 0.524142 0.457186
vt 0.529000 0.455862
vt 0.523288 0.454234
vt 0.522602 0.456767
vt 0.452099 0.471876
vt 0.447142 0.470570
vt 0.601224 0.320838
vt 0.601576 0.324068
vt 0.564308 0.336598
vt 0.563151 0.333638
vt 0.548700 0.091019
vt 0.547700 0.080594
vt 0.601713 0.312876
vt 0.600753 0.313074
vt 0.605808 0.417579
vt 0.606402 0.421279
vt 0.611147 0.424689
vt 0.611585 0.421857
vt 0.611619 0.421329
vt 0.610703 0.423153
vt 0.606712 0.402612
vt 0.608211 0.403079
vt 0.607868 0.402278
vt 0.607314 0.399211
vt 0.599499 0.396132
vt 0.599726 0.399153
vt 0.605510 0.395670
vt 0.605191 0.399963
vt 0.560790 0.338930
vt 0.564391 0.338974
vt 0.602936 0.326105
vt 0.603823 0.332469
vt 0.607412 0.397023
vt 0.606787 0.395331
vt 0.609912 0.413056
vt 0.610098 0.413588
vt 0.630828 0.337294
vt 0.629610 0.338558
vt 0.635875 0.322698
vt 0.634595 0.325816
vt 0.605483 0.323331
vt 0.604435 0.320295
vt 0.599886 0.391128
vt 0.599392 0.393824
vt 0.603618 0.332348
vt 0.604389 0.325592
vt 0.544173 0.639005
vt 0.539356 0.655872
vt 0.593790 0.499220
vt 0.590792 0.504030
vt 0.419538 0.616838
vt 0.421360 0.618056
vt 0.478411 0.754298
vt 0.475946 0.751550
vt 0.423724 0.614868
vt 0.424545 0.611978
vt 0.552519 0.649226
vt 0.552083 0.652147
vt 0.542316 0.472824
vt 0.545247 0.470836
vt 0.560062 0.643687
vt 0.556285 0.644785
vt 0.597042 0.490679
vt 0.595780 0.492393
vt 0.601214 0.437466
vt 0.606677 0.422502
vt 0.607118 0.419934
vt 0.606212 0.416724
vt 0.609343 0.416128
vt 0.607383 0.419059
vt 0.610597 0.424182
vt 0.611075 0.425190
vt 0.605353 0.434076
vt 0.603084 0.435353
vt 0.606127 0.421712
vt 0.603244 0.422064
vt 0.602109 0.436503
vt 0.605151 0.434008
vt 0.570018 0.610969
vt 0.568683 0.610973
vt 0.602876 0.428517
vt 0.600334 0.441195
vt 0.546744 0.463892
vt 0.553108 0.458750
vt 0.601551 0.422888
vt 0.602302 0.423680
vt 0.339939 0.181391
vt 0.341956 0.252329
vt 0.375177 0.266518
vt 0.234081 0.330762
vt 0.363932 0.294751
vt 0.245154 0.568251
vt 0.332712 0.184125
vt 0.368467 0.270569
vt 0.245703 0.304620
vt 0.378561 0.284632
vt 0.344316 0.270008
vt 0.377604 0.403511
vt 0.326598 0.277855
vt 0.230287 0.330274
vt 0.241622 0.573167
vt 0.373261 0.310850
vt 0.372334 0.427252
vt 0.261635 0.567887
vt 0.331448 0.255013
vt 0.329369 0.179953
vt 0.238679 0.305517
vt 0.336477 0.295419
vt 0.258154 0.567573
vt 0.369185 0.426527
vt 0.338549 0.176828
vt 0.334262 0.177985
vt 0.332185 0.174317
vt 0.334459 0.256499
vt 0.332302 0.267585
vt 0.337771 0.282262
vt 0.341964 0.265688
vt 0.340762 0.254887
vt 0.377027 0.270388
vt 0.379253 0.281624
vt 0.376440 0.298566
vt 0.371487 0.285460
vt 0.373256 0.272864
vt 0.239055 0.309760
vt 0.230199 0.324316
vt 0.227597 0.324161
vt 0.233297 0.311160
vt 0.240117 0.588282
vt 0.242457 0.583034
vt 0.254561 0.579676
vt 0.252240 0.579802
vt 0.373549 0.425836
vt 0.375539 0.426122
vt 0.378322 0.411658
vt 0.338743 0.179898
vt 0.332245 0.177384
vt 0.334369 0.252473
vt 0.340697 0.250865
vt 0.342580 0.255065
vt 0.343800 0.265867
vt 0.378037 0.280492
vt 0.375804 0.269255
vt 0.375467 0.265770
vt 0.371695 0.268249
vt 0.335952 0.181797
vt 0.340290 0.180614
vt 0.235882 0.322772
vt 0.244740 0.308207
vt 0.367504 0.274158
vt 0.365723 0.286754
vt 0.376630 0.304415
vt 0.379438 0.287459
vt 0.378532 0.406334
vt 0.375733 0.420832
vt 0.370663 0.432688
vt 0.368631 0.432398
vt 0.257589 0.573438
vt 0.259942 0.573313
vt 0.241453 0.572854
vt 0.239062 0.578093
vt 0.227746 0.335200
vt 0.230379 0.335365
vt 0.243245 0.303808
vt 0.237437 0.305190
vt 0.328106 0.179610
vt 0.330267 0.183307
vt 0.334010 0.295436
vt 0.328518 0.280748
vt 0.243524 0.576059
vt 0.255689 0.567599
vt 0.366345 0.297883
vt 0.371323 0.311001
vt 0.259705 0.568043
vt 0.247578 0.571390
vt 0.327813 0.269528
vt 0.329978 0.258437
vt 0.237186 0.308928
vt 0.231504 0.321947
vt 0.343638 0.272184
vt 0.339417 0.288770
vt 0.372137 0.419892
vt 0.376970 0.405684
vt 0.553715 0.580856
vt 0.486641 0.332198
vt 0.473610 0.330679
vt 0.474108 0.330689
vt 0.537335 0.612814
vt 0.547303 0.593385
vt 0.373123 0.332128
vt 0.275651 0.568184
vt 0.528149 0.615173
vt 0.465627 0.332112
vt 0.370296 0.332773
vt 0.258812 0.659643
vt 0.266617 0.569575
vt 0.365390 0.332801
vt 0.464438 0.335133
vt 0.432528 0.585251
vt 0.391371 0.646448
vt 0.265135 0.662769
vt 0.376900 0.335159
vt 0.473194 0.331568
vt 0.498616 0.331604
vt 0.474734 0.567739
vt 0.441568 0.581215
vt 0.496185 0.322173
vt 0.469279 0.322205
vt 0.380895 0.322206
vt 0.375788 0.322207
vt 0.470065 0.322195
vt 0.469501 0.322205
vt 0.471320 0.730162
vt 0.467040 0.770493
vt 0.490405 0.747403
vt 0.275426 0.577327
vt 0.417687 0.641283
vt 0.527946 0.624318
vt 0.256422 0.672520
vt 0.288153 0.714263
vt 0.301263 0.784824
vt 0.264424 0.582471
vt 0.353596 0.792771
vt 0.350129 0.801214
vt 0.298521 0.816061
vt 0.307446 0.796446
vt 0.292261 0.773341
vt 0.325600 0.839274
vt 0.450721 0.780014
vt 0.294256 0.820195
vt 0.297488 0.847227
vt 0.320228 0.841561
vt 0.286572 0.775865
vt 0.502395 0.749135
vt 0.473298 0.768759
vt 0.490082 0.747346
vt 0.346961 0.710382
vt 0.387966 0.729524
vt 0.353996 0.796686
vt 0.359688 0.788017
vt 0.353720 0.787108
vt 0.307229 0.790876
vt 0.293246 0.719348
vt 0.341496 0.709517
vt 0.397985 0.653861
vt 0.434062 0.600333
vt 0.426239 0.681961
vt 0.531432 0.628598
vt 0.427144 0.645120
vt 0.494471 0.665426
vt 0.327207 0.853698
vt 0.339991 0.994126
vt 0.401556 0.917921
vt 0.440175 0.865267
vt 0.347185 0.990838
vt 0.426042 0.887776
vt 0.438577 0.867617
vt 0.406186 0.918251
vt 0.344860 0.994165
vt 0.300121 0.845338
vt 0.296578 0.820500
vt 0.344524 0.806836
vt 0.292641 0.764396
vt 0.456531 0.771204
vt 0.461566 0.723740
vt 0.413929 0.648973
vt 0.272736 0.584372
vt 0.330092 0.844754
vt 0.405808 0.910156
vt 0.456236 0.785005
vt 0.492286 0.670921
vt 0.425396 0.650808
vt 0.471119 0.722456
vt 0.490802 0.740498
vt 0.467968 0.773988
vt 0.503993 0.749708
vt 0.492997 0.749264
vt 0.506711 0.744099
vt 0.512733 0.676552
vt 0.496940 0.672468
vt 0.495167 0.743636
vt 0.511351 0.666312
vt 0.508371 0.648679
vt 0.547408 0.603466
vt 0.429724 0.690224
vt 0.495633 0.686422
vt 0.441647 0.706539
vt 0.398036 0.723269
vt 0.343776 0.702271
vt 0.292889 0.712671
vt 0.262410 0.673160
vt 0.388848 0.656892
vt 0.419800 0.687524
vt 0.520058 0.567916
vt 0.479338 0.567916
vt 0.501889 0.343776
vt 0.510351 0.669207
vt 0.514547 0.669004
vt 0.513688 0.649474
vt 0.507070 0.650802
vt 0.512755 0.640614
vt 0.480277 0.577297
vt 0.520133 0.577297
vt 0.547203 0.607152
vt 0.538199 0.626840
vt 0.499104 0.665432
vt 0.515245 0.669786
vt 0.522247 0.565876
vt 0.503295 0.331449
vt 0.486910 0.331527
vt 0.553726 0.580217
vt 0.351213 0.705233
vt 0.421602 0.691586
vt 0.390554 0.723945
vt 0.509284 0.642336
vt 0.523376 0.578022
vt 0.552963 0.591750
vt 0.419093 0.890373
vt 0.483543 0.754503
vt 0.463594 0.779950
vt 0.321915 0.849325
vt 0.299776 0.854832
vt 0.334872 0.991666
vt 0.338915 0.994901
vt 0.303422 0.856511
vt 0.420707 0.888013
vt 0.423587 0.879629
vt 0.306580 0.848293
vt 0.357581 0.803954
vt 0.392838 0.733690
vt 0.436695 0.717157
vt 0.302770 0.791654
vt 0.292688 0.812599
vt 0.285161 0.767251
vt 0.265577 0.590199
vt 0.506044 0.743903
vt 0.491614 0.742065
vt 0.510979 0.675366
vt 0.511802 0.676367
vt 0.515736 0.669104
vt 0.512379 0.667998
vt 0.554359 0.595025
vt 0.548915 0.604976
vt 0.433184 0.684127
vt 0.441864 0.592562
vt 0.475157 0.579081
vt 0.510258 0.647292
vt 0.511375 0.669299
vt 0.502485 0.680113
vt 0.510158 0.673024
vt 0.506777 0.681428
vt 0.513632 0.672854
vt 0.507435 0.645655
vt 0.513771 0.644368
vt 0.520651 0.585325
vt 0.487386 0.748679
vt 0.412460 0.906400
vt 0.445423 0.855679
vt 0.501022 0.694960
vt 0.443814 0.853882
vt 0.431317 0.876312
vt 0.444100 0.713000
vt 0.504705 0.681246
vt 0.506039 0.674559
vt 0.452837 0.702774
vt 0.502062 0.684418
vt 0.371388 0.322272
vt 0.368690 0.323777
vt 0.370701 0.323812
vt 0.376817 0.322269
vt 0.376275 0.323777
vt 0.373921 0.323747
vt 0.470936 0.322268
vt 0.473146 0.323782
vt 0.469546 0.323752
vt 0.535742 0.624969
vt 0.534593 0.627325
vt 0.538925 0.625812
vt 0.538830 0.622517
vt 0.522561 0.573312
vt 0.522972 0.576351
vt 0.521123 0.582389
vt 0.521179 0.575964
vt 0.521341 0.572895
vt 0.263968 0.575804
vt 0.264285 0.580387
vt 0.265869 0.577073
vt 0.266921 0.575086
vt 0.439297 0.589572
vt 0.435098 0.597145
vt 0.435565 0.590008
vt 0.285160 0.769061
vt 0.285786 0.772827
vt 0.288082 0.771723
vt 0.287064 0.768719
vt 0.293182 0.817292
vt 0.296562 0.817082
vt 0.295440 0.820165
vt 0.293964 0.820041
vt 0.351605 0.801247
vt 0.353390 0.799447
vt 0.355438 0.802687
vt 0.346822 0.805513
vt 0.499634 0.322402
vt 0.502365 0.323874
vt 0.501929 0.333744
vt 0.500360 0.323983
vt 0.478645 0.575867
vt 0.475025 0.575051
vt 0.477945 0.572798
vt 0.302893 0.791144
vt 0.306078 0.793404
vt 0.306084 0.795979
vt 0.303860 0.794859
vt 0.355360 0.792106
vt 0.355694 0.789438
vt 0.359369 0.790081
vt 0.342782 0.706754
vt 0.344005 0.703421
vt 0.348666 0.705158
vt 0.345952 0.707353
vt 0.289797 0.714431
vt 0.291211 0.717195
vt 0.288899 0.715903
vt 0.430054 0.686868
vt 0.428871 0.689397
vt 0.423948 0.690436
vt 0.424923 0.687600
vt 0.426687 0.684504
vt 0.418473 0.643152
vt 0.416368 0.645788
vt 0.422410 0.647765
vt 0.423291 0.645064
vt 0.321671 0.842987
vt 0.322205 0.846108
vt 0.325254 0.849083
vt 0.325672 0.844655
vt 0.323651 0.842121
vt 0.299257 0.846889
vt 0.301276 0.849900
vt 0.300122 0.852728
vt 0.298606 0.851920
vt 0.297470 0.848959
vt 0.441349 0.863670
vt 0.442472 0.862044
vt 0.443019 0.858669
vt 0.444163 0.859230
vt 0.457156 0.778777
vt 0.460201 0.780823
vt 0.464077 0.778070
vt 0.471790 0.770070
vt 0.466476 0.775144
vt 0.466272 0.772148
vt 0.461570 0.775908
vt 0.485546 0.750817
vt 0.488890 0.745387
vt 0.490635 0.744310
vt 0.490095 0.746852
vt 0.503400 0.748686
vt 0.506057 0.746194
vt 0.506858 0.746404
vt 0.505014 0.749104
vt 0.466977 0.725396
vt 0.470925 0.728769
vt 0.471105 0.724254
vt 0.493269 0.748583
vt 0.494565 0.745862
vt 0.492179 0.743506
vt 0.491401 0.747219
vt 0.495152 0.666738
vt 0.493834 0.669245
vt 0.496508 0.670011
vt 0.497349 0.666988
vt 0.389768 0.727737
vt 0.390818 0.725112
vt 0.395101 0.724760
vt 0.393104 0.727874
vt 0.508012 0.644963
vt 0.507469 0.649179
vt 0.506825 0.650093
vt 0.507038 0.647016
vt 0.513732 0.645642
vt 0.513801 0.648677
vt 0.512311 0.647548
vt 0.513289 0.643490
vt 0.555960 0.588677
vt 0.555621 0.592563
vt 0.549299 0.600692
vt 0.554484 0.591103
vt 0.404704 0.917306
vt 0.406915 0.917349
vt 0.409158 0.912996
vt 0.416290 0.896576
vt 0.406488 0.914057
vt 0.336116 0.997638
vt 0.338029 1.000000
vt 0.343291 0.995848
vt 0.341441 0.998452
vt 0.338990 0.998698
vt 0.425941 0.883302
vt 0.429578 0.882516
vt 0.427395 0.885969
vt 0.425067 0.886296
vt 0.441812 0.706893
vt 0.450251 0.703984
vt 0.443372 0.708579
vt 0.440061 0.710204
vt 0.512318 0.674175
vt 0.514589 0.671422
vt 0.514572 0.671622
vt 0.513384 0.674375
vt 0.548667 0.604807
vt 0.549905 0.603113
vt 0.549539 0.601772
vt 0.503930 0.682599
vt 0.506355 0.681893
vt 0.503032 0.684193
vt 0.499356 0.685340
vt 0.514703 0.669693
vt 0.513861 0.672574
vt 0.513471 0.671041
vt 0.507953 0.674673
vt 0.507427 0.673617
vt 0.510153 0.672771
vt 0.510272 0.669923
vt 0.510616 0.668236
vt 0.511015 0.670235
vt 0.511279 0.673094
vt 0.503805 0.687150
vt 0.473681 0.331262
vt 0.471221 0.332799
vt 0.533747 0.615859
vt 0.536815 0.613411
vt 0.539226 0.621833
vt 0.539425 0.625156
vt 0.548285 0.605416
vt 0.549208 0.602402
vt 0.549738 0.601365
vt 0.550102 0.602701
vt 0.555583 0.592758
vt 0.555963 0.588859
vt 0.466235 0.323780
vt 0.468629 0.322264
vt 0.374417 0.322252
vt 0.373761 0.323804
vt 0.367563 0.331398
vt 0.365563 0.331362
vt 0.266453 0.568097
vt 0.270044 0.567441
vt 0.368876 0.323767
vt 0.371533 0.322251
vt 0.376639 0.322252
vt 0.373691 0.323722
vt 0.370269 0.334213
vt 0.372686 0.334258
vt 0.260857 0.661841
vt 0.258707 0.661081
vt 0.379150 0.323767
vt 0.379681 0.322252
vt 0.468066 0.322253
vt 0.466657 0.323726
vt 0.468521 0.331749
vt 0.472200 0.331785
vt 0.440525 0.581435
vt 0.436648 0.581888
vt 0.434265 0.591936
vt 0.433786 0.599062
vt 0.397702 0.652589
vt 0.393240 0.653153
vt 0.474093 0.323763
vt 0.471824 0.322254
vt 0.498720 0.322285
vt 0.499409 0.323807
vt 0.499576 0.331514
vt 0.501196 0.341271
vt 0.478642 0.565412
vt 0.475765 0.567620
vt 0.472258 0.322252
vt 0.485289 0.323771
vt 0.501889 0.323678
vt 0.498934 0.322283
vt 0.470730 0.730229
vt 0.466783 0.726866
vt 0.461655 0.774260
vt 0.466448 0.770563
vt 0.467229 0.771178
vt 0.467457 0.774185
vt 0.492471 0.749453
vt 0.490592 0.748089
vt 0.490710 0.746601
vt 0.491505 0.742897
vt 0.471808 0.724813
vt 0.471630 0.729355
vt 0.271510 0.577080
vt 0.270457 0.579032
vt 0.411636 0.643745
vt 0.413776 0.641039
vt 0.421944 0.642533
vt 0.426762 0.644444
vt 0.531051 0.627927
vt 0.532186 0.625565
vt 0.256265 0.672833
vt 0.258339 0.673603
vt 0.288754 0.713102
vt 0.288093 0.714520
vt 0.289561 0.718172
vt 0.291642 0.719516
vt 0.305646 0.791028
vt 0.302332 0.788791
vt 0.301509 0.784661
vt 0.302660 0.788360
vt 0.265355 0.586909
vt 0.264346 0.582247
vt 0.355246 0.792433
vt 0.359410 0.790391
vt 0.353418 0.799034
vt 0.351781 0.800849
vt 0.349837 0.801771
vt 0.345056 0.806045
vt 0.297106 0.819709
vt 0.298227 0.816633
vt 0.296869 0.816349
vt 0.293395 0.816552
vt 0.303642 0.795606
vt 0.305801 0.796717
vt 0.307653 0.795904
vt 0.307658 0.793331
vt 0.354119 0.789576
vt 0.353797 0.792259
vt 0.289179 0.773932
vt 0.286829 0.775048
vt 0.320589 0.840717
vt 0.322518 0.839866
vt 0.327724 0.840120
vt 0.329742 0.842654
vt 0.455890 0.782906
vt 0.452839 0.780859
vt 0.451749 0.778588
vt 0.456073 0.775658
vt 0.292376 0.768935
vt 0.293295 0.771915
vt 0.294149 0.820950
vt 0.295543 0.821086
vt 0.299081 0.845924
vt 0.297232 0.848005
vt 0.298035 0.848815
vt 0.299238 0.851765
vt 0.321373 0.846258
vt 0.320896 0.843123
vt 0.285909 0.774294
vt 0.285391 0.770512
vt 0.292766 0.815863
vt 0.293726 0.818599
vt 0.502292 0.749477
vt 0.503912 0.749893
vt 0.467900 0.774182
vt 0.473190 0.769090
vt 0.472660 0.769136
vt 0.464941 0.777138
vt 0.484891 0.751690
vt 0.489446 0.747727
vt 0.490622 0.746829
vt 0.491126 0.744288
vt 0.505629 0.746123
vt 0.502937 0.748625
vt 0.347300 0.707994
vt 0.350073 0.705799
vt 0.389414 0.724512
vt 0.388414 0.727143
vt 0.388663 0.730028
vt 0.391940 0.730145
vt 0.356626 0.800412
vt 0.354498 0.797160
vt 0.359170 0.787556
vt 0.355327 0.786916
vt 0.343120 0.709316
vt 0.346229 0.709917
vt 0.292819 0.716879
vt 0.291399 0.714117
vt 0.342295 0.703683
vt 0.341076 0.707036
vt 0.434875 0.599980
vt 0.439269 0.592401
vt 0.430420 0.683973
vt 0.427049 0.681608
vt 0.425674 0.683457
vt 0.423909 0.686539
vt 0.392803 0.655889
vt 0.397417 0.655357
vt 0.425606 0.645771
vt 0.424738 0.648483
vt 0.491601 0.668577
vt 0.492933 0.666078
vt 0.496401 0.665447
vt 0.498532 0.665660
vt 0.537774 0.627137
vt 0.533362 0.628623
vt 0.325668 0.853766
vt 0.322615 0.850787
vt 0.335572 0.993129
vt 0.338451 0.994192
vt 0.340993 0.996303
vt 0.343445 0.996053
vt 0.404773 0.920140
vt 0.402556 0.920092
vt 0.402109 0.915491
vt 0.403899 0.912247
vt 0.328178 0.846843
vt 0.327762 0.851276
vt 0.439442 0.866192
vt 0.438316 0.867818
vt 0.344600 0.994367
vt 0.346448 0.991763
vt 0.345923 0.992485
vt 0.340655 0.996638
vt 0.422448 0.889750
vt 0.424793 0.889427
vt 0.427925 0.885239
vt 0.430266 0.881775
vt 0.442418 0.859339
vt 0.442050 0.862727
vt 0.440307 0.865322
vt 0.443188 0.860895
vt 0.410121 0.911595
vt 0.407919 0.915958
vt 0.345245 0.806958
vt 0.353791 0.804121
vt 0.302921 0.848485
vt 0.300833 0.845460
vt 0.266482 0.582847
vt 0.264877 0.586204
vt 0.284559 0.763252
vt 0.286510 0.762937
vt 0.465449 0.722986
vt 0.469573 0.721807
vt 0.423865 0.650198
vt 0.417775 0.648281
vt 0.408178 0.909894
vt 0.417985 0.892413
vt 0.462471 0.781988
vt 0.458606 0.784744
vt 0.492277 0.741171
vt 0.494665 0.743514
vt 0.496408 0.672344
vt 0.493735 0.671572
vt 0.504703 0.749106
vt 0.506520 0.746398
vt 0.495008 0.745937
vt 0.493704 0.748661
vt 0.507101 0.744164
vt 0.506354 0.743952
vt 0.512017 0.676417
vt 0.513158 0.676620
vt 0.512909 0.674248
vt 0.514139 0.671518
vt 0.497871 0.667102
vt 0.497082 0.670161
vt 0.510536 0.667503
vt 0.510202 0.669189
vt 0.506907 0.650785
vt 0.507550 0.649870
vt 0.508809 0.647603
vt 0.509354 0.643387
vt 0.553039 0.592800
vt 0.547855 0.602390
vt 0.547966 0.603075
vt 0.554308 0.594951
vt 0.512289 0.667917
vt 0.511905 0.665921
vt 0.431192 0.689296
vt 0.432382 0.686768
vt 0.501638 0.682747
vt 0.497103 0.685496
vt 0.497586 0.686036
vt 0.501265 0.684894
vt 0.452036 0.703244
vt 0.443598 0.706153
vt 0.440230 0.707497
vt 0.438524 0.710845
vt 0.394612 0.727327
vt 0.396614 0.724221
vt 0.396146 0.723620
vt 0.391868 0.723977
vt 0.422917 0.691620
vt 0.427839 0.690579
vt 0.422430 0.688119
vt 0.421455 0.690972
vt 0.351065 0.704616
vt 0.346402 0.702856
vt 0.520021 0.572783
vt 0.519862 0.575851
vt 0.480004 0.575851
vt 0.479302 0.572783
vt 0.502594 0.341240
vt 0.503241 0.331355
vt 0.521819 0.565807
vt 0.520759 0.565381
vt 0.510410 0.669903
vt 0.510300 0.672758
vt 0.513771 0.672587
vt 0.514596 0.669701
vt 0.514674 0.668984
vt 0.513445 0.670331
vt 0.512343 0.648326
vt 0.513831 0.649452
vt 0.513638 0.648770
vt 0.513557 0.645736
vt 0.507212 0.647021
vt 0.507000 0.650099
vt 0.512189 0.641338
vt 0.511217 0.645398
vt 0.476106 0.577181
vt 0.479705 0.578022
vt 0.520914 0.578107
vt 0.520851 0.584532
vt 0.513975 0.643576
vt 0.513540 0.641423
vt 0.515727 0.669536
vt 0.515701 0.669315
vt 0.548847 0.605180
vt 0.547560 0.606857
vt 0.555396 0.587974
vt 0.553599 0.590440
vt 0.524005 0.576712
vt 0.523439 0.573683
vt 0.508456 0.642857
vt 0.507478 0.644910
vt 0.520700 0.584581
vt 0.522548 0.578543
vt 0.418780 0.891454
vt 0.411602 0.907865
vt 0.486706 0.750181
vt 0.483216 0.755581
vt 0.299733 0.856455
vt 0.301241 0.857263
vt 0.336735 0.995653
vt 0.334826 0.993290
vt 0.303939 0.853810
vt 0.305165 0.850996
vt 0.422056 0.882296
vt 0.421226 0.885312
vt 0.439557 0.715567
vt 0.442729 0.713922
vt 0.430208 0.877208
vt 0.426353 0.877980
vt 0.491189 0.742262
vt 0.489619 0.743367
vt 0.503056 0.689610
vt 0.510655 0.675567
vt 0.511478 0.673139
vt 0.511131 0.670273
vt 0.514524 0.671385
vt 0.512177 0.674134
vt 0.513198 0.671395
vt 0.513602 0.672933
vt 0.506742 0.681507
vt 0.504270 0.682203
vt 0.509969 0.673174
vt 0.507222 0.674009
vt 0.503253 0.683878
vt 0.506580 0.681576
vt 0.446143 0.853799
vt 0.444756 0.853213
vt 0.505947 0.680584
vt 0.501616 0.693058
vt 0.445282 0.707567
vt 0.452255 0.702955
vt 0.505453 0.674735
vt 0.506106 0.675789
vt 0.551507 0.424029
vt 0.648606 0.545162
vt 0.676551 0.532326
vt 0.571256 0.421632
vt 0.559711 0.421852
vt 0.639095 0.547830
vt 0.647193 0.545795
vt 0.550290 0.424328
vt 0.571528 0.420553
vt 0.672561 0.533249
vt 0.640495 0.547127
vt 0.561695 0.421716
vt 0.573048 0.421138
vt 0.677864 0.531677
vt 0.674049 0.532566
vt 0.573069 0.420460
vt 0.559993 0.420345
vt 0.552365 0.422265
vt 0.570012 0.419929
vt 0.570260 0.419133
vt 0.679669 0.534757
vt 0.683848 0.563734
vt 0.675782 0.535633
vt 0.651546 0.547418
vt 0.678160 0.535389
vt 0.642579 0.549869
vt 0.649347 0.548235
vt 0.643694 0.549290
vt 0.674166 0.536109
vt 0.530012 0.610122
vt 0.453405 0.443008
vt 0.552265 0.443008
vt 0.536142 0.610858
vt 0.558523 0.443029
vt 0.603988 0.443029
vt 0.531605 0.611316
vt 0.599616 0.443042
vt 0.448495 0.443042
vt 0.525397 0.610569
vt 0.442648 0.443021
vt 0.448574 0.443021
vt 0.451833 0.438165
vt 0.445907 0.438165
vt 0.447404 0.438165
vt 0.598525 0.438165
vt 0.599725 0.438165
vt 0.554260 0.438165
vt 0.552348 0.438165
vt 0.453489 0.438165
vt 0.531604 0.619860
vt 0.533388 0.620575
vt 0.532023 0.621020
vt 0.530165 0.620294
vt 0.528198 0.612554
vt 0.526733 0.612990
vt 0.449927 0.445440
vt 0.451582 0.445440
vt 0.554889 0.445446
vt 0.556800 0.445446
vt 0.534432 0.613275
vt 0.532645 0.612560
vt 0.604267 0.445471
vt 0.603067 0.445471
vt 0.535049 0.613747
vt 0.536432 0.613300
vt 0.445246 0.445465
vt 0.443749 0.445465
vt 0.526481 0.613015
vt 0.528350 0.613741
vt 0.351465 0.113719
vt 0.139191 0.256100
vt 0.155401 0.267551
vt 0.328192 0.101624
vt 0.389654 0.110633
vt 0.333350 0.102703
vt 0.161058 0.269035
vt 0.299608 0.314289
vt 0.400870 0.117995
vt 0.394998 0.111788
vt 0.304482 0.314981
vt 0.263222 0.285338
vt 0.355974 0.116079
vt 0.393367 0.118335
vt 0.255276 0.284877
vt 0.179730 0.267235
vt 0.142649 0.258600
vt 0.403648 0.109706
vt 0.402185 0.109926
vt 0.364791 0.107670
vt 0.362029 0.107253
vt 0.338756 0.095157
vt 0.339726 0.095083
vt 0.396030 0.103013
vt 0.397777 0.103499
vt 0.004197 0.581164
vt 0.005988 0.562434
vt 0.078400 0.534543
vt 0.071810 0.526959
vt 0.034213 0.490577
vt 0.002921 0.561920
vt 0.000917 0.579702
vt 0.070910 0.524486
vt 0.038896 0.486987
vt 0.005474 0.576431
vt 0.039932 0.474954
vt 0.072997 0.393470
vt 0.045495 0.396763
vt 0.006195 0.550799
vt 0.077485 0.516648
vt 0.157361 0.441006
vt 0.076788 0.393687
vt 0.043639 0.475189
vt 0.104755 0.453798
vt 0.157866 0.444338
vt 0.079087 0.519570
vt 0.085565 0.526250
vt 0.046632 0.401717
vt 0.070624 0.424355
vt 0.079043 0.526888
vt 0.007716 0.554787
vt 0.077577 0.383606
vt 0.141788 0.281673
vt 0.125504 0.270411
vt 0.050049 0.386887
vt 0.287765 0.329474
vt 0.147484 0.283881
vt 0.083355 0.385799
vt 0.163876 0.433280
vt 0.254389 0.297265
vt 0.293932 0.325894
vt 0.210934 0.352090
vt 0.128042 0.271744
vt 0.165203 0.280500
vt 0.145752 0.379236
vt 0.077854 0.411275
vt 0.052917 0.387715
vt 0.084384 0.524699
vt 0.076237 0.423842
vt 0.103211 0.452273
vt 0.155488 0.379767
vt 0.200370 0.358031
vt 0.178537 0.360055
vt 0.206443 0.355606
vt 0.287080 0.330159
vt 0.184112 0.357675
vt 0.155836 0.375861
vt 0.174772 0.279624
vt 0.247800 0.296569
vt 0.203030 0.353061
vt 0.106329 0.447247
vt 0.079455 0.418795
vt 0.147949 0.385784
vt 0.172695 0.364454
vt 0.177214 0.363736
vt 0.286544 0.334516
vt 0.164368 0.437190
vt 0.110956 0.446557
vt 0.002497 0.580678
vt 0.000000 0.582768
vt 0.001085 0.583653
vt 0.036259 0.485612
vt 0.038883 0.483204
vt 0.039985 0.477139
vt 0.073862 0.524005
vt 0.074628 0.524720
vt 0.076562 0.522555
vt 0.076405 0.521979
vt 0.083511 0.529889
vt 0.081785 0.532951
vt 0.081555 0.531243
vt 0.003023 0.563283
vt 0.002150 0.563346
vt 0.003149 0.559430
vt 0.003879 0.561584
vt 0.046276 0.394983
vt 0.046102 0.391888
vt 0.047524 0.391449
vt 0.149188 0.275165
vt 0.147718 0.274834
vt 0.146008 0.277219
vt 0.301004 0.324506
vt 0.299728 0.324484
vt 0.297911 0.326952
vt 0.295557 0.329004
vt 0.292803 0.328461
vt 0.297478 0.326015
vt 0.254397 0.291602
vt 0.256304 0.292183
vt 0.254495 0.294706
vt 0.252525 0.293914
vt 0.130088 0.262431
vt 0.131799 0.262989
vt 0.129308 0.265168
vt 0.127991 0.265070
vt 0.075334 0.419971
vt 0.072472 0.419715
vt 0.074666 0.417103
vt 0.149911 0.384008
vt 0.148722 0.382099
vt 0.152295 0.380309
vt 0.153324 0.381041
vt 0.207047 0.354552
vt 0.204733 0.356251
vt 0.202480 0.357225
vt 0.203761 0.355428
vt 0.172229 0.272452
vt 0.172874 0.275460
vt 0.169818 0.274751
vt 0.176899 0.360911
vt 0.178570 0.359553
vt 0.180325 0.358625
vt 0.328094 0.101616
vt 0.155479 0.267684
vt 0.156849 0.267801
vt 0.329064 0.101542
vt 0.393957 0.111801
vt 0.303852 0.315514
vt 0.305325 0.315500
vt 0.395703 0.112287
vt 0.400026 0.117477
vt 0.262246 0.284795
vt 0.260474 0.284233
vt 0.398563 0.117697
vt 0.004886 0.552633
vt 0.043891 0.398554
vt 0.044525 0.401710
vt 0.005624 0.554789
vt 0.002850 0.564049
vt 0.001196 0.583051
vt 0.000005 0.582044
vt 0.002022 0.564263
vt 0.034739 0.489702
vt 0.001435 0.578827
vt 0.003954 0.576744
vt 0.037372 0.487295
vt 0.070875 0.526405
vt 0.005444 0.578357
vt 0.004114 0.581447
vt 0.071573 0.527031
vt 0.038046 0.480386
vt 0.004524 0.556187
vt 0.003522 0.560102
vt 0.034811 0.488758
vt 0.074959 0.520304
vt 0.040969 0.478806
vt 0.040401 0.484765
vt 0.072414 0.522262
vt 0.083858 0.529532
vt 0.076660 0.522762
vt 0.074870 0.524968
vt 0.081587 0.532773
vt 0.007045 0.560420
vt 0.078355 0.532512
vt 0.078654 0.534356
vt 0.006133 0.561966
vt 0.048993 0.386681
vt 0.124587 0.270218
vt 0.125936 0.270315
vt 0.050810 0.386293
vt 0.159805 0.443128
vt 0.079957 0.518679
vt 0.079899 0.519056
vt 0.159164 0.444047
vt 0.048619 0.392487
vt 0.073560 0.416072
vt 0.071370 0.418675
vt 0.047360 0.396021
vt 0.292388 0.331711
vt 0.168635 0.435209
vt 0.167696 0.436195
vt 0.290163 0.333615
vt 0.252505 0.297234
vt 0.209058 0.352062
vt 0.205714 0.352957
vt 0.250543 0.296417
vt 0.139284 0.255966
vt 0.351714 0.113753
vt 0.354476 0.114170
vt 0.141147 0.256701
vt 0.147114 0.274505
vt 0.130571 0.262745
vt 0.128598 0.265541
vt 0.144427 0.276914
vt 0.293727 0.322491
vt 0.155313 0.277107
vt 0.151321 0.279386
vt 0.291858 0.325054
vt 0.258013 0.293456
vt 0.299545 0.323143
vt 0.295887 0.324635
vt 0.256344 0.296006
vt 0.133477 0.263393
vt 0.170560 0.272024
vt 0.168148 0.274349
vt 0.130990 0.265550
vt 0.081213 0.526743
vt 0.072813 0.424227
vt 0.075355 0.424520
vt 0.083767 0.525348
vt 0.077710 0.415677
vt 0.145598 0.383595
vt 0.146952 0.385737
vt 0.078069 0.418571
vt 0.203695 0.356419
vt 0.181363 0.358471
vt 0.179605 0.359403
vt 0.201444 0.357396
vt 0.154472 0.379207
vt 0.201595 0.356461
vt 0.200360 0.358240
vt 0.155475 0.379967
vt 0.210739 0.353395
vt 0.293730 0.327197
vt 0.289047 0.329633
vt 0.208411 0.355091
vt 0.175537 0.273185
vt 0.251087 0.290815
vt 0.249227 0.293110
vt 0.176174 0.276209
vt 0.149502 0.377779
vt 0.168956 0.279096
vt 0.172004 0.279795
vt 0.153105 0.375983
vt 0.154408 0.380206
vt 0.177454 0.360485
vt 0.175409 0.361769
vt 0.151157 0.383384
vt 0.184938 0.357384
vt 0.287906 0.329873
vt 0.290680 0.330426
vt 0.181316 0.359640
vt 0.563516 0.427991
vt 0.548208 0.430480
vt 0.614486 0.544332
vt 0.545961 0.432501
vt 0.524684 0.434180
vt 0.593675 0.547795
vt 0.614395 0.546061
vt 0.527082 0.432129
vt 0.545969 0.550478
vt 0.554400 0.550959
vt 0.517191 0.434661
vt 0.555003 0.429117
vt 0.621711 0.541117
vt 0.549353 0.549999
vt 0.530366 0.431616
vt 0.565429 0.429274
vt 0.616004 0.545770
vt 0.625005 0.540897
vt 0.558228 0.428919
vt 0.559361 0.423552
vt 0.552537 0.423081
vt 0.527918 0.425610
vt 0.518376 0.428150
vt 0.520461 0.427975
vt 0.543374 0.426152
vt 0.625885 0.580522
vt 0.617139 0.552054
vt 0.596543 0.556031
vt 0.576379 0.571552
vt 0.575236 0.574107
vt 0.569491 0.571508
vt 0.557635 0.558673
vt 0.549583 0.558302
vt 0.625045 0.549017
vt 0.626983 0.564538
vt 0.578945 0.573619
vt 0.553574 0.557802
vt 0.618838 0.551218
vt 0.630274 0.563567
vt 0.628371 0.548624
vt 0.629175 0.584870
vt 0.644017 0.623164
vt 0.627662 0.580941
vt 0.606612 0.594020
vt 0.643429 0.623550
vt 0.628863 0.586038
vt 0.593142 0.597592
vt 0.642382 0.623884
vt 0.604170 0.594788
vt 0.520464 0.434542
vt 0.519169 0.434651
vt 0.556284 0.550869
vt 0.589433 0.548125
vt 0.577658 0.575259
vt 0.602470 0.591115
vt 0.623588 0.583540
vt 0.589707 0.556044
vt 0.559869 0.558514
vt 0.571198 0.570374
vt 0.579003 0.577153
vt 0.588489 0.594594
vt 0.600185 0.591450
vt 0.573164 0.574766
vt 0.627174 0.568226
vt 0.623957 0.577470
vt 0.590998 0.593572
vt 0.581465 0.576872
vt 0.618786 0.552410
vt 0.629265 0.581001
vt 0.627090 0.576411
vt 0.630661 0.566658
vt 0.562466 0.424510
vt 0.563124 0.424302
vt 0.561373 0.423420
vt 0.543964 0.426252
vt 0.543954 0.427447
vt 0.545735 0.427231
vt 0.515606 0.429635
vt 0.516769 0.429625
vt 0.516708 0.428431
vt 0.527099 0.425665
vt 0.527395 0.426692
vt 0.526346 0.426877
vt 0.555294 0.423910
vt 0.554232 0.423968
vt 0.553919 0.422912
vt 0.556088 0.556162
vt 0.557177 0.557988
vt 0.558562 0.558150
vt 0.557158 0.556073
vt 0.548087 0.555484
vt 0.549745 0.557425
vt 0.548406 0.557573
vt 0.546939 0.555636
vt 0.627930 0.545749
vt 0.628525 0.548014
vt 0.627571 0.547867
vt 0.626799 0.545829
vt 0.604755 0.593345
vt 0.602618 0.591872
vt 0.601615 0.592112
vt 0.603358 0.593776
vt 0.591259 0.596816
vt 0.588848 0.595493
vt 0.589702 0.594907
vt 0.590235 0.595825
vt 0.519033 0.428238
vt 0.518304 0.429499
vt 0.520661 0.429289
vt 0.570255 0.572077
vt 0.572150 0.573827
vt 0.575362 0.574415
vt 0.573867 0.572169
vt 0.571114 0.571263
vt 0.577486 0.574774
vt 0.579226 0.576604
vt 0.578418 0.576448
vt 0.576429 0.574909
vt 0.630620 0.564467
vt 0.630953 0.566387
vt 0.629110 0.567162
vt 0.629700 0.564897
vt 0.591339 0.555445
vt 0.595747 0.555160
vt 0.595624 0.552916
vt 0.593245 0.553093
vt 0.628703 0.583815
vt 0.629367 0.582123
vt 0.627787 0.581969
vt 0.625706 0.583527
vt 0.628975 0.584593
vt 0.561752 0.424610
vt 0.560656 0.423520
vt 0.544669 0.426119
vt 0.546446 0.427099
vt 0.547717 0.430557
vt 0.545928 0.430778
vt 0.614068 0.544395
vt 0.542938 0.427515
vt 0.542951 0.426315
vt 0.520041 0.428148
vt 0.521671 0.429190
vt 0.518372 0.434715
vt 0.517093 0.434729
vt 0.554511 0.551016
vt 0.555486 0.550934
vt 0.515898 0.429512
vt 0.517117 0.428308
vt 0.526655 0.425759
vt 0.526002 0.426979
vt 0.527261 0.432060
vt 0.528193 0.431864
vt 0.547205 0.550256
vt 0.545952 0.550405
vt 0.528473 0.426556
vt 0.528194 0.425531
vt 0.552815 0.423007
vt 0.553141 0.424070
vt 0.557173 0.428873
vt 0.558123 0.428842
vt 0.625046 0.540771
vt 0.623855 0.540863
vt 0.555513 0.423944
vt 0.554236 0.422913
vt 0.561060 0.423383
vt 0.562900 0.424244
vt 0.614892 0.544265
vt 0.564727 0.427683
vt 0.563983 0.427911
vt 0.559118 0.558775
vt 0.557757 0.558588
vt 0.569574 0.571463
vt 0.570448 0.570635
vt 0.549567 0.558368
vt 0.550921 0.558204
vt 0.576298 0.574004
vt 0.575254 0.574126
vt 0.627686 0.548617
vt 0.628637 0.548770
vt 0.630537 0.563713
vt 0.629620 0.564150
vt 0.558579 0.555962
vt 0.559982 0.558041
vt 0.589822 0.555569
vt 0.591728 0.553217
vt 0.547148 0.555660
vt 0.548694 0.557621
vt 0.556787 0.557946
vt 0.555769 0.556136
vt 0.623614 0.546208
vt 0.624401 0.548244
vt 0.552924 0.557042
vt 0.551278 0.555096
vt 0.618762 0.550720
vt 0.628298 0.548124
vt 0.627753 0.545844
vt 0.627575 0.581051
vt 0.629176 0.581202
vt 0.618247 0.552697
vt 0.629207 0.585009
vt 0.629500 0.585783
vt 0.644069 0.623301
vt 0.605927 0.594262
vt 0.604529 0.594694
vt 0.642747 0.623799
vt 0.592793 0.597645
vt 0.591769 0.596653
vt 0.642036 0.623944
vt 0.603612 0.591522
vt 0.605750 0.592992
vt 0.628001 0.585010
vt 0.624730 0.583947
vt 0.589299 0.595446
vt 0.591784 0.596724
vt 0.602811 0.593920
vt 0.601103 0.592209
vt 0.624110 0.578089
vt 0.624144 0.580678
vt 0.591681 0.595129
vt 0.591140 0.594220
vt 0.629416 0.581923
vt 0.628717 0.583618
vt 0.627223 0.579687
vt 0.627154 0.577319
vt 0.518172 0.429493
vt 0.518904 0.428239
vt 0.516818 0.428412
vt 0.516879 0.429601
vt 0.576593 0.575246
vt 0.573348 0.574696
vt 0.600438 0.591289
vt 0.601406 0.591100
vt 0.578975 0.577224
vt 0.579728 0.577413
vt 0.589244 0.594128
vt 0.588324 0.594750
vt 0.628949 0.567684
vt 0.630852 0.566901
vt 0.627157 0.576630
vt 0.625743 0.576888
vt 0.596365 0.552824
vt 0.596490 0.555089
vt 0.616896 0.551128
vt 0.523678 0.434260
vt 0.521315 0.434472
vt 0.590284 0.548054
vt 0.592664 0.547876
vt 0.576129 0.572575
vt 0.577615 0.574841
vt 0.623546 0.583120
vt 0.625623 0.581563
vt 0.594870 0.555930
vt 0.590459 0.556195
vt 0.571950 0.570527
vt 0.574711 0.571415
vt 0.576153 0.574777
vt 0.578188 0.576300
vt 0.572252 0.573995
vt 0.570375 0.572220
vt 0.627600 0.565315
vt 0.627004 0.567592
vt 0.581312 0.576212
vt 0.579567 0.574380
vt 0.618903 0.551707
vt 0.630726 0.565986
vt 0.630335 0.564056
vt 0.642949 0.623498
vt 0.592680 0.596206
vt 0.625143 0.581757
vt 0.625629 0.580000
vt 0.625592 0.577429
vt 0.627081 0.577163
vt 0.627080 0.579517
vt 0.643924 0.623052
vt 0.626126 0.581322
vt 0.627575 0.580842
vt 0.412687 0.187864
vt 0.409271 0.152570
vt 0.449048 0.090028
vt 0.408413 0.187566
vt 0.447181 0.082563
vt 0.375656 0.084754
vt 0.344712 0.152539
vt 0.417088 0.111226
vt 0.356833 0.091913
vt 0.376359 0.081244
vt 0.446871 0.078892
vt 0.415579 0.115399
vt 0.404570 0.146036
vt 0.358977 0.097461
vt 0.402579 0.155753
vt 0.405922 0.190071
vt 0.347019 0.157449
vt 0.295116 0.082255
vt 0.206691 0.114815
vt 0.267134 0.135799
vt 0.339632 0.091648
vt 0.215905 0.110693
vt 0.301406 0.079215
vt 0.347231 0.144550
vt 0.214283 0.115776
vt 0.343184 0.095939
vt 0.270868 0.139425
vt 0.213969 0.119673
vt 0.338198 0.146564
vt 0.305514 0.081027
vt 0.276320 0.137036
vt 0.334348 0.149829
vt 0.364586 0.083581
vt 0.347311 0.089823
vt 0.310403 0.077824
vt 0.364867 0.080192
vt 0.399649 0.149539
vt 0.357726 0.146470
vt 0.353940 0.100832
vt 0.338330 0.154390
vt 0.282150 0.141670
vt 0.352419 0.149481
vt 0.395924 0.152304
vt 0.409915 0.147343
vt 0.421428 0.115223
vt 0.450167 0.084043
vt 0.409672 0.192793
vt 0.407886 0.192025
vt 0.411571 0.191760
vt 0.451278 0.085014
vt 0.452117 0.081265
vt 0.451052 0.078091
vt 0.451786 0.078880
vt 0.404150 0.154466
vt 0.400932 0.152482
vt 0.402399 0.151091
vt 0.405512 0.148600
vt 0.408125 0.150235
vt 0.407762 0.153225
vt 0.420777 0.115133
vt 0.417659 0.114981
vt 0.418668 0.113113
vt 0.209502 0.112414
vt 0.206607 0.115504
vt 0.208471 0.118084
vt 0.202635 0.115167
vt 0.298876 0.079646
vt 0.304163 0.078264
vt 0.307399 0.077482
vt 0.302818 0.077974
vt 0.270681 0.139765
vt 0.276535 0.140871
vt 0.272466 0.139164
vt 0.268391 0.138080
vt 0.353140 0.149355
vt 0.344349 0.147577
vt 0.351202 0.146881
vt 0.356188 0.147719
vt 0.374094 0.080429
vt 0.367276 0.080034
vt 0.368649 0.081002
vt 0.373814 0.081057
vt 0.352314 0.097736
vt 0.347067 0.093925
vt 0.344789 0.091627
vt 0.348051 0.090700
vt 0.352899 0.092134
vt 0.355542 0.095377
vt 0.340346 0.154775
vt 0.335886 0.153184
vt 0.338107 0.154818
vt 0.343358 0.156413
vt 0.411460 0.190223
vt 0.407730 0.190495
vt 0.404395 0.156170
vt 0.408010 0.154927
vt 0.408785 0.148673
vt 0.406177 0.147039
vt 0.417172 0.116410
vt 0.420342 0.116558
vt 0.422148 0.113732
vt 0.419995 0.111713
vt 0.449793 0.079362
vt 0.450860 0.082549
vt 0.449649 0.089522
vt 0.450078 0.083398
vt 0.411435 0.188378
vt 0.413318 0.187360
vt 0.448614 0.078786
vt 0.447963 0.077976
vt 0.377419 0.080376
vt 0.377258 0.080963
vt 0.205148 0.116162
vt 0.211010 0.119092
vt 0.267909 0.138842
vt 0.265610 0.137147
vt 0.416047 0.112278
vt 0.415029 0.114148
vt 0.358439 0.096202
vt 0.355803 0.092951
vt 0.294867 0.081078
vt 0.298823 0.079398
vt 0.213323 0.110877
vt 0.206423 0.113637
vt 0.275191 0.139765
vt 0.279248 0.141438
vt 0.335405 0.154225
vt 0.333169 0.152560
vt 0.338934 0.092401
vt 0.341220 0.094699
vt 0.212327 0.114536
vt 0.215207 0.111439
vt 0.345320 0.145613
vt 0.338455 0.146319
vt 0.214224 0.119431
vt 0.212380 0.116838
vt 0.302739 0.080700
vt 0.297464 0.082081
vt 0.269482 0.135625
vt 0.273597 0.136707
vt 0.346091 0.089967
vt 0.342835 0.090884
vt 0.304609 0.078443
vt 0.309192 0.077952
vt 0.356242 0.145619
vt 0.351256 0.144780
vt 0.347210 0.096168
vt 0.352429 0.099982
vt 0.279679 0.141234
vt 0.273806 0.140174
vt 0.341139 0.147312
vt 0.349923 0.149122
vt 0.365940 0.080885
vt 0.364551 0.079908
vt 0.310085 0.077541
vt 0.306821 0.078332
vt 0.400266 0.150972
vt 0.398804 0.152301
vt 0.355286 0.149581
vt 0.358354 0.147903
vt 0.343153 0.156326
vt 0.346235 0.157952
vt 0.405128 0.190583
vt 0.406975 0.191329
vt 0.372604 0.084000
vt 0.367363 0.083950
vt 0.337079 0.150199
vt 0.341494 0.151801
vt 0.353743 0.091497
vt 0.348883 0.090079
vt 0.366450 0.080432
vt 0.373241 0.080872
vt 0.403453 0.146326
vt 0.400337 0.148817
vt 0.354612 0.100111
vt 0.357857 0.097751
vt 0.345933 0.156401
vt 0.340673 0.154837
vt 0.398277 0.152658
vt 0.401491 0.154706
vt 0.409775 0.150494
vt 0.410134 0.147503
vt 0.450402 0.084205
vt 0.449557 0.087952
vt 0.395225 0.197201
vt 0.323055 0.039768
vt 0.416189 0.039768
vt 0.400999 0.197894
vt 0.422084 0.039788
vt 0.464915 0.039788
vt 0.396725 0.198326
vt 0.460796 0.039800
vt 0.318430 0.039800
vt 0.390877 0.197622
vt 0.312922 0.039780
vt 0.318504 0.039780
vt 0.321574 0.035205
vt 0.315991 0.035205
vt 0.317402 0.035205
vt 0.459768 0.035205
vt 0.460899 0.035205
vt 0.418068 0.035205
vt 0.416267 0.035205
vt 0.323134 0.035205
vt 0.396724 0.206375
vt 0.398405 0.207049
vt 0.397119 0.207468
vt 0.395368 0.206784
vt 0.393516 0.199492
vt 0.392136 0.199903
vt 0.319779 0.042059
vt 0.321338 0.042059
vt 0.418660 0.042065
vt 0.420461 0.042065
vt 0.399388 0.200171
vt 0.397704 0.199497
vt 0.465177 0.042089
vt 0.464047 0.042089
vt 0.399970 0.200616
vt 0.401273 0.200195
vt 0.315369 0.042083
vt 0.313958 0.042083
vt 0.391899 0.199927
vt 0.393659 0.200610
vt 0.259434 0.097637
vt 0.281340 0.104553
vt 0.331361 0.091662
vt 0.379421 0.046230
vt 0.338113 0.034948
vt 0.363423 0.026934
vt 0.295219 0.085486
vt 0.258453 0.095670
vt 0.337344 0.032963
vt 0.390090 0.034840
vt 0.339397 0.095696
vt 0.301352 0.085713
vt 0.369492 0.027312
vt 0.384985 0.045896
vt 0.336860 0.091648
vt 0.325284 0.106895
vt 0.341403 0.097735
vt 0.391862 0.037455
vt 0.391873 0.032611
vt 0.371275 0.025082
vt 0.368124 0.024755
vt 0.342046 0.030783
vt 0.342468 0.031589
vt 0.383775 0.042872
vt 0.386289 0.042464
vt 0.393165 0.034022
vt 0.127721 0.291809
vt 0.097466 0.286040
vt 0.166094 0.266747
vt 0.124470 0.244801
vt 0.096251 0.285410
vt 0.124968 0.290790
vt 0.135586 0.243005
vt 0.096575 0.283959
vt 0.126126 0.239490
vt 0.097845 0.284641
vt 0.138881 0.245024
vt 0.169150 0.262377
vt 0.147368 0.188098
vt 0.202894 0.217191
vt 0.231900 0.188482
vt 0.165493 0.173450
vt 0.154542 0.216846
vt 0.144515 0.187043
vt 0.163699 0.172126
vt 0.210737 0.157915
vt 0.274937 0.170797
vt 0.219608 0.226039
vt 0.160625 0.218682
vt 0.218323 0.158719
vt 0.238801 0.189425
vt 0.208607 0.218851
vt 0.223109 0.226723
vt 0.277192 0.172468
vt 0.130654 0.235880
vt 0.130852 0.285629
vt 0.197438 0.223127
vt 0.142419 0.194527
vt 0.139095 0.237461
vt 0.129223 0.233724
vt 0.140192 0.195335
vt 0.149444 0.222932
vt 0.212724 0.232262
vt 0.176516 0.258123
vt 0.144420 0.239858
vt 0.154816 0.224952
vt 0.201253 0.225790
vt 0.134986 0.288457
vt 0.176812 0.260985
vt 0.215484 0.233516
vt 0.272298 0.112642
vt 0.250002 0.105653
vt 0.173090 0.166908
vt 0.239073 0.181814
vt 0.278527 0.142832
vt 0.286025 0.093364
vt 0.219039 0.150719
vt 0.171334 0.165061
vt 0.248373 0.103674
vt 0.332171 0.103469
vt 0.282561 0.162956
vt 0.226252 0.150815
vt 0.293085 0.093508
vt 0.285126 0.143003
vt 0.245702 0.181938
vt 0.284687 0.164841
vt 0.334029 0.105575
vt 0.317363 0.115154
vt 0.125439 0.241929
vt 0.128813 0.236118
vt 0.128250 0.234956
vt 0.126758 0.238073
vt 0.137176 0.241846
vt 0.139081 0.238952
vt 0.141795 0.240035
vt 0.139202 0.243184
vt 0.172217 0.262241
vt 0.176636 0.260004
vt 0.176132 0.261795
vt 0.169551 0.265209
vt 0.127554 0.292619
vt 0.130682 0.291615
vt 0.129091 0.290179
vt 0.126016 0.292229
vt 0.163433 0.171054
vt 0.163743 0.171712
vt 0.166886 0.169157
vt 0.166043 0.168411
vt 0.217983 0.152800
vt 0.221010 0.152938
vt 0.218292 0.155572
vt 0.214707 0.155574
vt 0.282418 0.166172
vt 0.283755 0.166904
vt 0.280777 0.169750
vt 0.280006 0.168744
vt 0.236048 0.188082
vt 0.238950 0.188221
vt 0.241334 0.185514
vt 0.238768 0.185401
vt 0.202980 0.223321
vt 0.205950 0.220408
vt 0.204238 0.219552
vt 0.201707 0.222050
vt 0.141755 0.190926
vt 0.143779 0.187937
vt 0.142409 0.187548
vt 0.140397 0.192729
vt 0.150537 0.222890
vt 0.153324 0.219914
vt 0.155407 0.220944
vt 0.153298 0.223595
vt 0.216481 0.231585
vt 0.219665 0.228981
vt 0.221681 0.229001
vt 0.218439 0.231768
vt 0.253535 0.098897
vt 0.250048 0.101466
vt 0.250765 0.102343
vt 0.254170 0.099684
vt 0.296854 0.087971
vt 0.293912 0.090421
vt 0.291038 0.090236
vt 0.293639 0.087794
vt 0.339968 0.099703
vt 0.337610 0.102249
vt 0.336542 0.101297
vt 0.338441 0.098867
vt 0.306406 0.117984
vt 0.306304 0.119434
vt 0.308963 0.118027
vt 0.309065 0.116578
vt 0.336424 0.034156
vt 0.336002 0.033350
vt 0.257133 0.096064
vt 0.257800 0.096832
vt 0.364928 0.026592
vt 0.368078 0.026920
vt 0.299961 0.085306
vt 0.296697 0.085136
vt 0.391426 0.035270
vt 0.392718 0.036682
vt 0.342305 0.096966
vt 0.340712 0.096137
vt 0.132050 0.287410
vt 0.133758 0.288840
vt 0.199930 0.226149
vt 0.198745 0.224873
vt 0.126564 0.292521
vt 0.125025 0.292134
vt 0.096449 0.286718
vt 0.124494 0.243356
vt 0.125813 0.239500
vt 0.096122 0.284006
vt 0.135921 0.243145
vt 0.137944 0.244482
vt 0.097066 0.284058
vt 0.128938 0.238276
vt 0.125436 0.244119
vt 0.125933 0.290108
vt 0.128945 0.288076
vt 0.138537 0.238742
vt 0.136655 0.241636
vt 0.127193 0.238122
vt 0.128705 0.235004
vt 0.175364 0.259114
vt 0.170929 0.261363
vt 0.140660 0.244010
vt 0.143251 0.240877
vt 0.132546 0.290525
vt 0.129365 0.291513
vt 0.167738 0.266456
vt 0.174252 0.263022
vt 0.098500 0.285268
vt 0.169948 0.262966
vt 0.167284 0.265935
vt 0.162818 0.172465
vt 0.162599 0.171824
vt 0.143200 0.186714
vt 0.144675 0.187118
vt 0.212031 0.158274
vt 0.215688 0.158285
vt 0.157992 0.218226
vt 0.155975 0.217209
vt 0.277503 0.171233
vt 0.278247 0.172245
vt 0.224240 0.226508
vt 0.222185 0.226493
vt 0.306184 0.119558
vt 0.283614 0.141039
vt 0.244140 0.180025
vt 0.246700 0.180131
vt 0.286150 0.141200
vt 0.169794 0.169838
vt 0.166657 0.172390
vt 0.233043 0.187429
vt 0.235750 0.184748
vt 0.215760 0.153412
vt 0.212434 0.156190
vt 0.165570 0.170417
vt 0.168089 0.167763
vt 0.279898 0.165616
vt 0.277498 0.168171
vt 0.220894 0.156112
vt 0.223629 0.153458
vt 0.243109 0.184776
vt 0.240800 0.187492
vt 0.279106 0.170525
vt 0.282143 0.167685
vt 0.205652 0.218169
vt 0.207295 0.219018
vt 0.237601 0.189608
vt 0.234642 0.189466
vt 0.141091 0.192866
vt 0.139798 0.194640
vt 0.128869 0.233028
vt 0.129539 0.234158
vt 0.149994 0.223652
vt 0.152755 0.224344
vt 0.142341 0.239279
vt 0.139609 0.238181
vt 0.214694 0.232873
vt 0.216731 0.233062
vt 0.177932 0.260494
vt 0.178517 0.258710
vt 0.146239 0.189162
vt 0.144134 0.192179
vt 0.199284 0.220734
vt 0.201778 0.218250
vt 0.152868 0.218630
vt 0.150027 0.221605
vt 0.140739 0.194008
vt 0.142660 0.188813
vt 0.217039 0.228666
vt 0.213834 0.231274
vt 0.155959 0.223938
vt 0.158056 0.221290
vt 0.206578 0.220785
vt 0.203628 0.223696
vt 0.217960 0.231451
vt 0.221184 0.228670
vt 0.247256 0.105124
vt 0.246533 0.104241
vt 0.169526 0.165635
vt 0.170363 0.166377
vt 0.288032 0.092842
vt 0.290861 0.093033
vt 0.224069 0.150319
vt 0.221002 0.150184
vt 0.334318 0.103978
vt 0.335336 0.104936
vt 0.286048 0.164207
vt 0.284666 0.163481
vt 0.309184 0.116454
vt 0.309185 0.116454
vt 0.333109 0.094891
vt 0.381234 0.049138
vt 0.378720 0.049546
vt 0.330661 0.094977
vt 0.304067 0.117281
vt 0.278180 0.107290
vt 0.256329 0.100361
vt 0.252858 0.103034
vt 0.275165 0.110021
vt 0.291862 0.088222
vt 0.289311 0.090681
vt 0.251618 0.100979
vt 0.255146 0.098422
vt 0.336687 0.098406
vt 0.334828 0.100815
vt 0.295700 0.090875
vt 0.298686 0.088397
vt 0.310187 0.117393
vt 0.319731 0.112593
vt 0.336367 0.103011
vt 0.338800 0.100471
vt 0.322637 0.109627
vt 0.330450 0.094355
vt 0.280429 0.107246
vt 0.306315 0.117237
vt 0.308973 0.115831
vt 0.282500 0.141285
vt 0.305069 0.119804
vt 0.305172 0.118355
vt 0.276270 0.111095
vt 0.286038 0.141505
vt 0.318274 0.113656
vt 0.308730 0.118456
vt 0.306072 0.119863
vt 0.322319 0.109562
vt 0.333895 0.094316
vt 0.309971 0.115879
vt 0.309869 0.117328
vt 0.442466 0.017173
vt 0.496076 0.184741
vt 0.573527 0.174781
vt 0.487436 0.018584
vt 0.457498 0.017781
vt 0.463117 0.188541
vt 0.491566 0.185398
vt 0.438579 0.017529
vt 0.484725 0.018650
vt 0.550387 0.178838
vt 0.466299 0.188189
vt 0.461400 0.018186
vt 0.491568 0.018461
vt 0.576552 0.174448
vt 0.555014 0.178166
vt 0.488840 0.018669
vt 0.460021 0.016015
vt 0.445457 0.015526
vt 0.486315 0.016430
vt 0.484288 0.016526
vt 0.576186 0.178654
vt 0.546004 0.215303
vt 0.555504 0.182060
vt 0.499721 0.188039
vt 0.572646 0.178958
vt 0.468480 0.191616
vt 0.493053 0.188821
vt 0.470728 0.191399
vt 0.550660 0.182513
s 1
usemtl Standard_20
f 33/1/1 124/2/2 137/3/3
f 43/4/4 128/5/5 147/6/6
f 41/7/7 132/8/8 151/9/9
f 39/10/10 160/11/11 155/12/12
f 53/13/13 2/14/14 108/15/15
f 77/16/16 4/17/17 52/18/18
f 89/19/19 6/20/20 76/21/21
f 65/22/22 8/23/23 88/24/24
f 12/25/25 120/26/26 29/27/27
f 98/28/28 116/29/29 142/30/30
f 142/30/30 163/31/31 98/28/28
f 10/32/32 64/33/33 45/34/34
f 109/35/35 19/36/36 136/37/37
f 136/37/37 167/38/38 109/35/35
f 13/39/39 50/40/40 55/41/41
f 55/41/41 57/42/42 13/39/39
f 17/43/43 62/44/44 67/45/45
f 67/45/45 69/46/46 17/43/43
f 21/47/47 74/48/48 79/49/49
f 79/49/49 83/50/50 21/47/47
f 26/51/51 86/52/52 91/53/53
f 91/53/53 95/54/54 26/51/51
f 31/55/55 100/56/56 102/57/57
f 102/57/57 106/58/58 31/55/55
f 47/59/59 111/60/60 114/61/61
f 114/61/61 118/62/62 47/59/59
f 44/63/63 146/64/64 121/65/65
f 9/66/66 68/67/67 61/68/68
f 42/69/69 150/70/70 125/71/71
f 40/72/72 154/73/73 129/74/74
f 56/75/75 49/76/76 3/77/77
f 72/78/78 158/79/79 133/80/80
f 133/80/80 18/81/81 72/78/78
f 80/82/82 73/83/83 5/84/84
f 92/85/85 85/86/86 7/87/87
f 58/88/88 54/89/89 107/90/90
f 107/90/90 101/91/91 58/88/88
f 84/92/92 78/93/93 51/94/94
f 51/94/94 16/95/95 84/92/92
f 96/96/96 90/97/97 75/98/98
f 75/98/98 24/99/99 96/96/96
f 70/100/100 66/101/101 87/102/102
f 87/102/102 25/103/103 70/100/100
f 97/104/104 30/105/105 119/106/106
f 119/106/106 113/107/107 97/104/104
f 1/108/108 32/109/109 105/110/110
f 99/111/111 162/112/112 139/113/113
f 139/113/113 103/114/114 99/111/111
f 112/115/115 46/116/116 63/117/117
f 63/117/117 20/118/118 112/115/115
f 11/119/119 48/120/120 117/121/121
f 110/122/122 166/123/123 143/124/124
f 143/124/124 115/125/125 110/122/122
f 104/126/126 138/127/127 123/128/128
f 123/128/128 59/129/129 104/126/126
f 15/130/130 148/131/131 127/132/132
f 127/132/132 81/133/133 15/130/130
f 23/134/134 152/135/135 131/136/136
f 131/136/136 93/137/137 23/134/134
f 71/138/138 28/139/139 156/140/140
f 156/140/140 159/141/141 71/138/138
f 141/142/142 35/143/143 164/144/144
f 135/145/145 37/146/146 168/147/147
f 14/148/148 60/149/149 122/150/150
f 122/150/150 145/151/151 14/148/148
f 22/152/152 82/153/153 126/154/154
f 126/154/154 149/155/155 22/152/152
f 27/156/156 94/157/157 130/158/158
f 130/158/158 153/159/159 27/156/156
f 157/160/160 38/161/161 134/162/162
f 161/163/163 34/164/164 140/165/165
f 165/166/166 36/167/167 144/168/168
f 1/108/108 12/25/25 29/27/27
f 29/27/27 32/109/109 1/108/108
f 2/14/14 1/108/108 105/110/110
f 105/110/110 108/15/15 2/14/14
f 3/77/77 2/14/14 53/13/13
f 53/13/13 56/75/75 3/77/77
f 4/17/17 3/77/77 49/76/76
f 49/76/76 52/18/18 4/17/17
f 5/84/84 4/17/17 77/16/16
f 77/16/16 80/82/82 5/84/84
f 6/20/20 5/84/84 73/83/83
f 73/83/83 76/21/21 6/20/20
f 7/87/87 6/20/20 89/19/19
f 89/19/19 92/85/85 7/87/87
f 8/23/23 7/87/87 85/86/86
f 85/86/86 88/24/24 8/23/23
f 9/66/66 8/23/23 65/22/22
f 65/22/22 68/67/67 9/66/66
f 10/32/32 9/66/66 61/68/68
f 61/68/68 64/33/33 10/32/32
f 11/119/119 10/32/32 45/34/34
f 45/34/34 48/120/120 11/119/119
f 12/25/25 11/119/119 117/121/121
f 117/121/121 120/26/26 12/25/25
f 4/17/17 5/84/84 6/20/20
f 8/23/23 9/66/66 10/32/32
f 8/23/23 10/32/32 11/119/119
f 8/23/23 11/119/119 12/25/25
f 7/87/87 8/23/23 12/25/25
f 7/87/87 12/25/25 1/108/108
f 7/87/87 1/108/108 2/14/14
f 7/87/87 2/14/14 3/77/77
f 6/20/20 7/87/87 3/77/77
f 4/17/17 6/20/20 3/77/77
f 13/39/39 16/95/95 51/94/94
f 51/94/94 50/40/40 13/39/39
f 14/148/148 13/39/39 57/42/42
f 57/42/42 60/149/149 14/148/148
f 15/130/130 14/148/148 145/151/151
f 145/151/151 148/131/131 15/130/130
f 16/95/95 15/130/130 81/133/133
f 81/133/133 84/92/92 16/95/95
f 13/39/39 14/148/148 15/130/130
f 15/130/130 16/95/95 13/39/39
f 17/43/43 20/118/118 63/117/117
f 63/117/117 62/44/44 17/43/43
f 18/81/81 17/43/43 69/46/46
f 69/46/46 72/78/78 18/81/81
f 19/36/36 18/81/81 133/80/80
f 133/80/80 136/37/37 19/36/36
f 20/118/118 19/36/36 109/35/35
f 109/35/35 112/115/115 20/118/118
f 17/43/43 18/81/81 19/36/36
f 19/36/36 20/118/118 17/43/43
f 21/47/47 24/99/99 75/98/98
f 75/98/98 74/48/48 21/47/47
f 22/152/152 21/47/47 83/50/50
f 83/50/50 82/153/153 22/152/152
f 23/134/134 22/152/152 149/155/155
f 149/155/155 152/135/135 23/134/134
f 24/99/99 23/134/134 93/137/137
f 93/137/137 96/96/96 24/99/99
f 21/47/47 22/152/152 23/134/134
f 23/134/134 24/99/99 21/47/47
f 25/103/103 28/139/139 71/138/138
f 71/138/138 70/100/100 25/103/103
f 26/51/51 25/103/103 87/102/102
f 87/102/102 86/52/52 26/51/51
f 27/156/156 26/51/51 95/54/54
f 95/54/54 94/157/157 27/156/156
f 28/139/139 27/156/156 153/159/159
f 153/159/159 156/140/140 28/139/139
f 26/51/51 27/156/156 28/139/139
f 28/139/139 25/103/103 26/51/51
f 30/105/105 29/27/27 120/26/26
f 120/26/26 119/106/106 30/105/105
f 31/55/55 30/105/105 97/104/104
f 97/104/104 100/56/56 31/55/55
f 32/109/109 31/55/55 106/58/58
f 106/58/58 105/110/110 32/109/109
f 31/55/55 32/109/109 29/27/27
f 29/27/27 30/105/105 31/55/55
f 33/1/1 44/63/63 121/65/65
f 121/65/65 124/2/2 33/1/1
f 34/164/164 33/1/1 137/3/3
f 137/3/3 140/165/165 34/164/164
f 35/143/143 34/164/164 161/163/163
f 161/163/163 164/144/144 35/143/143
f 36/167/167 35/143/143 141/142/142
f 141/142/142 144/168/168 36/167/167
f 37/146/146 36/167/167 165/166/166
f 165/166/166 168/147/147 37/146/146
f 38/161/161 37/146/146 135/145/145
f 135/145/145 134/162/162 38/161/161
f 39/10/10 38/161/161 157/160/160
f 157/160/160 160/11/11 39/10/10
f 40/72/72 39/10/10 155/12/12
f 155/12/12 154/73/73 40/72/72
f 41/7/7 40/72/72 129/74/74
f 129/74/74 132/8/8 41/7/7
f 42/69/69 41/7/7 151/9/9
f 151/9/9 150/70/70 42/69/69
f 43/4/4 42/69/69 125/71/71
f 125/71/71 128/5/5 43/4/4
f 44/63/63 43/4/4 147/6/6
f 147/6/6 146/64/64 44/63/63
f 43/4/4 44/63/63 33/1/1
f 43/4/4 33/1/1 34/164/164
f 43/4/4 34/164/164 35/143/143
f 43/4/4 35/143/143 36/167/167
f 43/4/4 36/167/167 37/146/146
f 39/10/10 40/72/72 41/7/7
f 39/10/10 41/7/7 42/69/69
f 38/161/161 39/10/10 42/69/69
f 37/146/146 38/161/161 42/69/69
f 43/4/4 37/146/146 42/69/69
f 46/116/116 45/34/34 64/33/33
f 64/33/33 63/117/117 46/116/116
f 47/59/59 46/116/116 112/115/115
f 112/115/115 111/60/60 47/59/59
f 48/120/120 47/59/59 118/62/62
f 118/62/62 117/121/121 48/120/120
f 47/59/59 48/120/120 45/34/34
f 45/34/34 46/116/116 47/59/59
f 50/40/40 49/76/76 56/75/75
f 56/75/75 55/41/41 50/40/40
f 52/18/18 51/94/94 78/93/93
f 78/93/93 77/16/16 52/18/18
f 50/40/40 51/94/94 52/18/18
f 52/18/18 49/76/76 50/40/40
f 54/89/89 53/13/13 108/15/15
f 108/15/15 107/90/90 54/89/89
f 55/41/41 54/89/89 58/88/88
f 58/88/88 57/42/42 55/41/41
f 55/41/41 56/75/75 53/13/13
f 53/13/13 54/89/89 55/41/41
f 59/129/129 58/88/88 101/91/91
f 101/91/91 104/126/126 59/129/129
f 60/149/149 59/129/129 123/128/128
f 123/128/128 122/150/150 60/149/149
f 57/42/42 58/88/88 59/129/129
f 59/129/129 60/149/149 57/42/42
f 62/44/44 61/68/68 68/67/67
f 68/67/67 67/45/45 62/44/44
f 62/44/44 63/117/117 64/33/33
f 64/33/33 61/68/68 62/44/44
f 66/101/101 65/22/22 88/24/24
f 88/24/24 87/102/102 66/101/101
f 67/45/45 66/101/101 70/100/100
f 70/100/100 69/46/46 67/45/45
f 67/45/45 68/67/67 65/22/22
f 65/22/22 66/101/101 67/45/45
f 72/78/78 71/138/138 159/141/141
f 159/141/141 158/79/79 72/78/78
f 69/46/46 70/100/100 71/138/138
f 71/138/138 72/78/78 69/46/46
f 74/48/48 73/83/83 80/82/82
f 80/82/82 79/49/49 74/48/48
f 76/21/21 75/98/98 90/97/97
f 90/97/97 89/19/19 76/21/21
f 74/48/48 75/98/98 76/21/21
f 76/21/21 73/83/83 74/48/48
f 79/49/49 78/93/93 84/92/92
f 84/92/92 83/50/50 79/49/49
f 79/49/49 80/82/82 77/16/16
f 77/16/16 78/93/93 79/49/49
f 82/153/153 81/133/133 127/132/132
f 127/132/132 126/154/154 82/153/153
f 83/50/50 84/92/92 81/133/133
f 81/133/133 82/153/153 83/50/50
f 86/52/52 85/86/86 92/85/85
f 92/85/85 91/53/53 86/52/52
f 86/52/52 87/102/102 88/24/24
f 88/24/24 85/86/86 86/52/52
f 91/53/53 90/97/97 96/96/96
f 96/96/96 95/54/54 91/53/53
f 91/53/53 92/85/85 89/19/19
f 89/19/19 90/97/97 91/53/53
f 94/157/157 93/137/137 131/136/136
f 131/136/136 130/158/158 94/157/157
f 95/54/54 96/96/96 93/137/137
f 93/137/137 94/157/157 95/54/54
f 98/28/28 97/104/104 113/107/107
f 113/107/107 116/29/29 98/28/28
f 99/111/111 98/28/28 163/31/31
f 163/31/31 162/112/112 99/111/111
f 100/56/56 99/111/111 103/114/114
f 103/114/114 102/57/57 100/56/56
f 100/56/56 97/104/104 98/28/28
f 98/28/28 99/111/111 100/56/56
f 102/57/57 101/91/91 107/90/90
f 107/90/90 106/58/58 102/57/57
f 104/126/126 103/114/114 139/113/113
f 139/113/113 138/127/127 104/126/126
f 102/57/57 103/114/114 104/126/126
f 104/126/126 101/91/91 102/57/57
f 106/58/58 107/90/90 108/15/15
f 108/15/15 105/110/110 106/58/58
f 110/122/122 109/35/35 167/38/38
f 167/38/38 166/123/123 110/122/122
f 111/60/60 110/122/122 115/125/125
f 115/125/125 114/61/61 111/60/60
f 111/60/60 112/115/115 109/35/35
f 109/35/35 110/122/122 111/60/60
f 114/61/61 113/107/107 119/106/106
f 119/106/106 118/62/62 114/61/61
f 116/29/29 115/125/125 143/124/124
f 143/124/124 142/30/30 116/29/29
f 114/61/61 115/125/125 116/29/29
f 116/29/29 113/107/107 114/61/61
f 118/62/62 119/106/106 120/26/26
f 120/26/26 117/121/121 118/62/62
f 122/150/150 121/65/65 146/64/64
f 146/64/64 145/151/151 122/150/150
f 124/2/2 123/128/128 138/127/127
f 138/127/127 137/3/3 124/2/2
f 122/150/150 123/128/128 124/2/2
f 124/2/2 121/65/65 122/150/150
f 126/154/154 125/71/71 150/70/70
f 150/70/70 149/155/155 126/154/154
f 128/5/5 127/132/132 148/131/131
f 148/131/131 147/6/6 128/5/5
f 128/5/5 125/71/71 126/154/154
f 126/154/154 127/132/132 128/5/5
f 130/158/158 129/74/74 154/73/73
f 154/73/73 153/159/159 130/158/158
f 132/8/8 131/136/136 152/135/135
f 152/135/135 151/9/9 132/8/8
f 129/74/74 130/158/158 131/136/136
f 131/136/136 132/8/8 129/74/74
f 134/162/162 133/80/80 158/79/79
f 158/79/79 157/160/160 134/162/162
f 136/37/37 135/145/145 168/147/147
f 168/147/147 167/38/38 136/37/37
f 135/145/145 136/37/37 133/80/80
f 133/80/80 134/162/162 135/145/145
f 140/165/165 139/113/113 162/112/112
f 162/112/112 161/163/163 140/165/165
f 137/3/3 138/127/127 139/113/113
f 139/113/113 140/165/165 137/3/3
f 142/30/30 141/142/142 164/144/144
f 164/144/144 163/31/31 142/30/30
f 144/168/168 143/124/124 166/123/123
f 166/123/123 165/166/166 144/168/168
f 144/168/168 141/142/142 142/30/30
f 142/30/30 143/124/124 144/168/168
f 148/131/131 145/151/151 146/64/64
f 146/64/64 147/6/6 148/131/131
f 150/70/70 151/9/9 152/135/135
f 152/135/135 149/155/155 150/70/70
f 156/140/140 155/12/12 160/11/11
f 160/11/11 159/141/141 156/140/140
f 154/73/73 155/12/12 156/140/140
f 156/140/140 153/159/159 154/73/73
f 157/160/160 158/79/79 159/141/141
f 159/141/141 160/11/11 157/160/160
f 161/163/163 162/112/112 163/31/31
f 163/31/31 164/144/144 161/163/163
f 165/166/166 166/123/123 167/38/38
f 167/38/38 168/147/147 165/166/166
f 419/169/169 453/170/170 249/171/171
f 419/169/169 249/171/171 169/172/172
f 419/169/169 169/172/172 174/173/173
f 177/174/174 431/175/175 237/176/176
f 237/176/176 256/177/177 177/174/174
f 262/178/178 440/179/179 241/180/180
f 241/180/180 259/181/181 262/178/178
f 253/182/182 482/183/183 450/184/184
f 253/182/182 450/184/184 245/185/185
f 253/182/182 245/185/185 180/186/186
f 263/187/187 258/188/188 175/189/189
f 175/189/189 255/190/190 172/191/191
f 172/191/191 171/192/192 254/193/193
f 175/189/189 172/191/191 254/193/193
f 263/187/187 175/189/189 254/193/193
f 263/187/187 254/193/193 179/194/194
f 201/195/195 186/196/196 299/197/197
f 189/198/198 188/199/199 311/200/200
f 193/201/201 182/202/202 275/203/203
f 184/204/204 287/205/205 197/206/206
f 373/207/207 364/208/208 217/209/209
f 217/209/209 313/210/210 373/207/207
f 385/211/211 376/212/212 207/213/213
f 207/213/213 335/214/214 385/211/211
f 346/215/215 397/216/216 388/217/217
f 388/217/217 329/218/218 346/215/215
f 349/219/219 361/220/220 400/221/221
f 400/221/221 341/222/222 349/219/219
f 265/223/223 307/224/224 370/225/225
f 370/225/225 225/226/226 265/223/223
f 277/227/227 269/228/228 382/229/229
f 382/229/229 229/230/230 277/227/227
f 233/231/231 289/232/232 281/233/233
f 281/233/233 394/234/234 233/231/231
f 221/235/235 301/236/236 293/237/237
f 293/237/237 404/238/238 221/235/235
f 468/239/239 412/240/240 317/241/241
f 468/239/239 317/241/241 358/242/242
f 468/239/239 358/242/242 446/243/243
f 424/244/244 209/245/245 322/246/246
f 322/246/246 409/247/247 424/244/244
f 436/248/248 213/249/249 325/250/250
f 325/250/250 421/251/251 436/248/248
f 447/252/252 352/253/253 337/254/254
f 447/252/252 337/254/254 433/255/255
f 447/252/252 433/255/255 473/256/256
f 191/257/257 267/258/258 271/259/259
f 271/259/259 273/260/260 191/257/257
f 195/261/261 279/262/262 283/263/263
f 283/263/263 285/264/264 195/261/261
f 199/265/265 291/266/266 295/267/267
f 295/267/267 297/268/268 199/265/265
f 203/269/269 303/270/270 305/271/271
f 305/271/271 309/272/272 203/269/269
f 205/273/273 315/274/274 319/275/275
f 319/275/275 320/276/276 205/273/273
f 211/277/277 327/278/278 331/279/279
f 331/279/279 333/280/280 211/277/277
f 215/281/281 339/282/282 343/283/283
f 343/283/283 344/284/284 215/281/281
f 219/285/285 351/286/286 354/287/287
f 354/287/287 356/288/288 219/285/285
f 223/289/289 363/290/290 366/291/291
f 366/291/291 368/292/292 223/289/289
f 227/293/293 375/294/294 378/295/295
f 378/295/295 380/296/296 227/293/293
f 231/297/297 387/298/298 390/299/299
f 390/299/299 392/300/300 231/297/297
f 235/301/301 399/302/302 402/303/303
f 402/303/303 406/304/304 235/301/301
f 239/305/305 411/306/306 414/307/307
f 414/307/307 417/308/308 239/305/305
f 243/309/309 423/310/310 426/311/311
f 426/311/311 429/312/312 243/309/309
f 247/313/313 435/314/314 438/315/315
f 438/315/315 442/316/316 247/313/313
f 457/317/317 467/317/318 463/318/319
f 463/318/319 478/318/320 475/319/321
f 457/317/317 463/318/319 475/319/321
f 475/319/321 487/319/322 483/320/323
f 457/317/317 475/319/321 483/320/323
f 457/317/317 483/320/323 460/320/324
f 173/321/325 257/322/326 240/323/327
f 240/323/327 416/324/328 173/321/325
f 176/325/329 260/326/330 244/327/331
f 244/327/331 428/328/332 176/325/329
f 261/329/333 178/330/334 248/331/335
f 248/331/335 441/332/336 261/329/333
f 306/333/337 302/334/338 224/335/339
f 224/335/339 371/336/340 306/333/337
f 204/337/341 308/338/342 187/339/343
f 192/340/344 272/341/345 181/342/346
f 196/343/347 284/344/348 183/345/349
f 264/346/350 190/347/351 310/348/352
f 310/348/352 304/349/353 264/346/350
f 276/350/354 194/351/355 274/352/356
f 274/352/356 270/353/357 276/350/354
f 288/354/358 198/355/359 286/356/360
f 286/356/360 282/357/361 288/354/358
f 300/358/362 202/359/363 298/360/364
f 298/360/364 294/361/365 300/358/362
f 185/362/366 200/363/367 296/364/368
f 312/365/369 208/366/370 379/367/371
f 379/367/371 374/368/372 312/365/369
f 334/369/373 330/370/374 391/371/375
f 391/371/375 386/372/376 334/369/373
f 345/373/377 342/374/378 403/375/379
f 403/375/379 398/376/380 345/373/377
f 479/377/381 462/377/382 444/378/383
f 479/377/381 444/378/383 357/379/384
f 479/377/381 357/379/384 353/380/385
f 479/377/381 353/380/385 449/381/386
f 316/382/387 314/383/388 220/384/389
f 220/384/389 359/385/390 316/382/387
f 212/386/391 332/387/392 206/388/393
f 206/388/393 323/389/394 212/386/391
f 216/390/395 347/391/396 328/392/397
f 328/392/397 326/393/398 216/390/395
f 355/394/399 350/395/400 340/396/401
f 340/396/401 338/397/402 355/394/399
f 367/398/403 362/399/404 348/400/405
f 348/400/405 218/401/406 367/398/403
f 228/402/407 383/403/408 268/404/409
f 268/404/409 266/405/410 228/402/407
f 232/406/411 395/407/412 280/408/413
f 280/408/413 278/409/414 232/406/411
f 236/410/415 405/411/416 292/412/417
f 292/412/417 290/413/418 236/410/415
f 372/414/419 226/415/420 369/416/421
f 369/416/421 365/417/422 372/414/419
f 384/418/423 230/419/424 381/420/425
f 381/420/425 377/421/426 384/418/423
f 396/422/427 234/423/428 393/424/429
f 393/424/429 389/425/430 396/422/427
f 360/426/431 222/427/432 407/428/433
f 407/428/433 401/429/434 360/426/431
f 415/430/435 410/431/436 321/432/437
f 321/432/437 318/433/438 415/430/435
f 427/434/439 422/435/440 324/436/441
f 324/436/441 210/437/442 427/434/439
f 439/438/443 434/439/444 336/440/445
f 336/440/445 214/441/446 439/438/443
f 461/442/447 485/442/448 480/443/449
f 461/442/447 480/443/449 252/444/450
f 461/442/447 252/444/450 170/445/451
f 461/442/447 170/445/451 251/446/452
f 465/447/453 456/448/454 454/449/455
f 465/447/453 454/449/455 418/450/456
f 465/447/453 418/450/456 413/451/457
f 465/447/453 413/451/457 470/452/458
f 430/453/459 425/454/460 408/455/461
f 408/455/461 238/456/462 430/453/459
f 443/457/463 437/458/464 420/459/465
f 420/459/465 242/460/466 443/457/463
f 488/461/467 474/461/468 471/462/469
f 488/461/467 471/462/469 432/463/470
f 488/461/467 432/463/470 246/464/471
f 488/461/467 246/464/471 452/465/472
f 250/466/473 455/467/474 458/468/475
f 458/468/475 459/469/476 250/466/473
f 445/470/477 464/471/478 466/472/479
f 466/472/479 469/473/480 445/470/477
f 448/474/481 472/475/482 476/476/483
f 476/476/483 477/477/484 448/474/481
f 451/478/485 481/479/486 484/480/487
f 484/480/487 486/481/488 451/478/485
f 169/172/172 171/192/192 172/191/191
f 172/191/191 174/173/173 169/172/172
f 170/445/451 169/172/172 249/171/171
f 249/171/171 251/446/452 170/445/451
f 171/192/192 170/445/451 252/444/450
f 252/444/450 254/193/193 171/192/192
f 169/172/172 170/445/451 171/192/192
f 173/321/325 172/191/191 255/190/190
f 255/190/190 257/322/326 173/321/325
f 174/173/173 173/321/325 416/324/328
f 416/324/328 419/169/169 174/173/173
f 172/191/191 173/321/325 174/173/173
f 175/189/189 177/174/174 256/177/177
f 256/177/177 255/190/190 175/189/189
f 176/325/329 175/189/189 258/188/188
f 258/188/188 260/326/330 176/325/329
f 177/174/174 176/325/329 428/328/332
f 428/328/332 431/175/175 177/174/174
f 175/189/189 176/325/329 177/174/174
f 178/330/334 180/186/186 245/185/185
f 245/185/185 248/331/335 178/330/334
f 179/194/194 178/330/334 261/329/333
f 261/329/333 263/187/187 179/194/194
f 180/186/186 179/194/194 254/193/193
f 254/193/193 253/182/182 180/186/186
f 178/330/334 179/194/194 180/186/186
f 181/342/346 188/199/199 189/198/198
f 189/198/198 192/340/344 181/342/346
f 182/202/202 181/342/346 272/341/345
f 272/341/345 275/203/203 182/202/202
f 183/345/349 182/202/202 193/201/201
f 193/201/201 196/343/347 183/345/349
f 184/204/204 183/345/349 284/344/348
f 284/344/348 287/205/205 184/204/204
f 185/362/366 184/204/204 197/206/206
f 197/206/206 200/363/367 185/362/366
f 186/196/196 185/362/366 296/364/368
f 296/364/368 299/197/197 186/196/196
f 187/339/343 186/196/196 201/195/195
f 201/195/195 204/337/341 187/339/343
f 188/199/199 187/339/343 308/338/342
f 308/338/342 311/200/200 188/199/199
f 188/199/199 181/342/346 182/202/202
f 188/199/199 182/202/202 183/345/349
f 188/199/199 183/345/349 184/204/204
f 184/204/204 185/362/366 186/196/196
f 188/199/199 184/204/204 186/196/196
f 188/199/199 186/196/196 187/339/343
f 190/347/351 189/198/198 311/200/200
f 311/200/200 310/348/352 190/347/351
f 191/257/257 190/347/351 264/346/350
f 264/346/350 267/258/258 191/257/257
f 192/340/344 191/257/257 273/260/260
f 273/260/260 272/341/345 192/340/344
f 191/257/257 192/340/344 189/198/198
f 189/198/198 190/347/351 191/257/257
f 194/351/355 193/201/201 275/203/203
f 275/203/203 274/352/356 194/351/355
f 195/261/261 194/351/355 276/350/354
f 276/350/354 279/262/262 195/261/261
f 196/343/347 195/261/261 285/264/264
f 285/264/264 284/344/348 196/343/347
f 195/261/261 196/343/347 193/201/201
f 193/201/201 194/351/355 195/261/261
f 198/355/359 197/206/206 287/205/205
f 287/205/205 286/356/360 198/355/359
f 199/265/265 198/355/359 288/354/358
f 288/354/358 291/266/266 199/265/265
f 200/363/367 199/265/265 297/268/268
f 297/268/268 296/364/368 200/363/367
f 199/265/265 200/363/367 197/206/206
f 197/206/206 198/355/359 199/265/265
f 202/359/363 201/195/195 299/197/197
f 299/197/197 298/360/364 202/359/363
f 203/269/269 202/359/363 300/358/362
f 300/358/362 303/270/270 203/269/269
f 204/337/341 203/269/269 309/272/272
f 309/272/272 308/338/342 204/337/341
f 203/269/269 204/337/341 201/195/195
f 201/195/195 202/359/363 203/269/269
f 205/273/273 208/366/370 312/365/369
f 312/365/369 315/274/274 205/273/273
f 206/388/393 205/273/273 320/276/276
f 320/276/276 323/389/394 206/388/393
f 207/213/213 206/388/393 332/387/392
f 332/387/392 335/214/214 207/213/213
f 208/366/370 207/213/213 376/212/212
f 376/212/212 379/367/371 208/366/370
f 205/273/273 206/388/393 207/213/213
f 207/213/213 208/366/370 205/273/273
f 209/245/245 212/386/391 323/389/394
f 323/389/394 322/246/246 209/245/245
f 210/437/442 209/245/245 424/244/244
f 424/244/244 427/434/439 210/437/442
f 211/277/277 210/437/442 324/436/441
f 324/436/441 327/278/278 211/277/277
f 212/386/391 211/277/277 333/280/280
f 333/280/280 332/387/392 212/386/391
f 211/277/277 212/386/391 209/245/245
f 209/245/245 210/437/442 211/277/277
f 213/249/249 216/390/395 326/393/398
f 326/393/398 325/250/250 213/249/249
f 214/441/446 213/249/249 436/248/248
f 436/248/248 439/438/443 214/441/446
f 215/281/281 214/441/446 336/440/445
f 336/440/445 339/282/282 215/281/281
f 216/390/395 215/281/281 344/284/284
f 344/284/284 347/391/396 216/390/395
f 215/281/281 216/390/395 213/249/249
f 213/249/249 214/441/446 215/281/281
f 217/209/209 220/384/389 314/383/388
f 314/383/388 313/210/210 217/209/209
f 218/401/406 217/209/209 364/208/208
f 364/208/208 367/398/403 218/401/406
f 219/285/285 218/401/406 348/400/405
f 348/400/405 351/286/286 219/285/285
f 220/384/389 219/285/285 356/288/288
f 356/288/288 359/385/390 220/384/389
f 219/285/285 220/384/389 217/209/209
f 217/209/209 218/401/406 219/285/285
f 221/235/235 224/335/339 302/334/338
f 302/334/338 301/236/236 221/235/235
f 222/427/432 221/235/235 404/238/238
f 404/238/238 407/428/433 222/427/432
f 223/289/289 222/427/432 360/426/431
f 360/426/431 363/290/290 223/289/289
f 224/335/339 223/289/289 368/292/292
f 368/292/292 371/336/340 224/335/339
f 223/289/289 224/335/339 221/235/235
f 221/235/235 222/427/432 223/289/289
f 225/226/226 228/402/407 266/405/410
f 266/405/410 265/223/223 225/226/226
f 226/415/420 225/226/226 370/225/225
f 370/225/225 369/416/421 226/415/420
f 227/293/293 226/415/420 372/414/419
f 372/414/419 375/294/294 227/293/293
f 228/402/407 227/293/293 380/296/296
f 380/296/296 383/403/408 228/402/407
f 227/293/293 228/402/407 225/226/226
f 225/226/226 226/415/420 227/293/293
f 229/230/230 232/406/411 278/409/414
f 278/409/414 277/227/227 229/230/230
f 230/419/424 229/230/230 382/229/229
f 382/229/229 381/420/425 230/419/424
f 231/297/297 230/419/424 384/418/423
f 384/418/423 387/298/298 231/297/297
f 232/406/411 231/297/297 392/300/300
f 392/300/300 395/407/412 232/406/411
f 231/297/297 232/406/411 229/230/230
f 229/230/230 230/419/424 231/297/297
f 233/231/231 236/410/415 290/413/418
f 290/413/418 289/232/232 233/231/231
f 234/423/428 233/231/231 394/234/234
f 394/234/234 393/424/429 234/423/428
f 235/301/301 234/423/428 396/422/427
f 396/422/427 399/302/302 235/301/301
f 236/410/415 235/301/301 406/304/304
f 406/304/304 405/411/416 236/410/415
f 235/301/301 236/410/415 233/231/231
f 233/231/231 234/423/428 235/301/301
f 237/176/176 240/323/327 257/322/326
f 257/322/326 256/177/177 237/176/176
f 238/456/462 237/176/176 431/175/175
f 431/175/175 430/453/459 238/456/462
f 239/305/305 238/456/462 408/455/461
f 408/455/461 411/306/306 239/305/305
f 240/323/327 239/305/305 417/308/308
f 417/308/308 416/324/328 240/323/327
f 239/305/305 240/323/327 237/176/176
f 237/176/176 238/456/462 239/305/305
f 241/180/180 244/327/331 260/326/330
f 260/326/330 259/181/181 241/180/180
f 242/460/466 241/180/180 440/179/179
f 440/179/179 443/457/463 242/460/466
f 243/309/309 242/460/466 420/459/465
f 420/459/465 423/310/310 243/309/309
f 244/327/331 243/309/309 429/312/312
f 429/312/312 428/328/332 244/327/331
f 243/309/309 244/327/331 241/180/180
f 241/180/180 242/460/466 243/309/309
f 246/464/471 245/185/185 450/184/184
f 450/184/184 452/465/472 246/464/471
f 247/313/313 246/464/471 432/463/470
f 432/463/470 435/314/314 247/313/313
f 248/331/335 247/313/313 442/316/316
f 442/316/316 441/332/336 248/331/335
f 247/313/313 248/331/335 245/185/185
f 245/185/185 246/464/471 247/313/313
f 250/466/473 249/171/171 453/170/170
f 453/170/170 455/467/474 250/466/473
f 251/446/452 250/466/473 459/469/476
f 459/469/476 461/442/447 251/446/452
f 249/171/171 250/466/473 251/446/452
f 253/182/182 252/444/450 480/443/449
f 480/443/449 482/183/183 253/182/182
f 252/444/450 253/182/182 254/193/193
f 255/190/190 256/177/177 257/322/326
f 259/181/181 258/188/188 263/187/187
f 263/187/187 262/178/178 259/181/181
f 258/188/188 259/181/181 260/326/330
f 262/178/178 261/329/333 441/332/336
f 441/332/336 440/179/179 262/178/178
f 261/329/333 262/178/178 263/187/187
f 265/223/223 264/346/350 304/349/353
f 304/349/353 307/224/224 265/223/223
f 267/258/258 266/405/410 268/404/409
f 268/404/409 271/259/259 267/258/258
f 267/258/258 264/346/350 265/223/223
f 265/223/223 266/405/410 267/258/258
f 269/228/228 268/404/409 383/403/408
f 383/403/408 382/229/229 269/228/228
f 270/353/357 269/228/228 277/227/227
f 277/227/227 276/350/354 270/353/357
f 271/259/259 270/353/357 274/352/356
f 274/352/356 273/260/260 271/259/259
f 271/259/259 268/404/409 269/228/228
f 269/228/228 270/353/357 271/259/259
f 273/260/260 274/352/356 275/203/203
f 275/203/203 272/341/345 273/260/260
f 279/262/262 278/409/414 280/408/413
f 280/408/413 283/263/263 279/262/262
f 279/262/262 276/350/354 277/227/227
f 277/227/227 278/409/414 279/262/262
f 281/233/233 280/408/413 395/407/412
f 395/407/412 394/234/234 281/233/233
f 282/357/361 281/233/233 289/232/232
f 289/232/232 288/354/358 282/357/361
f 283/263/263 282/357/361 286/356/360
f 286/356/360 285/264/264 283/263/263
f 283/263/263 280/408/413 281/233/233
f 281/233/233 282/357/361 283/263/263
f 285/264/264 286/356/360 287/205/205
f 287/205/205 284/344/348 285/264/264
f 291/266/266 290/413/418 292/412/417
f 292/412/417 295/267/267 291/266/266
f 291/266/266 288/354/358 289/232/232
f 289/232/232 290/413/418 291/266/266
f 293/237/237 292/412/417 405/411/416
f 405/411/416 404/238/238 293/237/237
f 294/361/365 293/237/237 301/236/236
f 301/236/236 300/358/362 294/361/365
f 295/267/267 294/361/365 298/360/364
f 298/360/364 297/268/268 295/267/267
f 295/267/267 292/412/417 293/237/237
f 293/237/237 294/361/365 295/267/267
f 297/268/268 298/360/364 299/197/197
f 299/197/197 296/364/368 297/268/268
f 303/270/270 302/334/338 306/333/337
f 306/333/337 305/271/271 303/270/270
f 303/270/270 300/358/362 301/236/236
f 301/236/236 302/334/338 303/270/270
f 305/271/271 304/349/353 310/348/352
f 310/348/352 309/272/272 305/271/271
f 307/224/224 306/333/337 371/336/340
f 371/336/340 370/225/225 307/224/224
f 305/271/271 306/333/337 307/224/224
f 307/224/224 304/349/353 305/271/271
f 309/272/272 310/348/352 311/200/200
f 311/200/200 308/338/342 309/272/272
f 313/210/210 312/365/369 374/368/372
f 374/368/372 373/207/207 313/210/210
f 315/274/274 314/383/388 316/382/387
f 316/382/387 319/275/275 315/274/274
f 315/274/274 312/365/369 313/210/210
f 313/210/210 314/383/388 315/274/274
f 317/241/241 316/382/387 359/385/390
f 359/385/390 358/242/242 317/241/241
f 318/433/438 317/241/241 412/240/240
f 412/240/240 415/430/435 318/433/438
f 319/275/275 318/433/438 321/432/437
f 321/432/437 320/276/276 319/275/275
f 319/275/275 316/382/387 317/241/241
f 317/241/241 318/433/438 319/275/275
f 322/246/246 321/432/437 410/431/436
f 410/431/436 409/247/247 322/246/246
f 320/276/276 321/432/437 322/246/246
f 322/246/246 323/389/394 320/276/276
f 325/250/250 324/436/441 422/435/440
f 422/435/440 421/251/251 325/250/250
f 327/278/278 326/393/398 328/392/397
f 328/392/397 331/279/279 327/278/278
f 327/278/278 324/436/441 325/250/250
f 325/250/250 326/393/398 327/278/278
f 329/218/218 328/392/397 347/391/396
f 347/391/396 346/215/215 329/218/218
f 330/370/374 329/218/218 388/217/217
f 388/217/217 391/371/375 330/370/374
f 331/279/279 330/370/374 334/369/373
f 334/369/373 333/280/280 331/279/279
f 331/279/279 328/392/397 329/218/218
f 329/218/218 330/370/374 331/279/279
f 335/214/214 334/369/373 386/372/376
f 386/372/376 385/211/211 335/214/214
f 333/280/280 334/369/373 335/214/214
f 335/214/214 332/387/392 333/280/280
f 337/254/254 336/440/445 434/439/444
f 434/439/444 433/255/255 337/254/254
f 338/397/402 337/254/254 352/253/253
f 352/253/253 355/394/399 338/397/402
f 339/282/282 338/397/402 340/396/401
f 340/396/401 343/283/283 339/282/282
f 339/282/282 336/440/445 337/254/254
f 337/254/254 338/397/402 339/282/282
f 341/222/222 340/396/401 350/395/400
f 350/395/400 349/219/219 341/222/222
f 342/374/378 341/222/222 400/221/221
f 400/221/221 403/375/379 342/374/378
f 343/283/283 342/374/378 345/373/377
f 345/373/377 344/284/284 343/283/283
f 343/283/283 340/396/401 341/222/222
f 341/222/222 342/374/378 343/283/283
f 346/215/215 345/373/377 398/376/380
f 398/376/380 397/216/216 346/215/215
f 344/284/284 345/373/377 346/215/215
f 346/215/215 347/391/396 344/284/284
f 349/219/219 348/400/405 362/399/404
f 362/399/404 361/220/220 349/219/219
f 351/286/286 350/395/400 355/394/399
f 355/394/399 354/287/287 351/286/286
f 351/286/286 348/400/405 349/219/219
f 349/219/219 350/395/400 351/286/286
f 353/380/385 352/253/253 447/252/252
f 447/252/252 449/381/386 353/380/385
f 354/287/287 353/380/385 357/379/384
f 357/379/384 356/288/288 354/287/287
f 354/287/287 355/394/399 352/253/253
f 352/253/253 353/380/385 354/287/287
f 358/242/242 357/379/384 444/378/383
f 444/378/383 446/243/243 358/242/242
f 356/288/288 357/379/384 358/242/242
f 358/242/242 359/385/390 356/288/288
f 361/220/220 360/426/431 401/429/434
f 401/429/434 400/221/221 361/220/220
f 363/290/290 362/399/404 367/398/403
f 367/398/403 366/291/291 363/290/290
f 363/290/290 360/426/431 361/220/220
f 361/220/220 362/399/404 363/290/290
f 365/417/422 364/208/208 373/207/207
f 373/207/207 372/414/419 365/417/422
f 366/291/291 365/417/422 369/416/421
f 369/416/421 368/292/292 366/291/291
f 366/291/291 367/398/403 364/208/208
f 364/208/208 365/417/422 366/291/291
f 368/292/292 369/416/421 370/225/225
f 370/225/225 371/336/340 368/292/292
f 375/294/294 374/368/372 379/367/371
f 379/367/371 378/295/295 375/294/294
f 375/294/294 372/414/419 373/207/207
f 373/207/207 374/368/372 375/294/294
f 377/421/426 376/212/212 385/211/211
f 385/211/211 384/418/423 377/421/426
f 378/295/295 377/421/426 381/420/425
f 381/420/425 380/296/296 378/295/295
f 378/295/295 379/367/371 376/212/212
f 376/212/212 377/421/426 378/295/295
f 380/296/296 381/420/425 382/229/229
f 382/229/229 383/403/408 380/296/296
f 387/298/298 386/372/376 391/371/375
f 391/371/375 390/299/299 387/298/298
f 387/298/298 384/418/423 385/211/211
f 385/211/211 386/372/376 387/298/298
f 389/425/430 388/217/217 397/216/216
f 397/216/216 396/422/427 389/425/430
f 390/299/299 389/425/430 393/424/429
f 393/424/429 392/300/300 390/299/299
f 390/299/299 391/371/375 388/217/217
f 388/217/217 389/425/430 390/299/299
f 392/300/300 393/424/429 394/234/234
f 394/234/234 395/407/412 392/300/300
f 399/302/302 398/376/380 403/375/379
f 403/375/379 402/303/303 399/302/302
f 399/302/302 396/422/427 397/216/216
f 397/216/216 398/376/380 399/302/302
f 402/303/303 401/429/434 407/428/433
f 407/428/433 406/304/304 402/303/303
f 402/303/303 403/375/379 400/221/221
f 400/221/221 401/429/434 402/303/303
f 406/304/304 407/428/433 404/238/238
f 404/238/238 405/411/416 406/304/304
f 409/247/247 408/455/461 425/454/460
f 425/454/460 424/244/244 409/247/247
f 411/306/306 410/431/436 415/430/435
f 415/430/435 414/307/307 411/306/306
f 411/306/306 408/455/461 409/247/247
f 409/247/247 410/431/436 411/306/306
f 413/451/457 412/240/240 468/239/239
f 468/239/239 470/452/458 413/451/457
f 414/307/307 413/451/457 418/450/456
f 418/450/456 417/308/308 414/307/307
f 414/307/307 415/430/435 412/240/240
f 412/240/240 413/451/457 414/307/307
f 419/169/169 418/450/456 454/449/455
f 454/449/455 453/170/170 419/169/169
f 417/308/308 418/450/456 419/169/169
f 419/169/169 416/324/328 417/308/308
f 421/251/251 420/459/465 437/458/464
f 437/458/464 436/248/248 421/251/251
f 423/310/310 422/435/440 427/434/439
f 427/434/439 426/311/311 423/310/310
f 423/310/310 420/459/465 421/251/251
f 421/251/251 422/435/440 423/310/310
f 426/311/311 425/454/460 430/453/459
f 430/453/459 429/312/312 426/311/311
f 426/311/311 427/434/439 424/244/244
f 424/244/244 425/454/460 426/311/311
f 429/312/312 430/453/459 431/175/175
f 431/175/175 428/328/332 429/312/312
f 433/255/255 432/463/470 471/462/469
f 471/462/469 473/256/256 433/255/255
f 435/314/314 434/439/444 439/438/443
f 439/438/443 438/315/315 435/314/314
f 435/314/314 432/463/470 433/255/255
f 433/255/255 434/439/444 435/314/314
f 438/315/315 437/458/464 443/457/463
f 443/457/463 442/316/316 438/315/315
f 438/315/315 439/438/443 436/248/248
f 436/248/248 437/458/464 438/315/315
f 442/316/316 443/457/463 440/179/179
f 440/179/179 441/332/336 442/316/316
f 445/470/477 444/378/383 462/377/382
f 462/377/382 464/471/478 445/470/477
f 446/243/243 445/470/477 469/473/480
f 469/473/480 468/239/239 446/243/243
f 444/378/383 445/470/477 446/243/243
f 448/474/481 447/252/252 473/256/256
f 473/256/256 472/475/482 448/474/481
f 449/381/386 448/474/481 477/477/484
f 477/477/484 479/377/381 449/381/386
f 447/252/252 448/474/481 449/381/386
f 451/478/485 450/184/184 482/183/183
f 482/183/183 481/479/486 451/478/485
f 452/465/472 451/478/485 486/481/488
f 486/481/488 488/461/467 452/465/472
f 450/184/184 451/478/485 452/465/472
f 455/467/474 454/449/455 456/448/454
f 456/448/454 458/468/475 455/467/474
f 453/170/170 454/449/455 455/467/474
f 457/317/317 456/448/454 465/447/453
f 465/447/453 467/317/318 457/317/317
f 458/468/475 457/317/317 460/320/324
f 460/320/324 459/469/476 458/468/475
f 456/448/454 457/317/317 458/468/475
f 461/442/447 460/320/324 483/320/323
f 483/320/323 485/442/448 461/442/447
f 459/469/476 460/320/324 461/442/447
f 463/318/319 462/377/382 479/377/381
f 479/377/381 478/318/320 463/318/319
f 464/471/478 463/318/319 467/317/318
f 467/317/318 466/472/479 464/471/478
f 462/377/382 463/318/319 464/471/478
f 466/472/479 465/447/453 470/452/458
f 470/452/458 469/473/480 466/472/479
f 465/447/453 466/472/479 467/317/318
f 468/239/239 469/473/480 470/452/458
f 472/475/482 471/462/469 474/461/468
f 474/461/468 476/476/483 472/475/482
f 471/462/469 472/475/482 473/256/256
f 475/319/321 474/461/468 488/461/467
f 488/461/467 487/319/322 475/319/321
f 476/476/483 475/319/321 478/318/320
f 478/318/320 477/477/484 476/476/483
f 474/461/468 475/319/321 476/476/483
f 477/477/484 478/318/320 479/377/381
f 481/479/486 480/443/449 485/442/448
f 485/442/448 484/480/487 481/479/486
f 480/443/449 481/479/486 482/183/183
f 484/480/487 483/320/323 487/319/322
f 487/319/322 486/481/488 484/480/487
f 483/320/323 484/480/487 485/442/448
f 486/481/488 487/319/322 488/461/467
f 492/482/489 592/483/490 545/484/491
f 586/485/492 691/486/493 737/487/494
f 737/487/494 547/488/495 586/485/492
f 608/489/496 637/490/497 517/491/498
f 517/491/498 500/492/499 608/489/496
f 610/493/500 649/494/501 521/495/502
f 521/495/502 602/496/503 610/493/500
f 578/497/504 555/498/505 525/499/506
f 525/499/506 508/500/507 578/497/504
f 583/501/508 613/502/509 501/503/510
f 583/501/508 501/503/510 599/504/511
f 583/501/508 599/504/511 541/505/512
f 583/501/508 541/505/512 496/506/513
f 749/507/514 549/508/515 736/509/516
f 736/509/516 702/510/517 749/507/514
f 717/511/518 557/512/519 618/513/520
f 618/513/520 636/514/521 717/511/518
f 648/515/522 729/516/523 561/517/524
f 561/517/524 630/518/525 648/515/522
f 553/519/526 568/520/527 642/521/528
f 573/522/529 514/523/530 764/524/531
f 529/525/532 516/526/533 760/527/534
f 533/528/535 510/529/536 664/530/537
f 686/531/538 594/532/539 627/533/540
f 627/533/540 743/534/541 686/531/538
f 697/535/542 654/536/543 756/537/544
f 569/538/545 624/539/546 707/540/547
f 713/541/548 666/542/549 658/543/550
f 658/543/550 694/544/551 713/541/548
f 725/545/552 537/546/553 672/547/554
f 672/547/554 710/548/555 725/545/552
f 551/549/556 748/550/557 678/551/558
f 678/551/558 721/552/559 551/549/556
f 490/553/560 580/554/561 581/555/562
f 494/556/563 588/557/564 590/558/565
f 498/559/566 596/560/567 597/561/568
f 503/562/569 604/563/570 606/564/571
f 506/565/572 612/566/573 615/567/574
f 519/568/575 620/569/576 622/570/577
f 622/570/577 625/571/578 519/568/575
f 523/572/579 632/573/580 634/574/581
f 634/574/581 639/575/582 523/572/579
f 527/576/583 644/577/584 646/578/585
f 646/578/585 651/579/586 527/576/583
f 531/580/587 656/581/588 660/582/589
f 660/582/589 662/583/590 531/580/587
f 535/584/591 668/585/592 670/586/593
f 670/586/593 674/587/594 535/584/591
f 543/588/595 688/589/596 689/590/597
f 559/591/598 696/592/599 699/593/600
f 559/591/598 699/593/600 704/594/601
f 559/591/598 704/594/601 705/595/602
f 563/596/603 712/597/604 715/598/605
f 715/598/605 719/599/606 563/596/603
f 566/600/607 723/601/608 727/602/609
f 727/602/609 731/603/610 566/600/607
f 571/604/611 734/605/612 739/606/613
f 739/606/613 741/607/614 571/604/611
f 575/608/615 746/609/616 751/610/617
f 575/608/615 751/610/617 754/611/618
f 575/608/615 754/611/618 758/612/619
f 491/613/620 584/614/621 495/615/622
f 495/615/622 589/616/623 491/613/620
f 591/617/624 587/618/625 546/619/626
f 585/620/627 493/621/628 544/622/629
f 544/622/629 692/623/630 585/620/627
f 593/624/631 497/625/632 520/626/633
f 520/626/633 628/627/634 593/624/631
f 499/628/635 600/629/636 504/630/637
f 504/630/637 605/631/638 499/628/635
f 607/632/639 603/633/640 524/634/641
f 524/634/641 638/635/642 607/632/639
f 601/636/643 502/637/644 616/638/645
f 616/638/645 611/639/646 601/636/643
f 609/640/647 505/641/648 528/642/649
f 528/642/649 650/643/650 609/640/647
f 507/644/651 614/645/652 582/646/653
f 582/646/653 579/647/654 507/644/651
f 556/648/655 577/649/656 489/650/657
f 623/651/658 619/652/659 560/653/660
f 560/653/660 708/654/661 623/651/658
f 635/655/662 631/656/663 564/657/664
f 564/657/664 718/658/665 635/655/662
f 647/659/666 643/660/667 567/661/668
f 567/661/668 730/662/669 647/659/666
f 626/663/670 621/664/671 572/665/672
f 572/665/672 744/666/673 626/663/670
f 640/667/674 633/668/675 617/669/676
f 617/669/676 518/670/677 640/667/674
f 652/671/678 645/672/679 629/673/680
f 629/673/680 522/674/681 652/671/678
f 554/675/682 641/676/683 526/677/684
f 752/678/685 745/679/686 550/680/687
f 576/681/688 757/682/689 515/683/690
f 532/684/691 661/685/692 509/686/693
f 536/687/694 673/688/695 511/689/696
f 653/690/697 530/691/698 759/692/699
f 759/692/699 753/693/700 653/690/697
f 665/694/701 534/695/702 663/696/703
f 663/696/703 659/697/704 665/694/701
f 540/698/705 682/699/706 675/700/707
f 675/700/707 669/701/708 540/698/705
f 747/702/709 574/703/710 763/704/711
f 763/704/711 679/705/712 747/702/709
f 685/706/713 542/707/714 598/708/715
f 598/708/715 595/709/716 685/706/713
f 700/710/717 695/711/718 657/712/719
f 657/712/719 655/713/720 700/710/717
f 716/714/721 711/715/722 671/716/723
f 671/716/723 667/717/724 716/714/721
f 728/718/725 722/719/726 677/720/727
f 677/720/727 538/721/728 728/718/725
f 740/722/729 733/723/730 548/724/731
f 690/725/732 687/726/733 742/727/734
f 742/727/734 738/728/735 690/725/732
f 701/729/736 698/730/737 755/731/738
f 755/731/738 750/732/739 701/729/736
f 735/733/740 570/734/741 706/735/742
f 706/735/742 703/736/743 735/733/740
f 720/737/744 714/738/745 693/739/746
f 693/739/746 558/740/747 720/737/744
f 732/741/748 726/742/749 709/743/750
f 709/743/750 562/744/751 732/741/748
f 552/745/752 724/746/753 565/747/754
f 512/748/755 676/749/756 681/750/757
f 683/751/758 539/752/759 680/753/760
f 680/753/760 762/754/761 683/751/758
f 513/755/762 684/756/763 761/757/764
f 489/650/657 492/482/489 545/484/491
f 545/484/491 556/648/655 489/650/657
f 490/553/560 489/650/657 577/649/656
f 577/649/656 580/554/561 490/553/560
f 491/613/620 490/553/560 581/555/562
f 581/555/562 584/614/621 491/613/620
f 492/482/489 491/613/620 589/616/623
f 589/616/623 592/483/490 492/482/489
f 490/553/560 491/613/620 492/482/489
f 492/482/489 489/650/657 490/553/560
f 493/621/628 496/506/513 541/505/512
f 541/505/512 544/622/629 493/621/628
f 494/556/563 493/621/628 585/620/627
f 585/620/627 588/557/564 494/556/563
f 495/615/622 494/556/563 590/558/565
f 590/558/565 589/616/623 495/615/622
f 496/506/513 495/615/622 584/614/621
f 584/614/621 583/501/508 496/506/513
f 494/556/563 495/615/622 496/506/513
f 496/506/513 493/621/628 494/556/563
f 497/625/632 500/492/499 517/491/498
f 517/491/498 520/626/633 497/625/632
f 498/559/566 497/625/632 593/624/631
f 593/624/631 596/560/567 498/559/566
f 499/628/635 498/559/566 597/561/568
f 597/561/568 600/629/636 499/628/635
f 500/492/499 499/628/635 605/631/638
f 605/631/638 608/489/496 500/492/499
f 498/559/566 499/628/635 500/492/499
f 500/492/499 497/625/632 498/559/566
f 501/503/510 504/630/637 600/629/636
f 600/629/636 599/504/511 501/503/510
f 502/637/644 501/503/510 613/502/509
f 613/502/509 616/638/645 502/637/644
f 503/562/569 502/637/644 601/636/643
f 601/636/643 604/563/570 503/562/569
f 504/630/637 503/562/569 606/564/571
f 606/564/571 605/631/638 504/630/637
f 503/562/569 504/630/637 501/503/510
f 501/503/510 502/637/644 503/562/569
f 505/641/648 508/500/507 525/499/506
f 525/499/506 528/642/649 505/641/648
f 506/565/572 505/641/648 609/640/647
f 609/640/647 612/566/573 506/565/572
f 507/644/651 506/565/572 615/567/574
f 615/567/574 614/645/652 507/644/651
f 508/500/507 507/644/651 579/647/654
f 579/647/654 578/497/504 508/500/507
f 506/565/572 507/644/651 508/500/507
f 508/500/507 505/641/648 506/565/572
f 509/686/693 516/526/533 529/525/532
f 529/525/532 532/684/691 509/686/693
f 510/529/536 509/686/693 661/685/692
f 661/685/692 664/530/537 510/529/536
f 511/689/696 510/529/536 533/528/535
f 533/528/535 536/687/694 511/689/696
f 512/748/755 511/689/696 673/688/695
f 673/688/695 676/749/756 512/748/755
f 513/755/762 512/748/755 681/750/757
f 681/750/757 684/756/763 513/755/762
f 514/523/530 513/755/762 761/757/764
f 761/757/764 764/524/531 514/523/530
f 515/683/690 514/523/530 573/522/529
f 573/522/529 576/681/688 515/683/690
f 516/526/533 515/683/690 757/682/689
f 757/682/689 760/527/534 516/526/533
f 510/529/536 511/689/696 512/748/755
f 512/748/755 513/755/762 514/523/530
f 510/529/536 512/748/755 514/523/530
f 514/523/530 515/683/690 516/526/533
f 514/523/530 516/526/533 509/686/693
f 510/529/536 514/523/530 509/686/693
f 518/670/677 517/491/498 637/490/497
f 637/490/497 640/667/674 518/670/677
f 519/568/575 518/670/677 617/669/676
f 617/669/676 620/569/576 519/568/575
f 520/626/633 519/568/575 625/571/578
f 625/571/578 628/627/634 520/626/633
f 519/568/575 520/626/633 517/491/498
f 517/491/498 518/670/677 519/568/575
f 521/495/502 524/634/641 603/633/640
f 603/633/640 602/496/503 521/495/502
f 522/674/681 521/495/502 649/494/501
f 649/494/501 652/671/678 522/674/681
f 523/572/579 522/674/681 629/673/680
f 629/673/680 632/573/580 523/572/579
f 524/634/641 523/572/579 639/575/582
f 639/575/582 638/635/642 524/634/641
f 523/572/579 524/634/641 521/495/502
f 521/495/502 522/674/681 523/572/579
f 526/677/684 525/499/506 555/498/505
f 555/498/505 554/675/682 526/677/684
f 527/576/583 526/677/684 641/676/683
f 641/676/683 644/577/584 527/576/583
f 528/642/649 527/576/583 651/579/586
f 651/579/586 650/643/650 528/642/649
f 527/576/583 528/642/649 525/499/506
f 525/499/506 526/677/684 527/576/583
f 530/691/698 529/525/532 760/527/534
f 760/527/534 759/692/699 530/691/698
f 531/580/587 530/691/698 653/690/697
f 653/690/697 656/581/588 531/580/587
f 532/684/691 531/580/587 662/583/590
f 662/583/590 661/685/692 532/684/691
f 531/580/587 532/684/691 529/525/532
f 529/525/532 530/691/698 531/580/587
f 534/695/702 533/528/535 664/530/537
f 664/530/537 663/696/703 534/695/702
f 535/584/591 534/695/702 665/694/701
f 665/694/701 668/585/592 535/584/591
f 536/687/694 535/584/591 674/587/594
f 674/587/594 673/688/695 536/687/694
f 535/584/591 536/687/694 533/528/535
f 533/528/535 534/695/702 535/584/591
f 537/546/553 540/698/705 669/701/708
f 669/701/708 672/547/554 537/546/553
f 538/721/728 537/546/553 725/545/552
f 725/545/552 728/718/725 538/721/728
f 539/752/759 538/721/728 677/720/727
f 677/720/727 680/753/760 539/752/759
f 540/698/705 539/752/759 683/751/758
f 683/751/758 682/699/706 540/698/705
f 539/752/759 540/698/705 537/546/553
f 537/546/553 538/721/728 539/752/759
f 542/707/714 541/505/512 599/504/511
f 599/504/511 598/708/715 542/707/714
f 543/588/595 542/707/714 685/706/713
f 685/706/713 688/589/596 543/588/595
f 544/622/629 543/588/595 689/590/597
f 689/590/597 692/623/630 544/622/629
f 543/588/595 544/622/629 541/505/512
f 541/505/512 542/707/714 543/588/595
f 546/619/626 545/484/491 592/483/490
f 592/483/490 591/617/624 546/619/626
f 547/488/495 546/619/626 587/618/625
f 587/618/625 586/485/492 547/488/495
f 548/724/731 547/488/495 737/487/494
f 737/487/494 740/722/729 548/724/731
f 549/508/515 548/724/731 733/723/730
f 733/723/730 736/509/516 549/508/515
f 550/680/687 549/508/515 749/507/514
f 749/507/514 752/678/685 550/680/687
f 551/549/556 550/680/687 745/679/686
f 745/679/686 748/550/557 551/549/556
f 552/745/752 551/549/556 721/552/559
f 721/552/559 724/746/753 552/745/752
f 553/519/526 552/745/752 565/747/754
f 565/747/754 568/520/527 553/519/526
f 554/675/682 553/519/526 642/521/528
f 642/521/528 641/676/683 554/675/682
f 556/648/655 555/498/505 578/497/504
f 578/497/504 577/649/656 556/648/655
f 545/484/491 546/619/626 547/488/495
f 548/724/731 549/508/515 550/680/687
f 548/724/731 550/680/687 551/549/556
f 548/724/731 551/549/556 552/745/752
f 548/724/731 552/745/752 553/519/526
f 548/724/731 553/519/526 554/675/682
f 547/488/495 548/724/731 554/675/682
f 547/488/495 554/675/682 555/498/505
f 545/484/491 547/488/495 555/498/505
f 545/484/491 555/498/505 556/648/655
f 557/512/519 560/653/660 619/652/659
f 619/652/659 618/513/520 557/512/519
f 558/740/747 557/512/519 717/511/518
f 717/511/518 720/737/744 558/740/747
f 559/591/598 558/740/747 693/739/746
f 693/739/746 696/592/599 559/591/598
f 560/653/660 559/591/598 705/595/602
f 705/595/602 708/654/661 560/653/660
f 559/591/598 560/653/660 557/512/519
f 557/512/519 558/740/747 559/591/598
f 561/517/524 564/657/664 631/656/663
f 631/656/663 630/518/525 561/517/524
f 562/744/751 561/517/524 729/516/523
f 729/516/523 732/741/748 562/744/751
f 563/596/603 562/744/751 709/743/750
f 709/743/750 712/597/604 563/596/603
f 564/657/664 563/596/603 719/599/606
f 719/599/606 718/658/665 564/657/664
f 563/596/603 564/657/664 561/517/524
f 561/517/524 562/744/751 563/596/603
f 566/600/607 565/747/754 724/746/753
f 724/746/753 723/601/608 566/600/607
f 567/661/668 566/600/607 731/603/610
f 731/603/610 730/662/669 567/661/668
f 568/520/527 567/661/668 643/660/667
f 643/660/667 642/521/528 568/520/527
f 566/600/607 567/661/668 568/520/527
f 568/520/527 565/747/754 566/600/607
f 569/538/545 572/665/672 621/664/671
f 621/664/671 624/539/546 569/538/545
f 570/734/741 569/538/545 707/540/547
f 707/540/547 706/735/742 570/734/741
f 571/604/611 570/734/741 735/733/740
f 735/733/740 734/605/612 571/604/611
f 572/665/672 571/604/611 741/607/614
f 741/607/614 744/666/673 572/665/672
f 571/604/611 572/665/672 569/538/545
f 569/538/545 570/734/741 571/604/611
f 574/703/710 573/522/529 764/524/531
f 764/524/531 763/704/711 574/703/710
f 575/608/615 574/703/710 747/702/709
f 747/702/709 746/609/616 575/608/615
f 576/681/688 575/608/615 758/612/619
f 758/612/619 757/682/689 576/681/688
f 575/608/615 576/681/688 573/522/529
f 573/522/529 574/703/710 575/608/615
f 580/554/561 579/647/654 582/646/653
f 582/646/653 581/555/562 580/554/561
f 580/554/561 577/649/656 578/497/504
f 578/497/504 579/647/654 580/554/561
f 583/501/508 582/646/653 614/645/652
f 614/645/652 613/502/509 583/501/508
f 581/555/562 582/646/653 583/501/508
f 583/501/508 584/614/621 581/555/562
f 586/485/492 585/620/627 692/623/630
f 692/623/630 691/486/493 586/485/492
f 588/557/564 587/618/625 591/617/624
f 591/617/624 590/558/565 588/557/564
f 588/557/564 585/620/627 586/485/492
f 586/485/492 587/618/625 588/557/564
f 590/558/565 591/617/624 592/483/490
f 592/483/490 589/616/623 590/558/565
f 594/532/539 593/624/631 628/627/634
f 628/627/634 627/533/540 594/532/539
f 595/709/716 594/532/539 686/531/538
f 686/531/538 685/706/713 595/709/716
f 596/560/567 595/709/716 598/708/715
f 598/708/715 597/561/568 596/560/567
f 596/560/567 593/624/631 594/532/539
f 594/532/539 595/709/716 596/560/567
f 597/561/568 598/708/715 599/504/511
f 599/504/511 600/629/636 597/561/568
f 602/496/503 601/636/643 611/639/646
f 611/639/646 610/493/500 602/496/503
f 604/563/570 603/633/640 607/632/639
f 607/632/639 606/564/571 604/563/570
f 604/563/570 601/636/643 602/496/503
f 602/496/503 603/633/640 604/563/570
f 608/489/496 607/632/639 638/635/642
f 638/635/642 637/490/497 608/489/496
f 606/564/571 607/632/639 608/489/496
f 608/489/496 605/631/638 606/564/571
f 610/493/500 609/640/647 650/643/650
f 650/643/650 649/494/501 610/493/500
f 612/566/573 611/639/646 616/638/645
f 616/638/645 615/567/574 612/566/573
f 612/566/573 609/640/647 610/493/500
f 610/493/500 611/639/646 612/566/573
f 615/567/574 616/638/645 613/502/509
f 613/502/509 614/645/652 615/567/574
f 618/513/520 617/669/676 633/668/675
f 633/668/675 636/514/521 618/513/520
f 620/569/576 619/652/659 623/651/658
f 623/651/658 622/570/577 620/569/576
f 620/569/576 617/669/676 618/513/520
f 618/513/520 619/652/659 620/569/576
f 622/570/577 621/664/671 626/663/670
f 626/663/670 625/571/578 622/570/577
f 624/539/546 623/651/658 708/654/661
f 708/654/661 707/540/547 624/539/546
f 622/570/577 623/651/658 624/539/546
f 624/539/546 621/664/671 622/570/577
f 627/533/540 626/663/670 744/666/673
f 744/666/673 743/534/541 627/533/540
f 625/571/578 626/663/670 627/533/540
f 627/533/540 628/627/634 625/571/578
f 630/518/525 629/673/680 645/672/679
f 645/672/679 648/515/522 630/518/525
f 632/573/580 631/656/663 635/655/662
f 635/655/662 634/574/581 632/573/580
f 632/573/580 629/673/680 630/518/525
f 630/518/525 631/656/663 632/573/580
f 634/574/581 633/668/675 640/667/674
f 640/667/674 639/575/582 634/574/581
f 636/514/521 635/655/662 718/658/665
f 718/658/665 717/511/518 636/514/521
f 634/574/581 635/655/662 636/514/521
f 636/514/521 633/668/675 634/574/581
f 639/575/582 640/667/674 637/490/497
f 637/490/497 638/635/642 639/575/582
f 644/577/584 643/660/667 647/659/666
f 647/659/666 646/578/585 644/577/584
f 644/577/584 641/676/683 642/521/528
f 642/521/528 643/660/667 644/577/584
f 646/578/585 645/672/679 652/671/678
f 652/671/678 651/579/586 646/578/585
f 648/515/522 647/659/666 730/662/669
f 730/662/669 729/516/523 648/515/522
f 646/578/585 647/659/666 648/515/522
f 648/515/522 645/672/679 646/578/585
f 651/579/586 652/671/678 649/494/501
f 649/494/501 650/643/650 651/579/586
f 654/536/543 653/690/697 753/693/700
f 753/693/700 756/537/544 654/536/543
f 655/713/720 654/536/543 697/535/542
f 697/535/542 700/710/717 655/713/720
f 656/581/588 655/713/720 657/712/719
f 657/712/719 660/582/589 656/581/588
f 656/581/588 653/690/697 654/536/543
f 654/536/543 655/713/720 656/581/588
f 658/543/550 657/712/719 695/711/718
f 695/711/718 694/544/551 658/543/550
f 659/697/704 658/543/550 666/542/549
f 666/542/549 665/694/701 659/697/704
f 660/582/589 659/697/704 663/696/703
f 663/696/703 662/583/590 660/582/589
f 660/582/589 657/712/719 658/543/550
f 658/543/550 659/697/704 660/582/589
f 662/583/590 663/696/703 664/530/537
f 664/530/537 661/685/692 662/583/590
f 667/717/724 666/542/549 713/541/548
f 713/541/548 716/714/721 667/717/724
f 668/585/592 667/717/724 671/716/723
f 671/716/723 670/586/593 668/585/592
f 668/585/592 665/694/701 666/542/549
f 666/542/549 667/717/724 668/585/592
f 670/586/593 669/701/708 675/700/707
f 675/700/707 674/587/594 670/586/593
f 672/547/554 671/716/723 711/715/722
f 711/715/722 710/548/555 672/547/554
f 670/586/593 671/716/723 672/547/554
f 672/547/554 669/701/708 670/586/593
f 676/749/756 675/700/707 682/699/706
f 682/699/706 681/750/757 676/749/756
f 674/587/594 675/700/707 676/749/756
f 676/749/756 673/688/695 674/587/594
f 678/551/558 677/720/727 722/719/726
f 722/719/726 721/552/559 678/551/558
f 679/705/712 678/551/558 748/550/557
f 748/550/557 747/702/709 679/705/712
f 680/753/760 679/705/712 763/704/711
f 763/704/711 762/754/761 680/753/760
f 680/753/760 677/720/727 678/551/558
f 678/551/558 679/705/712 680/753/760
f 684/756/763 683/751/758 762/754/761
f 762/754/761 761/757/764 684/756/763
f 683/751/758 684/756/763 681/750/757
f 681/750/757 682/699/706 683/751/758
f 687/726/733 686/531/538 743/534/541
f 743/534/541 742/727/734 687/726/733
f 688/589/596 687/726/733 690/725/732
f 690/725/732 689/590/597 688/589/596
f 685/706/713 686/531/538 687/726/733
f 687/726/733 688/589/596 685/706/713
f 691/486/493 690/725/732 738/728/735
f 738/728/735 737/487/494 691/486/493
f 689/590/597 690/725/732 691/486/493
f 691/486/493 692/623/630 689/590/597
f 694/544/551 693/739/746 714/738/745
f 714/738/745 713/541/548 694/544/551
f 696/592/599 695/711/718 700/710/717
f 700/710/717 699/593/600 696/592/599
f 696/592/599 693/739/746 694/544/551
f 694/544/551 695/711/718 696/592/599
f 698/730/737 697/535/542 756/537/544
f 756/537/544 755/731/738 698/730/737
f 699/593/600 698/730/737 701/729/736
f 701/729/736 704/594/601 699/593/600
f 699/593/600 700/710/717 697/535/542
f 697/535/542 698/730/737 699/593/600
f 702/510/517 701/729/736 750/732/739
f 750/732/739 749/507/514 702/510/517
f 703/736/743 702/510/517 736/509/516
f 736/509/516 735/733/740 703/736/743
f 704/594/601 703/736/743 706/735/742
f 706/735/742 705/595/602 704/594/601
f 704/594/601 701/729/736 702/510/517
f 702/510/517 703/736/743 704/594/601
f 705/595/602 706/735/742 707/540/547
f 707/540/547 708/654/661 705/595/602
f 710/548/555 709/743/750 726/742/749
f 726/742/749 725/545/552 710/548/555
f 712/597/604 711/715/722 716/714/721
f 716/714/721 715/598/605 712/597/604
f 712/597/604 709/743/750 710/548/555
f 710/548/555 711/715/722 712/597/604
f 715/598/605 714/738/745 720/737/744
f 720/737/744 719/599/606 715/598/605
f 715/598/605 716/714/721 713/541/548
f 713/541/548 714/738/745 715/598/605
f 719/599/606 720/737/744 717/511/518
f 717/511/518 718/658/665 719/599/606
f 723/601/608 722/719/726 728/718/725
f 728/718/725 727/602/609 723/601/608
f 723/601/608 724/746/753 721/552/559
f 721/552/559 722/719/726 723/601/608
f 727/602/609 726/742/749 732/741/748
f 732/741/748 731/603/610 727/602/609
f 727/602/609 728/718/725 725/545/552
f 725/545/552 726/742/749 727/602/609
f 731/603/610 732/741/748 729/516/523
f 729/516/523 730/662/669 731/603/610
f 734/605/612 733/723/730 740/722/729
f 740/722/729 739/606/613 734/605/612
f 734/605/612 735/733/740 736/509/516
f 736/509/516 733/723/730 734/605/612
f 739/606/613 738/728/735 742/727/734
f 742/727/734 741/607/614 739/606/613
f 739/606/613 740/722/729 737/487/494
f 737/487/494 738/728/735 739/606/613
f 741/607/614 742/727/734 743/534/541
f 743/534/541 744/666/673 741/607/614
f 746/609/616 745/679/686 752/678/685
f 752/678/685 751/610/617 746/609/616
f 746/609/616 747/702/709 748/550/557
f 748/550/557 745/679/686 746/609/616
f 751/610/617 750/732/739 755/731/738
f 755/731/738 754/611/618 751/610/617
f 751/610/617 752/678/685 749/507/514
f 749/507/514 750/732/739 751/610/617
f 754/611/618 753/693/700 759/692/699
f 759/692/699 758/612/619 754/611/618
f 754/611/618 755/731/738 756/537/544
f 756/537/544 753/693/700 754/611/618
f 758/612/619 759/692/699 760/527/534
f 760/527/534 757/682/689 758/612/619
f 762/754/761 763/704/711 764/524/531
f 764/524/531 761/757/764 762/754/761
f 801/758/765 934/759/766 793/760/767
f 813/761/768 972/762/769 1175/763/770
f 1175/763/770 901/764/771 813/761/768
f 850/765/772 997/766/773 975/767/774
f 975/767/774 1185/768/775 850/765/772
f 907/769/776 778/770/777 919/771/778
f 907/769/776 919/771/778 830/772/779
f 907/769/776 830/772/779 771/773/780
f 1051/774/781 791/775/782 945/776/783
f 1051/774/781 945/776/783 834/777/784
f 1051/774/781 834/777/784 1058/778/785
f 838/779/786 1041/780/787 794/781/788
f 794/781/788 933/782/789 838/779/786
f 925/783/790 1049/784/791 842/785/792
f 1002/786/793 802/787/794 951/788/795
f 951/788/795 948/789/796 1002/786/793
f 1017/790/797 1025/791/798 1037/792/799
f 897/793/800 967/794/801 1153/795/802
f 1037/792/799 897/793/800 1153/795/802
f 880/796/803 939/797/804 956/798/805
f 1153/795/802 880/796/803 956/798/805
f 1037/792/799 1153/795/802 956/798/805
f 1017/790/797 1037/792/799 956/798/805
f 1017/790/797 956/798/805 964/799/806
f 884/800/807 789/801/808 788/802/809
f 788/802/809 1140/803/810 884/800/807
f 817/804/811 941/805/812 790/806/813
f 790/806/813 888/807/814 817/804/811
f 1083/808/815 818/809/816 959/810/817
f 959/810/817 1001/811/818 1083/808/815
f 1020/812/819 1116/813/820 1099/814/821
f 1099/814/821 826/815/822 1020/812/819
f 822/816/823 1014/817/824 877/818/825
f 877/818/825 1119/819/826 822/816/823
f 833/820/827 930/821/828 1055/822/829
f 837/823/830 783/824/831 1042/825/832
f 1043/826/833 784/827/834 792/828/835
f 792/828/835 1054/829/836 1043/826/833
f 1096/830/837 1107/831/838 846/832/839
f 846/832/839 1028/833/840 1096/830/837
f 1060/834/841 864/835/842 1132/836/843
f 1132/836/843 1075/837/844 1060/834/841
f 1082/838/845 1125/839/846 1088/840/847
f 1088/840/847 1007/841/848 1082/838/845
f 1013/842/849 855/843/850 878/844/851
f 868/845/852 913/846/853 1105/847/854
f 775/848/855 923/849/856 1111/850/857
f 1111/850/857 859/851/858 775/848/855
f 863/852/859 779/853/860 906/854/861
f 906/854/861 1128/855/862 863/852/859
f 872/856/863 767/857/864 911/858/865
f 911/858/865 1093/859/866 872/856/863
f 832/860/867 879/861/868 854/862/869
f 854/862/869 768/863/870 832/860/867
f 831/864/871 918/865/872 1120/866/873
f 1120/866/873 876/867/874 831/864/871
f 1134/868/875 1150/869/876 1161/870/877
f 1161/870/877 1142/871/878 1134/868/875
f 1147/872/879 1158/873/880 987/874/881
f 889/875/882 809/876/883 985/877/884
f 985/877/884 1165/878/885 889/875/882
f 893/879/886 981/880/887 990/881/888
f 1032/882/889 1069/883/890 1178/884/891
f 1178/884/891 1170/885/892 1032/882/889
f 1181/886/893 1064/887/894 1072/888/895
f 773/889/896 915/890/897 916/891/898
f 781/892/899 927/893/900 928/894/901
f 786/895/902 936/896/903 937/897/904
f 796/898/905 943/899/906 946/900/907
f 799/901/908 953/902/909 954/903/910
f 804/904/911 961/905/912 962/906/913
f 807/907/914 969/908/915 970/909/916
f 811/910/917 977/911/918 979/912/919
f 979/912/919 983/913/920 811/910/917
f 815/914/921 989/915/922 992/916/923
f 815/914/921 992/916/923 995/917/924
f 815/914/921 995/917/924 999/918/925
f 815/914/921 999/918/925 1004/919/926
f 820/920/927 1009/921/928 1011/922/929
f 1011/922/929 1015/923/930 820/920/927
f 824/924/931 1022/925/932 1023/926/933
f 828/927/934 1030/928/935 1034/929/936
f 1034/929/936 1035/930/937 828/927/934
f 840/931/938 1045/932/939 1047/933/940
f 844/934/941 1052/935/942 1057/936/943
f 848/937/944 1062/938/945 1066/939/946
f 1066/939/946 1067/940/947 848/937/944
f 852/941/948 1074/942/949 1077/943/950
f 852/941/948 1077/943/950 1080/944/951
f 852/941/948 1080/944/951 1085/945/952
f 857/946/953 1090/947/954 1091/948/955
f 861/949/956 1098/950/957 1101/951/958
f 1101/951/958 1103/952/959 861/949/956
f 866/953/960 1109/954/961 1113/955/962
f 870/956/963 1118/957/964 1122/958/965
f 874/959/966 1127/960/967 1130/961/968
f 882/962/969 1136/963/970 1138/964/971
f 886/965/972 1144/966/973 1145/967/974
f 891/968/975 1152/969/976 1155/970/977
f 895/971/978 1160/972/979 1163/973/980
f 1163/973/980 1167/974/981 895/971/978
f 899/975/982 1172/976/983 1173/977/984
f 903/978/985 1180/979/986 1183/980/987
f 1183/980/987 1187/981/988 903/978/985
f 766/982/989 908/983/990 770/984/991
f 770/984/991 909/985/992 766/982/989
f 910/986/993 769/987/994 858/988/995
f 858/988/995 1094/989/996 910/986/993
f 912/990/997 772/991/998 862/992/999
f 862/992/999 1106/993/1000 912/990/997
f 774/994/1001 920/995/1002 777/996/1003
f 777/996/1003 921/997/1004 774/994/1001
f 922/998/1005 776/999/1006 867/1000/1007
f 867/1000/1007 1112/1001/1008 922/998/1005
f 947/1002/1009 942/1003/1010 816/1004/1011
f 816/1004/1011 1003/1005/1012 947/1002/1009
f 944/1006/1013 795/1007/1014 1040/1008/1015
f 1040/1008/1015 835/1009/1016 944/1006/1013
f 932/1010/1017 785/1011/1018 1046/1012/1019
f 1046/1012/1019 839/1013/1020 932/1010/1017
f 929/1014/1021 926/1015/1022 845/1016/1023
f 845/1016/1023 1056/1017/1024 929/1014/1021
f 800/1018/1025 957/1019/1026 938/1020/1027
f 938/1020/1027 935/1021/1028 800/1018/1025
f 797/1022/1029 949/1023/1030 950/1024/1031
f 950/1024/1031 798/1025/1032 797/1022/1029
f 805/1026/1033 965/1027/1034 955/1028/1035
f 955/1028/1035 952/1029/1036 805/1026/1033
f 966/1030/1037 806/1031/1038 892/1032/1039
f 892/1032/1039 1154/1033/1040 966/1030/1037
f 984/1034/1041 978/1035/1042 896/1036/1043
f 896/1036/1043 1166/1037/1044 984/1034/1041
f 1000/1038/1045 994/1039/1046 853/1040/1047
f 853/1040/1047 1084/1041/1048 1000/1038/1045
f 812/1042/1049 982/1043/1050 808/1044/1051
f 808/1044/1051 973/1045/1052 812/1042/1049
f 1005/1046/1053 998/1047/1054 958/1048/1055
f 958/1048/1055 803/1049/1056 1005/1046/1053
f 1016/1050/1057 1010/1051/1058 825/1052/1059
f 825/1052/1059 1026/1053/1060 1016/1050/1057
f 1036/1054/1061 1033/1055/1062 1169/1056/1063
f 1169/1056/1063 898/1057/1064 1036/1054/1061
f 1024/1058/1065 1021/1059/1066 829/1060/1067
f 829/1060/1067 1038/1061/1068 1024/1058/1065
f 1019/1062/1069 823/1063/1070 1123/1064/1071
f 1123/1064/1071 1117/1065/1072 1019/1062/1069
f 836/1066/1073 1039/1067/1074 782/1068/1075
f 782/1068/1075 931/1069/1076 836/1066/1073
f 841/1070/1077 1050/1071/1078 924/1072/1079
f 924/1072/1079 780/1073/1080 841/1070/1077
f 1048/1074/1081 1044/1075/1082 1053/1076/1083
f 1053/1076/1083 843/1077/1084 1048/1074/1081
f 1068/1078/1085 1065/1079/1086 1184/1080/1087
f 1184/1080/1087 1179/1081/1088 1068/1078/1085
f 1031/1082/1089 1029/1083/1090 849/1084/1091
f 849/1084/1091 1070/1085/1092 1031/1082/1089
f 1081/1086/1093 1076/1087/1094 1131/1088/1095
f 1131/1088/1095 1126/1089/1096 1081/1086/1093
f 1063/1090/1097 1061/1091/1098 1078/1092/1099
f 1078/1092/1099 1073/1093/1100 1063/1090/1097
f 821/1094/1101 1018/1095/1102 963/1096/1103
f 963/1096/1103 960/1097/1104 821/1094/1101
f 1086/1098/1105 1079/1099/1106 1006/1100/1107
f 1006/1100/1107 819/1101/1108 1086/1098/1105
f 1087/1102/1109 856/1103/1110 1012/1104/1111
f 1012/1104/1111 1008/1105/1112 1087/1102/1109
f 1102/1106/1113 1097/1107/1114 1027/1108/1115
f 1027/1108/1115 827/1109/1116 1102/1106/1113
f 1110/1110/1117 865/1111/1118 1059/1112/1119
f 1059/1112/1119 847/1113/1120 1110/1110/1117
f 871/1114/1121 1121/1115/1122 917/1116/1123
f 917/1116/1123 914/1117/1124 871/1114/1121
f 875/1118/1125 1129/1119/1126 905/1120/1127
f 905/1120/1127 765/1121/1128 875/1118/1125
f 1115/1122/1129 869/1123/1130 1104/1124/1131
f 1104/1124/1131 1100/1125/1132 1115/1122/1129
f 1095/1126/1133 860/1127/1134 1114/1128/1135
f 1114/1128/1135 1108/1129/1136 1095/1126/1133
f 1124/1130/1137 873/1131/1138 1092/1132/1139
f 1092/1132/1139 1089/1133/1140 1124/1130/1137
f 883/1134/1141 1137/1135/1142 787/1136/1143
f 787/1136/1143 940/1137/1144 883/1134/1141
f 1139/1138/1145 1135/1139/1146 1141/1140/1147
f 1141/1140/1147 885/1141/1148 1139/1138/1145
f 996/1142/1149 991/1143/1150 980/1144/1151
f 980/1144/1151 976/1145/1152 996/1142/1149
f 887/1146/1153 1148/1147/1154 986/1148/1155
f 986/1148/1155 814/1149/1156 887/1146/1153
f 1156/1150/1157 1151/1151/1158 1133/1152/1159
f 1133/1152/1159 881/1153/1160 1156/1150/1157
f 1164/1154/1161 1159/1155/1162 1146/1156/1163
f 1146/1156/1163 1143/1157/1164 1164/1154/1161
f 1149/1158/1165 890/1159/1166 1168/1160/1167
f 1168/1160/1167 1162/1161/1168 1149/1158/1165
f 1157/1162/1169 894/1163/1170 993/1164/1171
f 993/1164/1171 988/1165/1172 1157/1162/1169
f 900/1166/1173 1176/1167/1174 971/1168/1175
f 971/1168/1175 968/1169/1176 900/1166/1173
f 904/1170/1177 1186/1171/1178 974/1172/1179
f 974/1172/1179 810/1173/1180 904/1170/1177
f 1174/1174/1181 1171/1175/1182 1177/1176/1183
f 1177/1176/1183 902/1177/1184 1174/1174/1181
f 1188/1178/1185 1182/1179/1186 1071/1180/1187
f 1071/1180/1187 851/1181/1188 1188/1178/1185
f 765/1121/1128 767/857/864 872/856/863
f 872/856/863 875/1118/1125 765/1121/1128
f 766/982/989 765/1121/1128 905/1120/1127
f 905/1120/1127 908/983/990 766/982/989
f 767/857/864 766/982/989 909/985/992
f 909/985/992 911/858/865 767/857/864
f 765/1121/1128 766/982/989 767/857/864
f 768/863/870 771/773/780 830/772/779
f 830/772/779 832/860/867 768/863/870
f 769/987/994 768/863/870 854/862/869
f 854/862/869 858/988/995 769/987/994
f 770/984/991 769/987/994 910/986/993
f 910/986/993 909/985/992 770/984/991
f 771/773/780 770/984/991 908/983/990
f 908/983/990 907/769/776 771/773/780
f 770/984/991 771/773/780 768/863/870
f 768/863/870 769/987/994 770/984/991
f 772/991/998 775/848/855 859/851/858
f 859/851/858 862/992/999 772/991/998
f 773/889/896 772/991/998 912/990/997
f 912/990/997 915/890/897 773/889/896
f 774/994/1001 773/889/896 916/891/898
f 916/891/898 920/995/1002 774/994/1001
f 775/848/855 774/994/1001 921/997/1004
f 921/997/1004 923/849/856 775/848/855
f 773/889/896 774/994/1001 775/848/855
f 775/848/855 772/991/998 773/889/896
f 776/999/1006 779/853/860 863/852/859
f 863/852/859 867/1000/1007 776/999/1006
f 777/996/1003 776/999/1006 922/998/1005
f 922/998/1005 921/997/1004 777/996/1003
f 778/770/777 777/996/1003 920/995/1002
f 920/995/1002 919/771/778 778/770/777
f 779/853/860 778/770/777 907/769/776
f 907/769/776 906/854/861 779/853/860
f 777/996/1003 778/770/777 779/853/860
f 779/853/860 776/999/1006 777/996/1003
f 780/1073/1080 783/824/831 837/823/830
f 837/823/830 841/1070/1077 780/1073/1080
f 781/892/899 780/1073/1080 924/1072/1079
f 924/1072/1079 927/893/900 781/892/899
f 782/1068/1075 781/892/899 928/894/901
f 928/894/901 931/1069/1076 782/1068/1075
f 783/824/831 782/1068/1075 1039/1067/1074
f 1039/1067/1074 1042/825/832 783/824/831
f 781/892/899 782/1068/1075 783/824/831
f 783/824/831 780/1073/1080 781/892/899
f 784/827/834 788/802/809 789/801/808
f 789/801/808 792/828/835 784/827/834
f 785/1011/1018 784/827/834 1043/826/833
f 1043/826/833 1046/1012/1019 785/1011/1018
f 786/895/902 785/1011/1018 932/1010/1017
f 932/1010/1017 936/896/903 786/895/902
f 787/1136/1143 786/895/902 937/897/904
f 937/897/904 940/1137/1144 787/1136/1143
f 788/802/809 787/1136/1143 1137/1135/1142
f 1137/1135/1142 1140/803/810 788/802/809
f 788/802/809 784/827/834 785/1011/1018
f 788/802/809 785/1011/1018 786/895/902
f 788/802/809 786/895/902 787/1136/1143
f 790/806/813 789/801/808 884/800/807
f 884/800/807 888/807/814 790/806/813
f 791/775/782 790/806/813 941/805/812
f 941/805/812 945/776/783 791/775/782
f 792/828/835 791/775/782 1051/774/781
f 1051/774/781 1054/829/836 792/828/835
f 790/806/813 791/775/782 792/828/835
f 792/828/835 789/801/808 790/806/813
f 793/760/767 797/1022/1029 798/1025/1032
f 798/1025/1032 801/758/765 793/760/767
f 794/781/788 793/760/767 934/759/766
f 934/759/766 933/782/789 794/781/788
f 795/1007/1014 794/781/788 1041/780/787
f 1041/780/787 1040/1008/1015 795/1007/1014
f 796/898/905 795/1007/1014 944/1006/1013
f 944/1006/1013 943/899/906 796/898/905
f 797/1022/1029 796/898/905 946/900/907
f 946/900/907 949/1023/1030 797/1022/1029
f 794/781/788 795/1007/1014 796/898/905
f 794/781/788 796/898/905 797/1022/1029
f 794/781/788 797/1022/1029 793/760/767
f 799/901/908 798/1025/1032 950/1024/1031
f 950/1024/1031 953/902/909 799/901/908
f 800/1018/1025 799/901/908 954/903/910
f 954/903/910 957/1019/1026 800/1018/1025
f 801/758/765 800/1018/1025 935/1021/1028
f 935/1021/1028 934/759/766 801/758/765
f 799/901/908 800/1018/1025 801/758/765
f 801/758/765 798/1025/1032 799/901/908
f 802/787/794 805/1026/1033 952/1029/1036
f 952/1029/1036 951/788/795 802/787/794
f 803/1049/1056 802/787/794 1002/786/793
f 1002/786/793 1005/1046/1053 803/1049/1056
f 804/904/911 803/1049/1056 958/1048/1055
f 958/1048/1055 961/905/912 804/904/911
f 805/1026/1033 804/904/911 962/906/913
f 962/906/913 965/1027/1034 805/1026/1033
f 804/904/911 805/1026/1033 802/787/794
f 802/787/794 803/1049/1056 804/904/911
f 806/1031/1038 809/876/883 889/875/882
f 889/875/882 892/1032/1039 806/1031/1038
f 807/907/914 806/1031/1038 966/1030/1037
f 966/1030/1037 969/908/915 807/907/914
f 808/1044/1051 807/907/914 970/909/916
f 970/909/916 973/1045/1052 808/1044/1051
f 809/876/883 808/1044/1051 982/1043/1050
f 982/1043/1050 985/877/884 809/876/883
f 807/907/914 808/1044/1051 809/876/883
f 809/876/883 806/1031/1038 807/907/914
f 810/1173/1180 813/761/768 901/764/771
f 901/764/771 904/1170/1177 810/1173/1180
f 811/910/917 810/1173/1180 974/1172/1179
f 974/1172/1179 977/911/918 811/910/917
f 812/1042/1049 811/910/917 983/913/920
f 983/913/920 982/1043/1050 812/1042/1049
f 813/761/768 812/1042/1049 973/1045/1052
f 973/1045/1052 972/762/769 813/761/768
f 811/910/917 812/1042/1049 813/761/768
f 813/761/768 810/1173/1180 811/910/917
f 814/1149/1156 817/804/811 888/807/814
f 888/807/814 887/1146/1153 814/1149/1156
f 815/914/921 814/1149/1156 986/1148/1155
f 986/1148/1155 989/915/922 815/914/921
f 816/1004/1011 815/914/921 1004/919/926
f 1004/919/926 1003/1005/1012 816/1004/1011
f 817/804/811 816/1004/1011 942/1003/1010
f 942/1003/1010 941/805/812 817/804/811
f 815/914/921 816/1004/1011 817/804/811
f 817/804/811 814/1149/1156 815/914/921
f 818/809/816 821/1094/1101 960/1097/1104
f 960/1097/1104 959/810/817 818/809/816
f 819/1101/1108 818/809/816 1083/808/815
f 1083/808/815 1086/1098/1105 819/1101/1108
f 820/920/927 819/1101/1108 1006/1100/1107
f 1006/1100/1107 1009/921/928 820/920/927
f 821/1094/1101 820/920/927 1015/923/930
f 1015/923/930 1018/1095/1102 821/1094/1101
f 820/920/927 821/1094/1101 818/809/816
f 818/809/816 819/1101/1108 820/920/927
f 822/816/823 825/1052/1059 1010/1051/1058
f 1010/1051/1058 1014/817/824 822/816/823
f 823/1063/1070 822/816/823 1119/819/826
f 1119/819/826 1123/1064/1071 823/1063/1070
f 824/924/931 823/1063/1070 1019/1062/1069
f 1019/1062/1069 1022/925/932 824/924/931
f 825/1052/1059 824/924/931 1023/926/933
f 1023/926/933 1026/1053/1060 825/1052/1059
f 824/924/931 825/1052/1059 822/816/823
f 822/816/823 823/1063/1070 824/924/931
f 826/815/822 829/1060/1067 1021/1059/1066
f 1021/1059/1066 1020/812/819 826/815/822
f 827/1109/1116 826/815/822 1099/814/821
f 1099/814/821 1102/1106/1113 827/1109/1116
f 828/927/934 827/1109/1116 1027/1108/1115
f 1027/1108/1115 1030/928/935 828/927/934
f 829/1060/1067 828/927/934 1035/930/937
f 1035/930/937 1038/1061/1068 829/1060/1067
f 828/927/934 829/1060/1067 826/815/822
f 826/815/822 827/1109/1116 828/927/934
f 831/864/871 830/772/779 919/771/778
f 919/771/778 918/865/872 831/864/871
f 832/860/867 831/864/871 876/867/874
f 876/867/874 879/861/868 832/860/867
f 830/772/779 831/864/871 832/860/867
f 833/820/827 836/1066/1073 931/1069/1076
f 931/1069/1076 930/821/828 833/820/827
f 834/777/784 833/820/827 1055/822/829
f 1055/822/829 1058/778/785 834/777/784
f 835/1009/1016 834/777/784 945/776/783
f 945/776/783 944/1006/1013 835/1009/1016
f 836/1066/1073 835/1009/1016 1040/1008/1015
f 1040/1008/1015 1039/1067/1074 836/1066/1073
f 835/1009/1016 836/1066/1073 833/820/827
f 833/820/827 834/777/784 835/1009/1016
f 838/779/786 837/823/830 1042/825/832
f 1042/825/832 1041/780/787 838/779/786
f 839/1013/1020 838/779/786 933/782/789
f 933/782/789 932/1010/1017 839/1013/1020
f 840/931/938 839/1013/1020 1046/1012/1019
f 1046/1012/1019 1045/932/939 840/931/938
f 841/1070/1077 840/931/938 1047/933/940
f 1047/933/940 1050/1071/1078 841/1070/1077
f 838/779/786 839/1013/1020 840/931/938
f 838/779/786 840/931/938 841/1070/1077
f 838/779/786 841/1070/1077 837/823/830
f 842/785/792 845/1016/1023 926/1015/1022
f 926/1015/1022 925/783/790 842/785/792
f 843/1077/1084 842/785/792 1049/784/791
f 1049/784/791 1048/1074/1081 843/1077/1084
f 844/934/941 843/1077/1084 1053/1076/1083
f 1053/1076/1083 1052/935/942 844/934/941
f 845/1016/1023 844/934/941 1057/936/943
f 1057/936/943 1056/1017/1024 845/1016/1023
f 844/934/941 845/1016/1023 842/785/792
f 842/785/792 843/1077/1084 844/934/941
f 846/832/839 849/1084/1091 1029/1083/1090
f 1029/1083/1090 1028/833/840 846/832/839
f 847/1113/1120 846/832/839 1107/831/838
f 1107/831/838 1110/1110/1117 847/1113/1120
f 848/937/944 847/1113/1120 1059/1112/1119
f 1059/1112/1119 1062/938/945 848/937/944
f 849/1084/1091 848/937/944 1067/940/947
f 1067/940/947 1070/1085/1092 849/1084/1091
f 848/937/944 849/1084/1091 846/832/839
f 846/832/839 847/1113/1120 848/937/944
f 850/765/772 853/1040/1047 994/1039/1046
f 994/1039/1046 997/766/773 850/765/772
f 851/1181/1188 850/765/772 1185/768/775
f 1185/768/775 1188/1178/1185 851/1181/1188
f 852/941/948 851/1181/1188 1071/1180/1187
f 1071/1180/1187 1074/942/949 852/941/948
f 853/1040/1047 852/941/948 1085/945/952
f 1085/945/952 1084/1041/1048 853/1040/1047
f 852/941/948 853/1040/1047 850/765/772
f 850/765/772 851/1181/1188 852/941/948
f 855/843/850 854/862/869 879/861/868
f 879/861/868 878/844/851 855/843/850
f 856/1103/1110 855/843/850 1013/842/849
f 1013/842/849 1012/1104/1111 856/1103/1110
f 857/946/953 856/1103/1110 1087/1102/1109
f 1087/1102/1109 1090/947/954 857/946/953
f 858/988/995 857/946/953 1091/948/955
f 1091/948/955 1094/989/996 858/988/995
f 857/946/953 858/988/995 854/862/869
f 857/946/953 854/862/869 855/843/850
f 857/946/953 855/843/850 856/1103/1110
f 860/1127/1134 859/851/858 1111/850/857
f 1111/850/857 1114/1128/1135 860/1127/1134
f 861/949/956 860/1127/1134 1095/1126/1133
f 1095/1126/1133 1098/950/957 861/949/956
f 862/992/999 861/949/956 1103/952/959
f 1103/952/959 1106/993/1000 862/992/999
f 861/949/956 862/992/999 859/851/858
f 859/851/858 860/1127/1134 861/949/956
f 864/835/842 863/852/859 1128/855/862
f 1128/855/862 1132/836/843 864/835/842
f 865/1111/1118 864/835/842 1060/834/841
f 1060/834/841 1059/1112/1119 865/1111/1118
f 866/953/960 865/1111/1118 1110/1110/1117
f 1110/1110/1117 1109/954/961 866/953/960
f 867/1000/1007 866/953/960 1113/955/962
f 1113/955/962 1112/1001/1008 867/1000/1007
f 864/835/842 865/1111/1118 866/953/960
f 864/835/842 866/953/960 867/1000/1007
f 864/835/842 867/1000/1007 863/852/859
f 868/845/852 871/1114/1121 914/1117/1124
f 914/1117/1124 913/846/853 868/845/852
f 869/1123/1130 868/845/852 1105/847/854
f 1105/847/854 1104/1124/1131 869/1123/1130
f 870/956/963 869/1123/1130 1115/1122/1129
f 1115/1122/1129 1118/957/964 870/956/963
f 871/1114/1121 870/956/963 1122/958/965
f 1122/958/965 1121/1115/1122 871/1114/1121
f 870/956/963 871/1114/1121 868/845/852
f 868/845/852 869/1123/1130 870/956/963
f 873/1131/1138 872/856/863 1093/859/866
f 1093/859/866 1092/1132/1139 873/1131/1138
f 874/959/966 873/1131/1138 1124/1130/1137
f 1124/1130/1137 1127/960/967 874/959/966
f 875/1118/1125 874/959/966 1130/961/968
f 1130/961/968 1129/1119/1126 875/1118/1125
f 874/959/966 875/1118/1125 872/856/863
f 872/856/863 873/1131/1138 874/959/966
f 877/818/825 876/867/874 1120/866/873
f 1120/866/873 1119/819/826 877/818/825
f 878/844/851 877/818/825 1014/817/824
f 1014/817/824 1013/842/849 878/844/851
f 878/844/851 879/861/868 876/867/874
f 876/867/874 877/818/825 878/844/851
f 880/796/803 883/1134/1141 940/1137/1144
f 940/1137/1144 939/797/804 880/796/803
f 881/1153/1160 880/796/803 1153/795/802
f 1153/795/802 1156/1150/1157 881/1153/1160
f 882/962/969 881/1153/1160 1133/1152/1159
f 1133/1152/1159 1136/963/970 882/962/969
f 883/1134/1141 882/962/969 1138/964/971
f 1138/964/971 1137/1135/1142 883/1134/1141
f 882/962/969 883/1134/1141 880/796/803
f 880/796/803 881/1153/1160 882/962/969
f 885/1141/1148 884/800/807 1140/803/810
f 1140/803/810 1139/1138/1145 885/1141/1148
f 886/965/972 885/1141/1148 1141/1140/1147
f 1141/1140/1147 1144/966/973 886/965/972
f 887/1146/1153 886/965/972 1145/967/974
f 1145/967/974 1148/1147/1154 887/1146/1153
f 884/800/807 885/1141/1148 886/965/972
f 884/800/807 886/965/972 887/1146/1153
f 884/800/807 887/1146/1153 888/807/814
f 890/1159/1166 889/875/882 1165/878/885
f 1165/878/885 1168/1160/1167 890/1159/1166
f 891/968/975 890/1159/1166 1149/1158/1165
f 1149/1158/1165 1152/969/976 891/968/975
f 892/1032/1039 891/968/975 1155/970/977
f 1155/970/977 1154/1033/1040 892/1032/1039
f 891/968/975 892/1032/1039 889/875/882
f 889/875/882 890/1159/1166 891/968/975
f 893/879/886 896/1036/1043 978/1035/1042
f 978/1035/1042 981/880/887 893/879/886
f 894/1163/1170 893/879/886 990/881/888
f 990/881/888 993/1164/1171 894/1163/1170
f 895/971/978 894/1163/1170 1157/1162/1169
f 1157/1162/1169 1160/972/979 895/971/978
f 896/1036/1043 895/971/978 1167/974/981
f 1167/974/981 1166/1037/1044 896/1036/1043
f 895/971/978 896/1036/1043 893/879/886
f 893/879/886 894/1163/1170 895/971/978
f 897/793/800 900/1166/1173 968/1169/1176
f 968/1169/1176 967/794/801 897/793/800
f 898/1057/1064 897/793/800 1037/792/799
f 1037/792/799 1036/1054/1061 898/1057/1064
f 899/975/982 898/1057/1064 1169/1056/1063
f 1169/1056/1063 1172/976/983 899/975/982
f 900/1166/1173 899/975/982 1173/977/984
f 1173/977/984 1176/1167/1174 900/1166/1173
f 899/975/982 900/1166/1173 897/793/800
f 897/793/800 898/1057/1064 899/975/982
f 902/1177/1184 901/764/771 1175/763/770
f 1175/763/770 1174/1174/1181 902/1177/1184
f 903/978/985 902/1177/1184 1177/1176/1183
f 1177/1176/1183 1180/979/986 903/978/985
f 904/1170/1177 903/978/985 1187/981/988
f 1187/981/988 1186/1171/1178 904/1170/1177
f 903/978/985 904/1170/1177 901/764/771
f 901/764/771 902/1177/1184 903/978/985
f 906/854/861 905/1120/1127 1129/1119/1126
f 1129/1119/1126 1128/855/862 906/854/861
f 908/983/990 905/1120/1127 906/854/861
f 906/854/861 907/769/776 908/983/990
f 911/858/865 910/986/993 1094/989/996
f 1094/989/996 1093/859/866 911/858/865
f 909/985/992 910/986/993 911/858/865
f 913/846/853 912/990/997 1106/993/1000
f 1106/993/1000 1105/847/854 913/846/853
f 915/890/897 914/1117/1124 917/1116/1123
f 917/1116/1123 916/891/898 915/890/897
f 915/890/897 912/990/997 913/846/853
f 913/846/853 914/1117/1124 915/890/897
f 918/865/872 917/1116/1123 1121/1115/1122
f 1121/1115/1122 1120/866/873 918/865/872
f 918/865/872 919/771/778 920/995/1002
f 918/865/872 920/995/1002 916/891/898
f 918/865/872 916/891/898 917/1116/1123
f 923/849/856 922/998/1005 1112/1001/1008
f 1112/1001/1008 1111/850/857 923/849/856
f 921/997/1004 922/998/1005 923/849/856
f 925/783/790 924/1072/1079 1050/1071/1078
f 1050/1071/1078 1049/784/791 925/783/790
f 927/893/900 926/1015/1022 929/1014/1021
f 929/1014/1021 928/894/901 927/893/900
f 927/893/900 924/1072/1079 925/783/790
f 925/783/790 926/1015/1022 927/893/900
f 930/821/828 929/1014/1021 1056/1017/1024
f 1056/1017/1024 1055/822/829 930/821/828
f 928/894/901 929/1014/1021 930/821/828
f 930/821/828 931/1069/1076 928/894/901
f 936/896/903 935/1021/1028 938/1020/1027
f 938/1020/1027 937/897/904 936/896/903
f 934/759/766 935/1021/1028 936/896/903
f 934/759/766 936/896/903 932/1010/1017
f 934/759/766 932/1010/1017 933/782/789
f 939/797/804 938/1020/1027 957/1019/1026
f 957/1019/1026 956/798/805 939/797/804
f 937/897/904 938/1020/1027 939/797/804
f 939/797/804 940/1137/1144 937/897/904
f 943/899/906 942/1003/1010 947/1002/1009
f 947/1002/1009 946/900/907 943/899/906
f 945/776/783 941/805/812 942/1003/1010
f 945/776/783 942/1003/1010 943/899/906
f 945/776/783 943/899/906 944/1006/1013
f 948/789/796 947/1002/1009 1003/1005/1012
f 1003/1005/1012 1002/786/793 948/789/796
f 949/1023/1030 948/789/796 951/788/795
f 951/788/795 950/1024/1031 949/1023/1030
f 946/900/907 947/1002/1009 948/789/796
f 948/789/796 949/1023/1030 946/900/907
f 953/902/909 952/1029/1036 955/1028/1035
f 955/1028/1035 954/903/910 953/902/909
f 953/902/909 950/1024/1031 951/788/795
f 951/788/795 952/1029/1036 953/902/909
f 956/798/805 955/1028/1035 965/1027/1034
f 965/1027/1034 964/799/806 956/798/805
f 954/903/910 955/1028/1035 956/798/805
f 956/798/805 957/1019/1026 954/903/910
f 959/810/817 958/1048/1055 998/1047/1054
f 998/1047/1054 1001/811/818 959/810/817
f 961/905/912 960/1097/1104 963/1096/1103
f 963/1096/1103 962/906/913 961/905/912
f 961/905/912 958/1048/1055 959/810/817
f 959/810/817 960/1097/1104 961/905/912
f 964/799/806 963/1096/1103 1018/1095/1102
f 1018/1095/1102 1017/790/797 964/799/806
f 962/906/913 963/1096/1103 964/799/806
f 964/799/806 965/1027/1034 962/906/913
f 967/794/801 966/1030/1037 1154/1033/1040
f 1154/1033/1040 1153/795/802 967/794/801
f 969/908/915 968/1169/1176 971/1168/1175
f 971/1168/1175 970/909/916 969/908/915
f 969/908/915 966/1030/1037 967/794/801
f 967/794/801 968/1169/1176 969/908/915
f 972/762/769 971/1168/1175 1176/1167/1174
f 1176/1167/1174 1175/763/770 972/762/769
f 970/909/916 971/1168/1175 972/762/769
f 972/762/769 973/1045/1052 970/909/916
f 975/767/774 974/1172/1179 1186/1171/1178
f 1186/1171/1178 1185/768/775 975/767/774
f 976/1145/1152 975/767/774 997/766/773
f 997/766/773 996/1142/1149 976/1145/1152
f 977/911/918 976/1145/1152 980/1144/1151
f 980/1144/1151 979/912/919 977/911/918
f 977/911/918 974/1172/1179 975/767/774
f 975/767/774 976/1145/1152 977/911/918
f 979/912/919 978/1035/1042 984/1034/1041
f 984/1034/1041 983/913/920 979/912/919
f 981/880/887 980/1144/1151 991/1143/1150
f 991/1143/1150 990/881/888 981/880/887
f 979/912/919 980/1144/1151 981/880/887
f 981/880/887 978/1035/1042 979/912/919
f 985/877/884 984/1034/1041 1166/1037/1044
f 1166/1037/1044 1165/878/885 985/877/884
f 983/913/920 984/1034/1041 985/877/884
f 985/877/884 982/1043/1050 983/913/920
f 987/874/881 986/1148/1155 1148/1147/1154
f 1148/1147/1154 1147/872/879 987/874/881
f 988/1165/1172 987/874/881 1158/873/880
f 1158/873/880 1157/1162/1169 988/1165/1172
f 989/915/922 988/1165/1172 993/1164/1171
f 993/1164/1171 992/916/923 989/915/922
f 989/915/922 986/1148/1155 987/874/881
f 987/874/881 988/1165/1172 989/915/922
f 992/916/923 991/1143/1150 996/1142/1149
f 996/1142/1149 995/917/924 992/916/923
f 992/916/923 993/1164/1171 990/881/888
f 990/881/888 991/1143/1150 992/916/923
f 995/917/924 994/1039/1046 1000/1038/1045
f 1000/1038/1045 999/918/925 995/917/924
f 995/917/924 996/1142/1149 997/766/773
f 997/766/773 994/1039/1046 995/917/924
f 999/918/925 998/1047/1054 1005/1046/1053
f 1005/1046/1053 1004/919/926 999/918/925
f 1001/811/818 1000/1038/1045 1084/1041/1048
f 1084/1041/1048 1083/808/815 1001/811/818
f 999/918/925 1000/1038/1045 1001/811/818
f 1001/811/818 998/1047/1054 999/918/925
f 1004/919/926 1005/1046/1053 1002/786/793
f 1002/786/793 1003/1005/1012 1004/919/926
f 1007/841/848 1006/1100/1107 1079/1099/1106
f 1079/1099/1106 1082/838/845 1007/841/848
f 1008/1105/1112 1007/841/848 1088/840/847
f 1088/840/847 1087/1102/1109 1008/1105/1112
f 1009/921/928 1008/1105/1112 1012/1104/1111
f 1012/1104/1111 1011/922/929 1009/921/928
f 1009/921/928 1006/1100/1107 1007/841/848
f 1007/841/848 1008/1105/1112 1009/921/928
f 1011/922/929 1010/1051/1058 1016/1050/1057
f 1016/1050/1057 1015/923/930 1011/922/929
f 1013/842/849 1014/817/824 1010/1051/1058
f 1013/842/849 1010/1051/1058 1011/922/929
f 1013/842/849 1011/922/929 1012/1104/1111
f 1017/790/797 1016/1050/1057 1026/1053/1060
f 1026/1053/1060 1025/791/798 1017/790/797
f 1015/923/930 1016/1050/1057 1017/790/797
f 1017/790/797 1018/1095/1102 1015/923/930
f 1020/812/819 1019/1062/1069 1117/1065/1072
f 1117/1065/1072 1116/813/820 1020/812/819
f 1022/925/932 1021/1059/1066 1024/1058/1065
f 1024/1058/1065 1023/926/933 1022/925/932
f 1022/925/932 1019/1062/1069 1020/812/819
f 1020/812/819 1021/1059/1066 1022/925/932
f 1025/791/798 1024/1058/1065 1038/1061/1068
f 1038/1061/1068 1037/792/799 1025/791/798
f 1023/926/933 1024/1058/1065 1025/791/798
f 1025/791/798 1026/1053/1060 1023/926/933
f 1028/833/840 1027/1108/1115 1097/1107/1114
f 1097/1107/1114 1096/830/837 1028/833/840
f 1030/928/935 1029/1083/1090 1031/1082/1089
f 1031/1082/1089 1034/929/936 1030/928/935
f 1030/928/935 1027/1108/1115 1028/833/840
f 1028/833/840 1029/1083/1090 1030/928/935
f 1032/882/889 1031/1082/1089 1070/1085/1092
f 1070/1085/1092 1069/883/890 1032/882/889
f 1033/1055/1062 1032/882/889 1170/885/892
f 1170/885/892 1169/1056/1063 1033/1055/1062
f 1034/929/936 1033/1055/1062 1036/1054/1061
f 1036/1054/1061 1035/930/937 1034/929/936
f 1034/929/936 1031/1082/1089 1032/882/889
f 1032/882/889 1033/1055/1062 1034/929/936
f 1035/930/937 1036/1054/1061 1037/792/799
f 1037/792/799 1038/1061/1068 1035/930/937
f 1040/1008/1015 1041/780/787 1042/825/832
f 1042/825/832 1039/1067/1074 1040/1008/1015
f 1044/1075/1082 1043/826/833 1054/829/836
f 1054/829/836 1053/1076/1083 1044/1075/1082
f 1045/932/939 1044/1075/1082 1048/1074/1081
f 1048/1074/1081 1047/933/940 1045/932/939
f 1045/932/939 1046/1012/1019 1043/826/833
f 1043/826/833 1044/1075/1082 1045/932/939
f 1047/933/940 1048/1074/1081 1049/784/791
f 1049/784/791 1050/1071/1078 1047/933/940
f 1052/935/942 1051/774/781 1058/778/785
f 1058/778/785 1057/936/943 1052/935/942
f 1052/935/942 1053/1076/1083 1054/829/836
f 1054/829/836 1051/774/781 1052/935/942
f 1057/936/943 1058/778/785 1055/822/829
f 1055/822/829 1056/1017/1024 1057/936/943
f 1061/1091/1098 1060/834/841 1075/837/844
f 1075/837/844 1078/1092/1099 1061/1091/1098
f 1062/938/945 1061/1091/1098 1063/1090/1097
f 1063/1090/1097 1066/939/946 1062/938/945
f 1062/938/945 1059/1112/1119 1060/834/841
f 1060/834/841 1061/1091/1098 1062/938/945
f 1064/887/894 1063/1090/1097 1073/1093/1100
f 1073/1093/1100 1072/888/895 1064/887/894
f 1065/1079/1086 1064/887/894 1181/886/893
f 1181/886/893 1184/1080/1087 1065/1079/1086
f 1066/939/946 1065/1079/1086 1068/1078/1085
f 1068/1078/1085 1067/940/947 1066/939/946
f 1066/939/946 1063/1090/1097 1064/887/894
f 1064/887/894 1065/1079/1086 1066/939/946
f 1069/883/890 1068/1078/1085 1179/1081/1088
f 1179/1081/1088 1178/884/891 1069/883/890
f 1067/940/947 1068/1078/1085 1069/883/890
f 1069/883/890 1070/1085/1092 1067/940/947
f 1072/888/895 1071/1180/1187 1182/1179/1186
f 1182/1179/1186 1181/886/893 1072/888/895
f 1074/942/949 1073/1093/1100 1078/1092/1099
f 1078/1092/1099 1077/943/950 1074/942/949
f 1074/942/949 1071/1180/1187 1072/888/895
f 1072/888/895 1073/1093/1100 1074/942/949
f 1076/1087/1094 1075/837/844 1132/836/843
f 1132/836/843 1131/1088/1095 1076/1087/1094
f 1077/943/950 1076/1087/1094 1081/1086/1093
f 1081/1086/1093 1080/944/951 1077/943/950
f 1077/943/950 1078/1092/1099 1075/837/844
f 1075/837/844 1076/1087/1094 1077/943/950
f 1080/944/951 1079/1099/1106 1086/1098/1105
f 1086/1098/1105 1085/945/952 1080/944/951
f 1082/838/845 1081/1086/1093 1126/1089/1096
f 1126/1089/1096 1125/839/846 1082/838/845
f 1080/944/951 1081/1086/1093 1082/838/845
f 1082/838/845 1079/1099/1106 1080/944/951
f 1085/945/952 1086/1098/1105 1083/808/815
f 1083/808/815 1084/1041/1048 1085/945/952
f 1089/1133/1140 1088/840/847 1125/839/846
f 1125/839/846 1124/1130/1137 1089/1133/1140
f 1090/947/954 1089/1133/1140 1092/1132/1139
f 1092/1132/1139 1091/948/955 1090/947/954
f 1090/947/954 1087/1102/1109 1088/840/847
f 1088/840/847 1089/1133/1140 1090/947/954
f 1091/948/955 1092/1132/1139 1093/859/866
f 1093/859/866 1094/989/996 1091/948/955
f 1096/830/837 1095/1126/1133 1108/1129/1136
f 1108/1129/1136 1107/831/838 1096/830/837
f 1098/950/957 1097/1107/1114 1102/1106/1113
f 1102/1106/1113 1101/951/958 1098/950/957
f 1098/950/957 1095/1126/1133 1096/830/837
f 1096/830/837 1097/1107/1114 1098/950/957
f 1100/1125/1132 1099/814/821 1116/813/820
f 1116/813/820 1115/1122/1129 1100/1125/1132
f 1101/951/958 1100/1125/1132 1104/1124/1131
f 1104/1124/1131 1103/952/959 1101/951/958
f 1101/951/958 1102/1106/1113 1099/814/821
f 1099/814/821 1100/1125/1132 1101/951/958
f 1103/952/959 1104/1124/1131 1105/847/854
f 1105/847/854 1106/993/1000 1103/952/959
f 1109/954/961 1108/1129/1136 1114/1128/1135
f 1114/1128/1135 1113/955/962 1109/954/961
f 1109/954/961 1110/1110/1117 1107/831/838
f 1107/831/838 1108/1129/1136 1109/954/961
f 1113/955/962 1114/1128/1135 1111/850/857
f 1111/850/857 1112/1001/1008 1113/955/962
f 1118/957/964 1117/1065/1072 1123/1064/1071
f 1123/1064/1071 1122/958/965 1118/957/964
f 1118/957/964 1115/1122/1129 1116/813/820
f 1116/813/820 1117/1065/1072 1118/957/964
f 1119/819/826 1120/866/873 1121/1115/1122
f 1119/819/826 1121/1115/1122 1122/958/965
f 1119/819/826 1122/958/965 1123/1064/1071
f 1127/960/967 1126/1089/1096 1131/1088/1095
f 1131/1088/1095 1130/961/968 1127/960/967
f 1127/960/967 1124/1130/1137 1125/839/846
f 1125/839/846 1126/1089/1096 1127/960/967
f 1132/836/843 1128/855/862 1129/1119/1126
f 1132/836/843 1129/1119/1126 1130/961/968
f 1132/836/843 1130/961/968 1131/1088/1095
f 1134/868/875 1133/1152/1159 1151/1151/1158
f 1151/1151/1158 1150/869/876 1134/868/875
f 1135/1139/1146 1134/868/875 1142/871/878
f 1142/871/878 1141/1140/1147 1135/1139/1146
f 1136/963/970 1135/1139/1146 1139/1138/1145
f 1139/1138/1145 1138/964/971 1136/963/970
f 1136/963/970 1133/1152/1159 1134/868/875
f 1134/868/875 1135/1139/1146 1136/963/970
f 1138/964/971 1139/1138/1145 1140/803/810
f 1140/803/810 1137/1135/1142 1138/964/971
f 1143/1157/1164 1142/871/878 1161/870/877
f 1161/870/877 1164/1154/1161 1143/1157/1164
f 1144/966/973 1143/1157/1164 1146/1156/1163
f 1146/1156/1163 1145/967/974 1144/966/973
f 1144/966/973 1141/1140/1147 1142/871/878
f 1142/871/878 1143/1157/1164 1144/966/973
f 1147/872/879 1146/1156/1163 1159/1155/1162
f 1159/1155/1162 1158/873/880 1147/872/879
f 1145/967/974 1146/1156/1163 1147/872/879
f 1147/872/879 1148/1147/1154 1145/967/974
f 1150/869/876 1149/1158/1165 1162/1161/1168
f 1162/1161/1168 1161/870/877 1150/869/876
f 1152/969/976 1151/1151/1158 1156/1150/1157
f 1156/1150/1157 1155/970/977 1152/969/976
f 1152/969/976 1149/1158/1165 1150/869/876
f 1150/869/876 1151/1151/1158 1152/969/976
f 1155/970/977 1156/1150/1157 1153/795/802
f 1153/795/802 1154/1033/1040 1155/970/977
f 1160/972/979 1159/1155/1162 1164/1154/1161
f 1164/1154/1161 1163/973/980 1160/972/979
f 1160/972/979 1157/1162/1169 1158/873/880
f 1158/873/880 1159/1155/1162 1160/972/979
f 1163/973/980 1162/1161/1168 1168/1160/1167
f 1168/1160/1167 1167/974/981 1163/973/980
f 1163/973/980 1164/1154/1161 1161/870/877
f 1161/870/877 1162/1161/1168 1163/973/980
f 1167/974/981 1168/1160/1167 1165/878/885
f 1165/878/885 1166/1037/1044 1167/974/981
f 1171/1175/1182 1170/885/892 1178/884/891
f 1178/884/891 1177/1176/1183 1171/1175/1182
f 1172/976/983 1171/1175/1182 1174/1174/1181
f 1174/1174/1181 1173/977/984 1172/976/983
f 1172/976/983 1169/1056/1063 1170/885/892
f 1170/885/892 1171/1175/1182 1172/976/983
f 1173/977/984 1174/1174/1181 1175/763/770
f 1175/763/770 1176/1167/1174 1173/977/984
f 1180/979/986 1179/1081/1088 1184/1080/1087
f 1184/1080/1087 1183/980/987 1180/979/986
f 1180/979/986 1177/1176/1183 1178/884/891
f 1178/884/891 1179/1081/1088 1180/979/986
f 1183/980/987 1182/1179/1186 1188/1178/1185
f 1188/1178/1185 1187/981/988 1183/980/987
f 1183/980/987 1184/1080/1087 1181/886/893
f 1181/886/893 1182/1179/1186 1183/980/987
f 1187/981/988 1188/1178/1185 1185/768/775
f 1185/768/775 1186/1171/1178 1187/981/988
f 1201/1182/1189 1208/1183/1189 1197/1184/1189
f 1197/1184/1190 1189/1185/1190 1201/1182/1190
f 1203/1186/1191 1211/1187/1191 1194/1188/1191
f 1194/1188/1192 1200/1189/1192 1203/1186/1192
f 1204/1190/1193 1214/1191/1193 1195/1192/1193
f 1195/1192/1194 1202/1193/1194 1204/1190/1194
f 1198/1194/1195 1217/1195/1195 1196/1196/1195
f 1196/1196/1196 1192/1197/1196 1198/1194/1196
f 1191/1198/1197 1190/1199/1197 1199/1200/1197
f 1199/1200/1197 1205/1201/1197 1191/1198/1197
f 1216/1202/1198 1193/1203/1198 1212/1204/1198
f 1207/1205/1199 1193/1203/1199 1215/1206/1199
f 1210/1207/1200 1193/1203/1200 1206/1208/1200
f 1193/1203/1201 1209/1209/1201 1213/1210/1201
f 1189/1185/1202 1198/1194/1202 1199/1200/1202
f 1190/1199/1203 1200/1189/1203 1201/1182/1203
f 1191/1198/1204 1202/1193/1204 1203/1186/1204
f 1192/1197/1205 1204/1190/1205 1205/1201/1205
f 1194/1188/1206 1206/1208/1206 1207/1205/1206
f 1207/1205/1207 1208/1183/1207 1194/1188/1207
f 1195/1192/1208 1209/1209/1208 1210/1207/1208
f 1210/1207/1209 1211/1187/1209 1195/1192/1209
f 1196/1196/1210 1212/1204/1210 1213/1210/1210
f 1213/1210/1211 1214/1191/1211 1196/1196/1211
f 1197/1184/1212 1215/1206/1212 1216/1202/1212
f 1216/1202/1213 1217/1195/1213 1197/1184/1213
f 1189/1185/1214 1199/1200/1214 1190/1199/1214
f 1190/1199/1215 1201/1182/1215 1189/1185/1215
f 1201/1182/1216 1200/1189/1216 1194/1188/1216
f 1194/1188/1217 1208/1183/1217 1201/1182/1217
f 1200/1189/1218 1190/1199/1218 1191/1198/1218
f 1191/1198/1219 1203/1186/1219 1200/1189/1219
f 1203/1186/1220 1202/1193/1220 1195/1192/1220
f 1195/1192/1221 1211/1187/1221 1203/1186/1221
f 1202/1193/1222 1191/1198/1222 1205/1201/1222
f 1205/1201/1223 1204/1190/1223 1202/1193/1223
f 1204/1190/1224 1192/1197/1224 1196/1196/1224
f 1196/1196/1225 1214/1191/1225 1204/1190/1225
f 1192/1197/1226 1205/1201/1226 1199/1200/1226
f 1199/1200/1227 1198/1194/1227 1192/1197/1227
f 1197/1184/1228 1217/1195/1228 1198/1194/1228
f 1198/1194/1229 1189/1185/1229 1197/1184/1229
f 1216/1202/1230 1215/1206/1230 1193/1203/1230
f 1207/1205/1231 1206/1208/1231 1193/1203/1231
f 1210/1207/1232 1209/1209/1232 1193/1203/1232
f 1208/1183/1233 1207/1205/1233 1215/1206/1233
f 1215/1206/1234 1197/1184/1234 1208/1183/1234
f 1211/1187/1235 1210/1207/1235 1206/1208/1235
f 1206/1208/1236 1194/1188/1236 1211/1187/1236
f 1214/1191/1237 1213/1210/1237 1209/1209/1237
f 1209/1209/1238 1195/1192/1238 1214/1191/1238
f 1217/1195/1239 1216/1202/1239 1212/1204/1239
f 1212/1204/1240 1196/1196/1240 1217/1195/1240
f 1193/1203/1241 1213/1210/1241 1212/1204/1241
f 1256/1211/1242 1272/1212/1243 1230/1213/1244
f 1230/1213/1244 1225/1214/1245 1256/1211/1242
f 1283/1215/1246 1297/1216/1247 1303/1217/1248
f 1221/1218/1249 1265/1219/1250 1298/1220/1251
f 1298/1220/1251 1234/1221/1252 1221/1218/1249
f 1259/1222/1253 1280/1223/1254 1318/1224/1255
f 1318/1224/1255 1238/1225/1256 1259/1222/1253
f 1275/1226/1257 1267/1227/1258 1312/1228/1259
f 1312/1228/1259 1246/1229/1260 1275/1226/1257
f 1229/1230/1261 1251/1231/1262 1288/1232/1263
f 1288/1232/1263 1242/1233/1264 1229/1230/1261
f 1291/1234/1265 1315/1235/1266 1306/1236/1267
f 1219/1237/1268 1253/1238/1269 1254/1239/1270
f 1223/1240/1271 1261/1241/1272 1263/1242/1273
f 1227/1243/1274 1269/1244/1275 1270/1245/1276
f 1232/1246/1277 1277/1247/1278 1278/1248/1279
f 1236/1249/1280 1285/1250/1281 1286/1251/1282
f 1240/1252/1283 1293/1253/1284 1295/1254/1285
f 1295/1254/1285 1300/1255/1286 1240/1252/1283
f 1244/1256/1287 1305/1257/1288 1308/1258/1289
f 1308/1258/1289 1310/1259/1290 1244/1256/1287
f 1248/1260/1291 1317/1261/1292 1320/1262/1293
f 1255/1263/1294 1252/1264/1295 1228/1265/1296
f 1228/1265/1296 1273/1266/1297 1255/1263/1294
f 1271/1267/1298 1268/1268/1299 1274/1269/1300
f 1274/1269/1300 1231/1270/1301 1271/1267/1298
f 1233/1271/1302 1281/1272/1303 1258/1273/1304
f 1258/1273/1304 1222/1274/1305 1233/1271/1302
f 1224/1275/1306 1262/1276/1307 1220/1277/1308
f 1220/1277/1308 1257/1278/1309 1224/1275/1306
f 1282/1279/1310 1235/1280/1311 1301/1281/1312
f 1301/1281/1312 1294/1282/1313 1282/1279/1310
f 1290/1283/1314 1239/1284/1315 1321/1285/1316
f 1321/1285/1316 1316/1286/1317 1290/1283/1314
f 1314/1287/1318 1247/1288/1319 1311/1289/1320
f 1311/1289/1320 1307/1290/1321 1314/1287/1318
f 1302/1291/1322 1243/1292/1323 1287/1293/1324
f 1287/1293/1324 1284/1294/1325 1302/1291/1322
f 1264/1295/1326 1260/1296/1327 1241/1297/1328
f 1241/1297/1328 1299/1298/1329 1264/1295/1326
f 1237/1299/1330 1289/1300/1331 1250/1301/1332
f 1250/1301/1332 1218/1302/1333 1237/1299/1330
f 1279/1303/1334 1276/1304/1335 1249/1305/1336
f 1249/1305/1336 1319/1306/1337 1279/1303/1334
f 1266/1307/1338 1226/1308/1339 1245/1309/1340
f 1245/1309/1340 1313/1310/1341 1266/1307/1338
f 1296/1311/1342 1292/1312/1343 1309/1313/1344
f 1309/1313/1344 1304/1314/1345 1296/1311/1342
f 1218/1302/1333 1221/1218/1249 1234/1221/1252
f 1234/1221/1252 1237/1299/1330 1218/1302/1333
f 1219/1237/1268 1218/1302/1333 1250/1301/1332
f 1250/1301/1332 1253/1238/1269 1219/1237/1268
f 1220/1277/1308 1219/1237/1268 1254/1239/1270
f 1254/1239/1270 1257/1278/1309 1220/1277/1308
f 1221/1218/1249 1220/1277/1308 1262/1276/1307
f 1262/1276/1307 1265/1219/1250 1221/1218/1249
f 1219/1237/1268 1220/1277/1308 1221/1218/1249
f 1221/1218/1249 1218/1302/1333 1219/1237/1268
f 1222/1274/1305 1225/1214/1245 1230/1213/1244
f 1230/1213/1244 1233/1271/1302 1222/1274/1305
f 1223/1240/1271 1222/1274/1305 1258/1273/1304
f 1258/1273/1304 1261/1241/1272 1223/1240/1271
f 1224/1275/1306 1223/1240/1271 1263/1242/1273
f 1263/1242/1273 1262/1276/1307 1224/1275/1306
f 1225/1214/1245 1224/1275/1306 1257/1278/1309
f 1257/1278/1309 1256/1211/1242 1225/1214/1245
f 1223/1240/1271 1224/1275/1306 1225/1214/1245
f 1225/1214/1245 1222/1274/1305 1223/1240/1271
f 1226/1308/1339 1229/1230/1261 1242/1233/1264
f 1242/1233/1264 1245/1309/1340 1226/1308/1339
f 1227/1243/1274 1226/1308/1339 1266/1307/1338
f 1266/1307/1338 1269/1244/1275 1227/1243/1274
f 1228/1265/1296 1227/1243/1274 1270/1245/1276
f 1270/1245/1276 1273/1266/1297 1228/1265/1296
f 1229/1230/1261 1228/1265/1296 1252/1264/1295
f 1252/1264/1295 1251/1231/1262 1229/1230/1261
f 1227/1243/1274 1228/1265/1296 1229/1230/1261
f 1229/1230/1261 1226/1308/1339 1227/1243/1274
f 1231/1270/1301 1230/1213/1244 1272/1212/1243
f 1272/1212/1243 1271/1267/1298 1231/1270/1301
f 1232/1246/1277 1231/1270/1301 1274/1269/1300
f 1274/1269/1300 1277/1247/1278 1232/1246/1277
f 1233/1271/1302 1232/1246/1277 1278/1248/1279
f 1278/1248/1279 1281/1272/1303 1233/1271/1302
f 1232/1246/1277 1233/1271/1302 1230/1213/1244
f 1230/1213/1244 1231/1270/1301 1232/1246/1277
f 1235/1280/1311 1234/1221/1252 1298/1220/1251
f 1298/1220/1251 1301/1281/1312 1235/1280/1311
f 1236/1249/1280 1235/1280/1311 1282/1279/1310
f 1282/1279/1310 1285/1250/1281 1236/1249/1280
f 1237/1299/1330 1236/1249/1280 1286/1251/1282
f 1286/1251/1282 1289/1300/1331 1237/1299/1330
f 1236/1249/1280 1237/1299/1330 1234/1221/1252
f 1234/1221/1252 1235/1280/1311 1236/1249/1280
f 1238/1225/1256 1241/1297/1328 1260/1296/1327
f 1260/1296/1327 1259/1222/1253 1238/1225/1256
f 1239/1284/1315 1238/1225/1256 1318/1224/1255
f 1318/1224/1255 1321/1285/1316 1239/1284/1315
f 1240/1252/1283 1239/1284/1315 1290/1283/1314
f 1290/1283/1314 1293/1253/1284 1240/1252/1283
f 1241/1297/1328 1240/1252/1283 1300/1255/1286
f 1300/1255/1286 1299/1298/1329 1241/1297/1328
f 1240/1252/1283 1241/1297/1328 1238/1225/1256
f 1238/1225/1256 1239/1284/1315 1240/1252/1283
f 1243/1292/1323 1242/1233/1264 1288/1232/1263
f 1288/1232/1263 1287/1293/1324 1243/1292/1323
f 1244/1256/1287 1243/1292/1323 1302/1291/1322
f 1302/1291/1322 1305/1257/1288 1244/1256/1287
f 1245/1309/1340 1244/1256/1287 1310/1259/1290
f 1310/1259/1290 1313/1310/1341 1245/1309/1340
f 1244/1256/1287 1245/1309/1340 1242/1233/1264
f 1242/1233/1264 1243/1292/1323 1244/1256/1287
f 1246/1229/1260 1249/1305/1336 1276/1304/1335
f 1276/1304/1335 1275/1226/1257 1246/1229/1260
f 1247/1288/1319 1246/1229/1260 1312/1228/1259
f 1312/1228/1259 1311/1289/1320 1247/1288/1319
f 1248/1260/1291 1247/1288/1319 1314/1287/1318
f 1314/1287/1318 1317/1261/1292 1248/1260/1291
f 1249/1305/1336 1248/1260/1291 1320/1262/1293
f 1320/1262/1293 1319/1306/1337 1249/1305/1336
f 1248/1260/1291 1249/1305/1336 1246/1229/1260
f 1246/1229/1260 1247/1288/1319 1248/1260/1291
f 1251/1231/1262 1250/1301/1332 1289/1300/1331
f 1289/1300/1331 1288/1232/1263 1251/1231/1262
f 1253/1238/1269 1252/1264/1295 1255/1263/1294
f 1255/1263/1294 1254/1239/1270 1253/1238/1269
f 1253/1238/1269 1250/1301/1332 1251/1231/1262
f 1251/1231/1262 1252/1264/1295 1253/1238/1269
f 1256/1211/1242 1255/1263/1294 1273/1266/1297
f 1273/1266/1297 1272/1212/1243 1256/1211/1242
f 1254/1239/1270 1255/1263/1294 1256/1211/1242
f 1256/1211/1242 1257/1278/1309 1254/1239/1270
f 1259/1222/1253 1258/1273/1304 1281/1272/1303
f 1281/1272/1303 1280/1223/1254 1259/1222/1253
f 1261/1241/1272 1260/1296/1327 1264/1295/1326
f 1264/1295/1326 1263/1242/1273 1261/1241/1272
f 1261/1241/1272 1258/1273/1304 1259/1222/1253
f 1259/1222/1253 1260/1296/1327 1261/1241/1272
f 1265/1219/1250 1264/1295/1326 1299/1298/1329
f 1299/1298/1329 1298/1220/1251 1265/1219/1250
f 1263/1242/1273 1264/1295/1326 1265/1219/1250
f 1265/1219/1250 1262/1276/1307 1263/1242/1273
f 1267/1227/1258 1266/1307/1338 1313/1310/1341
f 1313/1310/1341 1312/1228/1259 1267/1227/1258
f 1268/1268/1299 1267/1227/1258 1275/1226/1257
f 1275/1226/1257 1274/1269/1300 1268/1268/1299
f 1269/1244/1275 1268/1268/1299 1271/1267/1298
f 1271/1267/1298 1270/1245/1276 1269/1244/1275
f 1269/1244/1275 1266/1307/1338 1267/1227/1258
f 1267/1227/1258 1268/1268/1299 1269/1244/1275
f 1270/1245/1276 1271/1267/1298 1272/1212/1243
f 1272/1212/1243 1273/1266/1297 1270/1245/1276
f 1277/1247/1278 1276/1304/1335 1279/1303/1334
f 1279/1303/1334 1278/1248/1279 1277/1247/1278
f 1277/1247/1278 1274/1269/1300 1275/1226/1257
f 1275/1226/1257 1276/1304/1335 1277/1247/1278
f 1280/1223/1254 1279/1303/1334 1319/1306/1337
f 1319/1306/1337 1318/1224/1255 1280/1223/1254
f 1278/1248/1279 1279/1303/1334 1280/1223/1254
f 1280/1223/1254 1281/1272/1303 1278/1248/1279
f 1283/1215/1246 1282/1279/1310 1294/1282/1313
f 1294/1282/1313 1297/1216/1247 1283/1215/1246
f 1284/1294/1325 1283/1215/1246 1303/1217/1248
f 1303/1217/1248 1302/1291/1322 1284/1294/1325
f 1285/1250/1281 1284/1294/1325 1287/1293/1324
f 1287/1293/1324 1286/1251/1282 1285/1250/1281
f 1285/1250/1281 1282/1279/1310 1283/1215/1246
f 1283/1215/1246 1284/1294/1325 1285/1250/1281
f 1286/1251/1282 1287/1293/1324 1288/1232/1263
f 1288/1232/1263 1289/1300/1331 1286/1251/1282
f 1291/1234/1265 1290/1283/1314 1316/1286/1317
f 1316/1286/1317 1315/1235/1266 1291/1234/1265
f 1292/1312/1343 1291/1234/1265 1306/1236/1267
f 1306/1236/1267 1309/1313/1344 1292/1312/1343
f 1293/1253/1284 1292/1312/1343 1296/1311/1342
f 1296/1311/1342 1295/1254/1285 1293/1253/1284
f 1293/1253/1284 1290/1283/1314 1291/1234/1265
f 1291/1234/1265 1292/1312/1343 1293/1253/1284
f 1295/1254/1285 1294/1282/1313 1301/1281/1312
f 1301/1281/1312 1300/1255/1286 1295/1254/1285
f 1297/1216/1247 1296/1311/1342 1304/1314/1345
f 1304/1314/1345 1303/1217/1248 1297/1216/1247
f 1295/1254/1285 1296/1311/1342 1297/1216/1247
f 1297/1216/1247 1294/1282/1313 1295/1254/1285
f 1300/1255/1286 1301/1281/1312 1298/1220/1251
f 1298/1220/1251 1299/1298/1329 1300/1255/1286
f 1305/1257/1288 1304/1314/1345 1309/1313/1344
f 1309/1313/1344 1308/1258/1289 1305/1257/1288
f 1305/1257/1288 1302/1291/1322 1303/1217/1248
f 1303/1217/1248 1304/1314/1345 1305/1257/1288
f 1307/1290/1321 1306/1236/1267 1315/1235/1266
f 1315/1235/1266 1314/1287/1318 1307/1290/1321
f 1308/1258/1289 1307/1290/1321 1311/1289/1320
f 1311/1289/1320 1310/1259/1290 1308/1258/1289
f 1308/1258/1289 1309/1313/1344 1306/1236/1267
f 1306/1236/1267 1307/1290/1321 1308/1258/1289
f 1310/1259/1290 1311/1289/1320 1312/1228/1259
f 1312/1228/1259 1313/1310/1341 1310/1259/1290
f 1317/1261/1292 1316/1286/1317 1321/1285/1316
f 1321/1285/1316 1320/1262/1293 1317/1261/1292
f 1317/1261/1292 1314/1287/1318 1315/1235/1266
f 1315/1235/1266 1316/1286/1317 1317/1261/1292
f 1320/1262/1293 1321/1285/1316 1318/1224/1255
f 1318/1224/1255 1319/1306/1337 1320/1262/1293
f 1334/1315/1346 1396/1316/1347 1480/1317/1348
f 1334/1315/1346 1480/1317/1348 1378/1318/1349
f 1334/1315/1346 1378/1318/1349 1325/1319/1350
f 1334/1315/1346 1325/1319/1350 1405/1320/1351
f 1391/1321/1352 1424/1322/1353 1466/1323/1354
f 1466/1323/1354 1370/1324/1355 1391/1321/1352
f 1413/1325/1356 1446/1326/1357 1350/1327/1358
f 1350/1327/1358 1329/1328/1359 1413/1325/1356
f 1399/1329/1360 1458/1330/1361 1358/1331/1362
f 1358/1331/1362 1407/1332/1363 1399/1329/1360
f 1388/1333/1364 1436/1334/1365 1362/1335/1366
f 1362/1335/1366 1333/1336/1367 1388/1333/1364
f 1418/1337/1368 1339/1338/1369 1473/1339/1370
f 1442/1340/1371 1341/1341/1372 1417/1342/1373
f 1454/1343/1374 1343/1344/1375 1441/1345/1376
f 1430/1346/1377 1345/1347/1378 1453/1348/1379
f 1349/1349/1380 1493/1350/1381 1366/1351/1382
f 1489/1352/1383 1495/1353/1384 1475/1354/1385
f 1475/1354/1385 1463/1355/1386 1489/1352/1383
f 1347/1356/1387 1429/1357/1388 1374/1358/1389
f 1354/1359/1390 1383/1360/1391 1500/1361/1392
f 1500/1361/1392 1482/1362/1393 1354/1359/1390
f 1323/1363/1394 1385/1364/1395 1386/1365/1396
f 1327/1366/1397 1393/1367/1398 1394/1368/1399
f 1331/1369/1400 1401/1370/1401 1403/1371/1402
f 1336/1372/1403 1409/1373/1404 1411/1374/1405
f 1352/1375/1406 1415/1376/1407 1420/1377/1408
f 1420/1377/1408 1422/1378/1409 1352/1375/1406
f 1356/1379/1410 1427/1380/1411 1432/1381/1412
f 1432/1381/1412 1434/1382/1413 1356/1379/1410
f 1360/1383/1414 1439/1384/1415 1444/1385/1416
f 1444/1385/1416 1448/1386/1417 1360/1383/1414
f 1364/1387/1418 1451/1388/1419 1456/1389/1420
f 1456/1389/1420 1460/1390/1421 1364/1387/1418
f 1368/1391/1422 1465/1392/1423 1468/1393/1424
f 1468/1393/1424 1471/1394/1425 1368/1391/1422
f 1372/1395/1426 1477/1396/1427 1478/1397/1428
f 1376/1398/1429 1484/1399/1430 1487/1400/1431
f 1487/1400/1431 1491/1401/1432 1376/1398/1429
f 1380/1402/1433 1497/1403/1434 1498/1404/1435
f 1324/1405/1436 1389/1406/1437 1332/1407/1438
f 1332/1407/1438 1402/1408/1439 1324/1405/1436
f 1404/1409/1440 1400/1410/1441 1406/1411/1442
f 1406/1411/1442 1335/1412/1443 1404/1409/1440
f 1337/1413/1444 1410/1414/1445 1328/1415/1446
f 1328/1415/1446 1397/1416/1447 1337/1413/1444
f 1395/1417/1448 1392/1418/1449 1373/1419/1450
f 1373/1419/1450 1481/1420/1451 1395/1417/1448
f 1390/1421/1452 1326/1422/1453 1353/1423/1454
f 1353/1423/1454 1425/1424/1455 1390/1421/1452
f 1346/1425/1456 1433/1426/1457 1426/1427/1458
f 1412/1428/1459 1408/1429/1460 1361/1430/1461
f 1361/1430/1461 1447/1431/1462 1412/1428/1459
f 1398/1432/1463 1330/1433/1464 1365/1434/1465
f 1365/1434/1465 1459/1435/1466 1398/1432/1463
f 1421/1436/1467 1414/1437/1468 1340/1438/1469
f 1357/1439/1470 1437/1440/1471 1387/1441/1472
f 1387/1441/1472 1384/1442/1473 1357/1439/1470
f 1445/1443/1474 1438/1444/1475 1342/1445/1476
f 1457/1446/1477 1450/1447/1478 1344/1448/1479
f 1423/1449/1480 1419/1450/1481 1472/1451/1482
f 1472/1451/1482 1467/1452/1483 1423/1449/1480
f 1449/1453/1484 1443/1454/1485 1416/1455/1486
f 1416/1455/1486 1351/1456/1487 1449/1453/1484
f 1461/1457/1488 1455/1458/1489 1440/1459/1490
f 1440/1459/1490 1359/1460/1491 1461/1457/1488
f 1435/1461/1492 1431/1462/1493 1452/1463/1494
f 1452/1463/1494 1363/1464/1495 1435/1461/1492
f 1462/1465/1496 1367/1466/1497 1492/1467/1498
f 1492/1467/1498 1486/1468/1499 1462/1465/1496
f 1338/1469/1500 1369/1470/1501 1470/1471/1502
f 1479/1472/1503 1476/1473/1504 1494/1474/1505
f 1494/1474/1505 1379/1475/1506 1479/1472/1503
f 1469/1476/1507 1464/1477/1508 1474/1478/1509
f 1474/1478/1509 1371/1479/1510 1469/1476/1507
f 1485/1480/1511 1375/1481/1512 1428/1482/1513
f 1428/1482/1513 1355/1483/1514 1485/1480/1511
f 1348/1484/1515 1377/1485/1516 1490/1486/1517
f 1381/1487/1518 1501/1488/1519 1382/1489/1520
f 1382/1489/1520 1322/1490/1521 1381/1487/1518
f 1488/1491/1522 1483/1492/1523 1499/1493/1524
f 1499/1493/1524 1496/1494/1525 1488/1491/1522
f 1322/1490/1521 1325/1319/1350 1378/1318/1349
f 1378/1318/1349 1381/1487/1518 1322/1490/1521
f 1323/1363/1394 1322/1490/1521 1382/1489/1520
f 1382/1489/1520 1385/1364/1395 1323/1363/1394
f 1324/1405/1436 1323/1363/1394 1386/1365/1396
f 1386/1365/1396 1389/1406/1437 1324/1405/1436
f 1325/1319/1350 1324/1405/1436 1402/1408/1439
f 1402/1408/1439 1405/1320/1351 1325/1319/1350
f 1323/1363/1394 1324/1405/1436 1325/1319/1350
f 1325/1319/1350 1322/1490/1521 1323/1363/1394
f 1326/1422/1453 1329/1328/1359 1350/1327/1358
f 1350/1327/1358 1353/1423/1454 1326/1422/1453
f 1327/1366/1397 1326/1422/1453 1390/1421/1452
f 1390/1421/1452 1393/1367/1398 1327/1366/1397
f 1328/1415/1446 1327/1366/1397 1394/1368/1399
f 1394/1368/1399 1397/1416/1447 1328/1415/1446
f 1329/1328/1359 1328/1415/1446 1410/1414/1445
f 1410/1414/1445 1413/1325/1356 1329/1328/1359
f 1327/1366/1397 1328/1415/1446 1329/1328/1359
f 1329/1328/1359 1326/1422/1453 1327/1366/1397
f 1330/1433/1464 1333/1336/1367 1362/1335/1366
f 1362/1335/1366 1365/1434/1465 1330/1433/1464
f 1331/1369/1400 1330/1433/1464 1398/1432/1463
f 1398/1432/1463 1401/1370/1401 1331/1369/1400
f 1332/1407/1438 1331/1369/1400 1403/1371/1402
f 1403/1371/1402 1402/1408/1439 1332/1407/1438
f 1333/1336/1367 1332/1407/1438 1389/1406/1437
f 1389/1406/1437 1388/1333/1364 1333/1336/1367
f 1331/1369/1400 1332/1407/1438 1333/1336/1367
f 1333/1336/1367 1330/1433/1464 1331/1369/1400
f 1334/1315/1346 1337/1413/1444 1397/1416/1447
f 1397/1416/1447 1396/1316/1347 1334/1315/1346
f 1335/1412/1443 1334/1315/1346 1405/1320/1351
f 1405/1320/1351 1404/1409/1440 1335/1412/1443
f 1336/1372/1403 1335/1412/1443 1406/1411/1442
f 1406/1411/1442 1409/1373/1404 1336/1372/1403
f 1337/1413/1444 1336/1372/1403 1411/1374/1405
f 1411/1374/1405 1410/1414/1445 1337/1413/1444
f 1336/1372/1403 1337/1413/1444 1334/1315/1346
f 1334/1315/1346 1335/1412/1443 1336/1372/1403
f 1338/1469/1500 1349/1349/1380 1366/1351/1382
f 1366/1351/1382 1369/1470/1501 1338/1469/1500
f 1339/1338/1369 1338/1469/1500 1470/1471/1502
f 1470/1471/1502 1473/1339/1370 1339/1338/1369
f 1340/1438/1469 1339/1338/1369 1418/1337/1368
f 1418/1337/1368 1421/1436/1467 1340/1438/1469
f 1341/1341/1372 1340/1438/1469 1414/1437/1468
f 1414/1437/1468 1417/1342/1373 1341/1341/1372
f 1342/1445/1476 1341/1341/1372 1442/1340/1371
f 1442/1340/1371 1445/1443/1474 1342/1445/1476
f 1343/1344/1375 1342/1445/1476 1438/1444/1475
f 1438/1444/1475 1441/1345/1376 1343/1344/1375
f 1344/1448/1479 1343/1344/1375 1454/1343/1374
f 1454/1343/1374 1457/1446/1477 1344/1448/1479
f 1345/1347/1378 1344/1448/1479 1450/1447/1478
f 1450/1447/1478 1453/1348/1379 1345/1347/1378
f 1346/1425/1456 1345/1347/1378 1430/1346/1377
f 1430/1346/1377 1433/1426/1457 1346/1425/1456
f 1347/1356/1387 1346/1425/1456 1426/1427/1458
f 1426/1427/1458 1429/1357/1388 1347/1356/1387
f 1348/1484/1515 1347/1356/1387 1374/1358/1389
f 1374/1358/1389 1377/1485/1516 1348/1484/1515
f 1349/1349/1380 1348/1484/1515 1490/1486/1517
f 1490/1486/1517 1493/1350/1381 1349/1349/1380
f 1341/1341/1372 1342/1445/1476 1343/1344/1375
f 1345/1347/1378 1346/1425/1456 1347/1356/1387
f 1348/1484/1515 1349/1349/1380 1338/1469/1500
f 1348/1484/1515 1338/1469/1500 1339/1338/1369
f 1347/1356/1387 1348/1484/1515 1339/1338/1369
f 1345/1347/1378 1347/1356/1387 1339/1338/1369
f 1344/1448/1479 1345/1347/1378 1339/1338/1369
f 1344/1448/1479 1339/1338/1369 1340/1438/1469
f 1343/1344/1375 1344/1448/1479 1340/1438/1469
f 1341/1341/1372 1343/1344/1375 1340/1438/1469
f 1351/1456/1487 1350/1327/1358 1446/1326/1357
f 1446/1326/1357 1449/1453/1484 1351/1456/1487
f 1352/1375/1406 1351/1456/1487 1416/1455/1486
f 1416/1455/1486 1415/1376/1407 1352/1375/1406
f 1353/1423/1454 1352/1375/1406 1422/1378/1409
f 1422/1378/1409 1425/1424/1455 1353/1423/1454
f 1352/1375/1406 1353/1423/1454 1350/1327/1358
f 1350/1327/1358 1351/1456/1487 1352/1375/1406
f 1354/1359/1390 1357/1439/1470 1384/1442/1473
f 1384/1442/1473 1383/1360/1391 1354/1359/1390
f 1355/1483/1514 1354/1359/1390 1482/1362/1393
f 1482/1362/1393 1485/1480/1511 1355/1483/1514
f 1356/1379/1410 1355/1483/1514 1428/1482/1513
f 1428/1482/1513 1427/1380/1411 1356/1379/1410
f 1357/1439/1470 1356/1379/1410 1434/1382/1413
f 1434/1382/1413 1437/1440/1471 1357/1439/1470
f 1356/1379/1410 1357/1439/1470 1354/1359/1390
f 1354/1359/1390 1355/1483/1514 1356/1379/1410
f 1358/1331/1362 1361/1430/1461 1408/1429/1460
f 1408/1429/1460 1407/1332/1363 1358/1331/1362
f 1359/1460/1491 1358/1331/1362 1458/1330/1361
f 1458/1330/1361 1461/1457/1488 1359/1460/1491
f 1360/1383/1414 1359/1460/1491 1440/1459/1490
f 1440/1459/1490 1439/1384/1415 1360/1383/1414
f 1361/1430/1461 1360/1383/1414 1448/1386/1417
f 1448/1386/1417 1447/1431/1462 1361/1430/1461
f 1360/1383/1414 1361/1430/1461 1358/1331/1362
f 1358/1331/1362 1359/1460/1491 1360/1383/1414
f 1363/1464/1495 1362/1335/1366 1436/1334/1365
f 1436/1334/1365 1435/1461/1492 1363/1464/1495
f 1364/1387/1418 1363/1464/1495 1452/1463/1494
f 1452/1463/1494 1451/1388/1419 1364/1387/1418
f 1365/1434/1465 1364/1387/1418 1460/1390/1421
f 1460/1390/1421 1459/1435/1466 1365/1434/1465
f 1364/1387/1418 1365/1434/1465 1362/1335/1366
f 1362/1335/1366 1363/1464/1495 1364/1387/1418
f 1367/1466/1497 1366/1351/1382 1493/1350/1381
f 1493/1350/1381 1492/1467/1498 1367/1466/1497
f 1368/1391/1422 1367/1466/1497 1462/1465/1496
f 1462/1465/1496 1465/1392/1423 1368/1391/1422
f 1369/1470/1501 1368/1391/1422 1471/1394/1425
f 1471/1394/1425 1470/1471/1502 1369/1470/1501
f 1368/1391/1422 1369/1470/1501 1366/1351/1382
f 1366/1351/1382 1367/1466/1497 1368/1391/1422
f 1370/1324/1355 1373/1419/1450 1392/1418/1449
f 1392/1418/1449 1391/1321/1352 1370/1324/1355
f 1371/1479/1510 1370/1324/1355 1466/1323/1354
f 1466/1323/1354 1469/1476/1507 1371/1479/1510
f 1372/1395/1426 1371/1479/1510 1474/1478/1509
f 1474/1478/1509 1477/1396/1427 1372/1395/1426
f 1373/1419/1450 1372/1395/1426 1478/1397/1428
f 1478/1397/1428 1481/1420/1451 1373/1419/1450
f 1373/1419/1450 1370/1324/1355 1371/1479/1510
f 1371/1479/1510 1372/1395/1426 1373/1419/1450
f 1375/1481/1512 1374/1358/1389 1429/1357/1388
f 1429/1357/1388 1428/1482/1513 1375/1481/1512
f 1376/1398/1429 1375/1481/1512 1485/1480/1511
f 1485/1480/1511 1484/1399/1430 1376/1398/1429
f 1377/1485/1516 1376/1398/1429 1491/1401/1432
f 1491/1401/1432 1490/1486/1517 1377/1485/1516
f 1376/1398/1429 1377/1485/1516 1374/1358/1389
f 1374/1358/1389 1375/1481/1512 1376/1398/1429
f 1379/1475/1506 1378/1318/1349 1480/1317/1348
f 1480/1317/1348 1479/1472/1503 1379/1475/1506
f 1380/1402/1433 1379/1475/1506 1494/1474/1505
f 1494/1474/1505 1497/1403/1434 1380/1402/1433
f 1381/1487/1518 1380/1402/1433 1498/1404/1435
f 1498/1404/1435 1501/1488/1519 1381/1487/1518
f 1380/1402/1433 1381/1487/1518 1378/1318/1349
f 1378/1318/1349 1379/1475/1506 1380/1402/1433
f 1383/1360/1391 1382/1489/1520 1501/1488/1519
f 1501/1488/1519 1500/1361/1392 1383/1360/1391
f 1385/1364/1395 1384/1442/1473 1387/1441/1472
f 1387/1441/1472 1386/1365/1396 1385/1364/1395
f 1385/1364/1395 1382/1489/1520 1383/1360/1391
f 1383/1360/1391 1384/1442/1473 1385/1364/1395
f 1388/1333/1364 1387/1441/1472 1437/1440/1471
f 1437/1440/1471 1436/1334/1365 1388/1333/1364
f 1386/1365/1396 1387/1441/1472 1388/1333/1364
f 1388/1333/1364 1389/1406/1437 1386/1365/1396
f 1391/1321/1352 1390/1421/1452 1425/1424/1455
f 1425/1424/1455 1424/1322/1353 1391/1321/1352
f 1393/1367/1398 1392/1418/1449 1395/1417/1448
f 1395/1417/1448 1394/1368/1399 1393/1367/1398
f 1392/1418/1449 1393/1367/1398 1390/1421/1452
f 1390/1421/1452 1391/1321/1352 1392/1418/1449
f 1396/1316/1347 1395/1417/1448 1481/1420/1451
f 1481/1420/1451 1480/1317/1348 1396/1316/1347
f 1394/1368/1399 1395/1417/1448 1396/1316/1347
f 1396/1316/1347 1397/1416/1447 1394/1368/1399
f 1399/1329/1360 1398/1432/1463 1459/1435/1466
f 1459/1435/1466 1458/1330/1361 1399/1329/1360
f 1400/1410/1441 1399/1329/1360 1407/1332/1363
f 1407/1332/1363 1406/1411/1442 1400/1410/1441
f 1401/1370/1401 1400/1410/1441 1404/1409/1440
f 1404/1409/1440 1403/1371/1402 1401/1370/1401
f 1401/1370/1401 1398/1432/1463 1399/1329/1360
f 1399/1329/1360 1400/1410/1441 1401/1370/1401
f 1403/1371/1402 1404/1409/1440 1405/1320/1351
f 1405/1320/1351 1402/1408/1439 1403/1371/1402
f 1409/1373/1404 1408/1429/1460 1412/1428/1459
f 1412/1428/1459 1411/1374/1405 1409/1373/1404
f 1409/1373/1404 1406/1411/1442 1407/1332/1363
f 1407/1332/1363 1408/1429/1460 1409/1373/1404
f 1413/1325/1356 1412/1428/1459 1447/1431/1462
f 1447/1431/1462 1446/1326/1357 1413/1325/1356
f 1411/1374/1405 1412/1428/1459 1413/1325/1356
f 1413/1325/1356 1410/1414/1445 1411/1374/1405
f 1415/1376/1407 1414/1437/1468 1421/1436/1467
f 1421/1436/1467 1420/1377/1408 1415/1376/1407
f 1417/1342/1373 1416/1455/1486 1443/1454/1485
f 1443/1454/1485 1442/1340/1371 1417/1342/1373
f 1415/1376/1407 1416/1455/1486 1417/1342/1373
f 1417/1342/1373 1414/1437/1468 1415/1376/1407
f 1419/1450/1481 1418/1337/1368 1473/1339/1370
f 1473/1339/1370 1472/1451/1482 1419/1450/1481
f 1420/1377/1408 1419/1450/1481 1423/1449/1480
f 1423/1449/1480 1422/1378/1409 1420/1377/1408
f 1420/1377/1408 1421/1436/1467 1418/1337/1368
f 1418/1337/1368 1419/1450/1481 1420/1377/1408
f 1424/1322/1353 1423/1449/1480 1467/1452/1483
f 1467/1452/1483 1466/1323/1354 1424/1322/1353
f 1422/1378/1409 1423/1449/1480 1424/1322/1353
f 1424/1322/1353 1425/1424/1455 1422/1378/1409
f 1427/1380/1411 1426/1427/1458 1433/1426/1457
f 1433/1426/1457 1432/1381/1412 1427/1380/1411
f 1427/1380/1411 1428/1482/1513 1429/1357/1388
f 1429/1357/1388 1426/1427/1458 1427/1380/1411
f 1431/1462/1493 1430/1346/1377 1453/1348/1379
f 1453/1348/1379 1452/1463/1494 1431/1462/1493
f 1432/1381/1412 1431/1462/1493 1435/1461/1492
f 1435/1461/1492 1434/1382/1413 1432/1381/1412
f 1432/1381/1412 1433/1426/1457 1430/1346/1377
f 1430/1346/1377 1431/1462/1493 1432/1381/1412
f 1434/1382/1413 1435/1461/1492 1436/1334/1365
f 1436/1334/1365 1437/1440/1471 1434/1382/1413
f 1439/1384/1415 1438/1444/1475 1445/1443/1474
f 1445/1443/1474 1444/1385/1416 1439/1384/1415
f 1441/1345/1376 1440/1459/1490 1455/1458/1489
f 1455/1458/1489 1454/1343/1374 1441/1345/1376
f 1439/1384/1415 1440/1459/1490 1441/1345/1376
f 1441/1345/1376 1438/1444/1475 1439/1384/1415
f 1444/1385/1416 1443/1454/1485 1449/1453/1484
f 1449/1453/1484 1448/1386/1417 1444/1385/1416
f 1444/1385/1416 1445/1443/1474 1442/1340/1371
f 1442/1340/1371 1443/1454/1485 1444/1385/1416
f 1448/1386/1417 1449/1453/1484 1446/1326/1357
f 1446/1326/1357 1447/1431/1462 1448/1386/1417
f 1451/1388/1419 1450/1447/1478 1457/1446/1477
f 1457/1446/1477 1456/1389/1420 1451/1388/1419
f 1451/1388/1419 1452/1463/1494 1453/1348/1379
f 1453/1348/1379 1450/1447/1478 1451/1388/1419
f 1456/1389/1420 1455/1458/1489 1461/1457/1488
f 1461/1457/1488 1460/1390/1421 1456/1389/1420
f 1456/1389/1420 1457/1446/1477 1454/1343/1374
f 1454/1343/1374 1455/1458/1489 1456/1389/1420
f 1460/1390/1421 1461/1457/1488 1458/1330/1361
f 1458/1330/1361 1459/1435/1466 1460/1390/1421
f 1463/1355/1386 1462/1465/1496 1486/1468/1499
f 1486/1468/1499 1489/1352/1383 1463/1355/1386
f 1464/1477/1508 1463/1355/1386 1475/1354/1385
f 1475/1354/1385 1474/1478/1509 1464/1477/1508
f 1465/1392/1423 1464/1477/1508 1469/1476/1507
f 1469/1476/1507 1468/1393/1424 1465/1392/1423
f 1465/1392/1423 1462/1465/1496 1463/1355/1386
f 1463/1355/1386 1464/1477/1508 1465/1392/1423
f 1468/1393/1424 1467/1452/1483 1472/1451/1482
f 1472/1451/1482 1471/1394/1425 1468/1393/1424
f 1468/1393/1424 1469/1476/1507 1466/1323/1354
f 1466/1323/1354 1467/1452/1483 1468/1393/1424
f 1471/1394/1425 1472/1451/1482 1473/1339/1370
f 1473/1339/1370 1470/1471/1502 1471/1394/1425
f 1476/1473/1504 1475/1354/1385 1495/1353/1384
f 1495/1353/1384 1494/1474/1505 1476/1473/1504
f 1477/1396/1427 1476/1473/1504 1479/1472/1503
f 1479/1472/1503 1478/1397/1428 1477/1396/1427
f 1477/1396/1427 1474/1478/1509 1475/1354/1385
f 1475/1354/1385 1476/1473/1504 1477/1396/1427
f 1478/1397/1428 1479/1472/1503 1480/1317/1348
f 1480/1317/1348 1481/1420/1451 1478/1397/1428
f 1483/1492/1523 1482/1362/1393 1500/1361/1392
f 1500/1361/1392 1499/1493/1524 1483/1492/1523
f 1484/1399/1430 1483/1492/1523 1488/1491/1522
f 1488/1491/1522 1487/1400/1431 1484/1399/1430
f 1484/1399/1430 1485/1480/1511 1482/1362/1393
f 1482/1362/1393 1483/1492/1523 1484/1399/1430
f 1487/1400/1431 1486/1468/1499 1492/1467/1498
f 1492/1467/1498 1491/1401/1432 1487/1400/1431
f 1489/1352/1383 1488/1491/1522 1496/1494/1525
f 1496/1494/1525 1495/1353/1384 1489/1352/1383
f 1487/1400/1431 1488/1491/1522 1489/1352/1383
f 1489/1352/1383 1486/1468/1499 1487/1400/1431
f 1491/1401/1432 1492/1467/1498 1493/1350/1381
f 1493/1350/1381 1490/1486/1517 1491/1401/1432
f 1497/1403/1434 1496/1494/1525 1499/1493/1524
f 1499/1493/1524 1498/1404/1435 1497/1403/1434
f 1497/1403/1434 1494/1474/1505 1495/1353/1384
f 1495/1353/1384 1496/1494/1525 1497/1403/1434
f 1498/1404/1435 1499/1493/1524 1500/1361/1392
f 1500/1361/1392 1501/1488/1519 1498/1404/1435
f 1556/1495/1526 1572/1496/1527 1514/1497/1528
f 1514/1497/1528 1509/1498/1529 1556/1495/1526
f 1505/1499/1530 1565/1500/1531 1640/1501/1532
f 1640/1501/1532 1546/1502/1533 1505/1499/1530
f 1580/1503/1534 1658/1504/1535 1534/1505/1536
f 1534/1505/1536 1559/1506/1537 1580/1503/1534
f 1575/1507/1538 1567/1508/1539 1670/1509/1540
f 1670/1509/1540 1538/1510/1541 1575/1507/1538
f 1551/1511/1542 1682/1512/1543 1542/1513/1544
f 1542/1513/1544 1513/1514/1545 1551/1511/1542
f 1522/1515/1546 1592/1516/1547 1614/1517/1548
f 1650/1518/1549 1520/1519/1550 1605/1520/1551
f 1530/1521/1552 1583/1522/1553 1646/1523/1554
f 1526/1524/1555 1589/1525/1556 1626/1526/1557
f 1595/1527/1558 1613/1528/1559 1675/1529/1560
f 1675/1529/1560 1634/1530/1561 1595/1527/1558
f 1654/1531/1562 1599/1532/1563 1631/1533/1564
f 1666/1534/1565 1619/1535/1566 1643/1536/1567
f 1678/1537/1568 1607/1538/1569 1625/1539/1570
f 1625/1539/1570 1663/1540/1571 1678/1537/1568
f 1503/1541/1572 1553/1542/1573 1554/1543/1574
f 1507/1544/1575 1561/1545/1576 1563/1546/1577
f 1511/1547/1578 1569/1548/1579 1570/1549/1580
f 1516/1550/1581 1577/1551/1582 1578/1552/1583
f 1518/1553/1584 1585/1554/1585 1587/1555/1586
f 1587/1555/1586 1590/1556/1587 1518/1553/1584
f 1524/1557/1588 1597/1558/1589 1601/1559/1590
f 1601/1559/1590 1603/1560/1591 1524/1557/1588
f 1528/1561/1592 1609/1562/1593 1611/1563/1594
f 1611/1563/1594 1616/1564/1595 1528/1561/1592
f 1532/1565/1596 1621/1566/1597 1623/1567/1598
f 1623/1567/1598 1628/1568/1599 1532/1565/1596
f 1536/1569/1600 1633/1570/1601 1636/1571/1602
f 1636/1571/1602 1638/1572/1603 1536/1569/1600
f 1540/1573/1604 1645/1574/1605 1648/1575/1606
f 1540/1573/1604 1648/1575/1606 1652/1576/1607
f 1540/1573/1604 1652/1576/1607 1656/1577/1608
f 1540/1573/1604 1656/1577/1608 1660/1578/1609
f 1544/1579/1610 1665/1580/1611 1668/1581/1612
f 1668/1581/1612 1672/1582/1613 1544/1579/1610
f 1548/1583/1614 1677/1584/1615 1680/1585/1616
f 1680/1585/1616 1684/1586/1617 1548/1583/1614
f 1555/1587/1618 1552/1588/1619 1512/1589/1620
f 1512/1589/1620 1573/1590/1621 1555/1587/1618
f 1571/1591/1622 1568/1592/1623 1574/1593/1624
f 1574/1593/1624 1515/1594/1625 1571/1591/1622
f 1517/1595/1626 1581/1596/1627 1558/1597/1628
f 1558/1597/1628 1506/1598/1629 1517/1595/1626
f 1508/1599/1630 1562/1600/1631 1504/1601/1632
f 1504/1601/1632 1557/1602/1633 1508/1599/1630
f 1564/1603/1634 1560/1604/1635 1537/1605/1636
f 1537/1605/1636 1641/1606/1637 1564/1603/1634
f 1591/1607/1638 1586/1608/1639 1529/1609/1640
f 1529/1609/1640 1615/1610/1641 1591/1607/1638
f 1579/1611/1642 1576/1612/1643 1541/1613/1644
f 1541/1613/1644 1659/1614/1645 1579/1611/1642
f 1566/1615/1646 1510/1616/1647 1545/1617/1648
f 1545/1617/1648 1671/1618/1649 1566/1615/1646
f 1525/1619/1650 1602/1620/1651 1519/1621/1652
f 1519/1621/1652 1593/1622/1653 1525/1619/1650
f 1612/1623/1654 1608/1624/1655 1681/1625/1656
f 1681/1625/1656 1676/1626/1657 1612/1623/1654
f 1653/1627/1658 1647/1628/1659 1582/1629/1660
f 1582/1629/1660 1521/1630/1661 1653/1627/1658
f 1533/1631/1662 1627/1632/1663 1588/1633/1664
f 1588/1633/1664 1584/1634/1665 1533/1631/1662
f 1594/1635/1666 1523/1636/1667 1617/1637/1668
f 1617/1637/1668 1610/1638/1669 1594/1635/1666
f 1657/1639/1670 1651/1640/1671 1604/1641/1672
f 1604/1641/1672 1600/1642/1673 1657/1639/1670
f 1618/1643/1674 1531/1644/1675 1649/1645/1676
f 1649/1645/1676 1644/1646/1677 1618/1643/1674
f 1606/1647/1678 1527/1648/1679 1629/1649/1680
f 1629/1649/1680 1622/1650/1681 1606/1647/1678
f 1637/1651/1682 1632/1652/1683 1598/1653/1684
f 1598/1653/1684 1596/1654/1685 1637/1651/1682
f 1669/1655/1686 1664/1656/1687 1624/1657/1688
f 1624/1657/1688 1620/1658/1689 1669/1655/1686
f 1549/1659/1690 1683/1660/1691 1550/1661/1692
f 1550/1661/1692 1502/1662/1693 1549/1659/1690
f 1639/1663/1694 1635/1664/1695 1674/1665/1696
f 1674/1665/1696 1547/1666/1697 1639/1663/1694
f 1661/1667/1698 1655/1668/1699 1630/1669/1700
f 1630/1669/1700 1535/1670/1701 1661/1667/1698
f 1673/1671/1702 1667/1672/1703 1642/1673/1704
f 1642/1673/1704 1539/1674/1705 1673/1671/1702
f 1685/1675/1706 1679/1676/1707 1662/1677/1708
f 1662/1677/1708 1543/1678/1709 1685/1675/1706
f 1502/1662/1693 1505/1499/1530 1546/1502/1533
f 1546/1502/1533 1549/1659/1690 1502/1662/1693
f 1503/1541/1572 1502/1662/1693 1550/1661/1692
f 1550/1661/1692 1553/1542/1573 1503/1541/1572
f 1504/1601/1632 1503/1541/1572 1554/1543/1574
f 1554/1543/1574 1557/1602/1633 1504/1601/1632
f 1505/1499/1530 1504/1601/1632 1562/1600/1631
f 1562/1600/1631 1565/1500/1531 1505/1499/1530
f 1503/1541/1572 1504/1601/1632 1505/1499/1530
f 1505/1499/1530 1502/1662/1693 1503/1541/1572
f 1506/1598/1629 1509/1498/1529 1514/1497/1528
f 1514/1497/1528 1517/1595/1626 1506/1598/1629
f 1507/1544/1575 1506/1598/1629 1558/1597/1628
f 1558/1597/1628 1561/1545/1576 1507/1544/1575
f 1508/1599/1630 1507/1544/1575 1563/1546/1577
f 1563/1546/1577 1562/1600/1631 1508/1599/1630
f 1509/1498/1529 1508/1599/1630 1557/1602/1633
f 1557/1602/1633 1556/1495/1526 1509/1498/1529
f 1507/1544/1575 1508/1599/1630 1509/1498/1529
f 1509/1498/1529 1506/1598/1629 1507/1544/1575
f 1510/1616/1647 1513/1514/1545 1542/1513/1544
f 1542/1513/1544 1545/1617/1648 1510/1616/1647
f 1511/1547/1578 1510/1616/1647 1566/1615/1646
f 1566/1615/1646 1569/1548/1579 1511/1547/1578
f 1512/1589/1620 1511/1547/1578 1570/1549/1580
f 1570/1549/1580 1573/1590/1621 1512/1589/1620
f 1513/1514/1545 1512/1589/1620 1552/1588/1619
f 1552/1588/1619 1551/1511/1542 1513/1514/1545
f 1511/1547/1578 1512/1589/1620 1513/1514/1545
f 1513/1514/1545 1510/1616/1647 1511/1547/1578
f 1515/1594/1625 1514/1497/1528 1572/1496/1527
f 1572/1496/1527 1571/1591/1622 1515/1594/1625
f 1516/1550/1581 1515/1594/1625 1574/1593/1624
f 1574/1593/1624 1577/1551/1582 1516/1550/1581
f 1517/1595/1626 1516/1550/1581 1578/1552/1583
f 1578/1552/1583 1581/1596/1627 1517/1595/1626
f 1516/1550/1581 1517/1595/1626 1514/1497/1528
f 1514/1497/1528 1515/1594/1625 1516/1550/1581
f 1518/1553/1584 1521/1630/1661 1582/1629/1660
f 1582/1629/1660 1585/1554/1585 1518/1553/1584
f 1519/1621/1652 1518/1553/1584 1590/1556/1587
f 1590/1556/1587 1593/1622/1653 1519/1621/1652
f 1520/1519/1550 1519/1621/1652 1602/1620/1651
f 1602/1620/1651 1605/1520/1551 1520/1519/1550
f 1521/1630/1661 1520/1519/1550 1650/1518/1549
f 1650/1518/1549 1653/1627/1658 1521/1630/1661
f 1518/1553/1584 1519/1621/1652 1520/1519/1550
f 1520/1519/1550 1521/1630/1661 1518/1553/1584
f 1522/1515/1546 1525/1619/1650 1593/1622/1653
f 1593/1622/1653 1592/1516/1547 1522/1515/1546
f 1523/1636/1667 1522/1515/1546 1614/1517/1548
f 1614/1517/1548 1617/1637/1668 1523/1636/1667
f 1524/1557/1588 1523/1636/1667 1594/1635/1666
f 1594/1635/1666 1597/1558/1589 1524/1557/1588
f 1525/1619/1650 1524/1557/1588 1603/1560/1591
f 1603/1560/1591 1602/1620/1651 1525/1619/1650
f 1524/1557/1588 1525/1619/1650 1522/1515/1546
f 1522/1515/1546 1523/1636/1667 1524/1557/1588
f 1526/1524/1555 1529/1609/1640 1586/1608/1639
f 1586/1608/1639 1589/1525/1556 1526/1524/1555
f 1527/1648/1679 1526/1524/1555 1626/1526/1557
f 1626/1526/1557 1629/1649/1680 1527/1648/1679
f 1528/1561/1592 1527/1648/1679 1606/1647/1678
f 1606/1647/1678 1609/1562/1593 1528/1561/1592
f 1529/1609/1640 1528/1561/1592 1616/1564/1595
f 1616/1564/1595 1615/1610/1641 1529/1609/1640
f 1528/1561/1592 1529/1609/1640 1526/1524/1555
f 1526/1524/1555 1527/1648/1679 1528/1561/1592
f 1530/1521/1552 1533/1631/1662 1584/1634/1665
f 1584/1634/1665 1583/1522/1553 1530/1521/1552
f 1531/1644/1675 1530/1521/1552 1646/1523/1554
f 1646/1523/1554 1649/1645/1676 1531/1644/1675
f 1532/1565/1596 1531/1644/1675 1618/1643/1674
f 1618/1643/1674 1621/1566/1597 1532/1565/1596
f 1533/1631/1662 1532/1565/1596 1628/1568/1599
f 1628/1568/1599 1627/1632/1663 1533/1631/1662
f 1532/1565/1596 1533/1631/1662 1530/1521/1552
f 1530/1521/1552 1531/1644/1675 1532/1565/1596
f 1534/1505/1536 1537/1605/1636 1560/1604/1635
f 1560/1604/1635 1559/1506/1537 1534/1505/1536
f 1535/1670/1701 1534/1505/1536 1658/1504/1535
f 1658/1504/1535 1661/1667/1698 1535/1670/1701
f 1536/1569/1600 1535/1670/1701 1630/1669/1700
f 1630/1669/1700 1633/1570/1601 1536/1569/1600
f 1537/1605/1636 1536/1569/1600 1638/1572/1603
f 1638/1572/1603 1641/1606/1637 1537/1605/1636
f 1536/1569/1600 1537/1605/1636 1534/1505/1536
f 1534/1505/1536 1535/1670/1701 1536/1569/1600
f 1538/1510/1541 1541/1613/1644 1576/1612/1643
f 1576/1612/1643 1575/1507/1538 1538/1510/1541
f 1539/1674/1705 1538/1510/1541 1670/1509/1540
f 1670/1509/1540 1673/1671/1702 1539/1674/1705
f 1540/1573/1604 1539/1674/1705 1642/1673/1704
f 1642/1673/1704 1645/1574/1605 1540/1573/1604
f 1541/1613/1644 1540/1573/1604 1660/1578/1609
f 1660/1578/1609 1659/1614/1645 1541/1613/1644
f 1540/1573/1604 1541/1613/1644 1538/1510/1541
f 1538/1510/1541 1539/1674/1705 1540/1573/1604
f 1543/1678/1709 1542/1513/1544 1682/1512/1543
f 1682/1512/1543 1685/1675/1706 1543/1678/1709
f 1544/1579/1610 1543/1678/1709 1662/1677/1708
f 1662/1677/1708 1665/1580/1611 1544/1579/1610
f 1545/1617/1648 1544/1579/1610 1672/1582/1613
f 1672/1582/1613 1671/1618/1649 1545/1617/1648
f 1544/1579/1610 1545/1617/1648 1542/1513/1544
f 1542/1513/1544 1543/1678/1709 1544/1579/1610
f 1547/1666/1697 1546/1502/1533 1640/1501/1532
f 1640/1501/1532 1639/1663/1694 1547/1666/1697
f 1548/1583/1614 1547/1666/1697 1674/1665/1696
f 1674/1665/1696 1677/1584/1615 1548/1583/1614
f 1549/1659/1690 1548/1583/1614 1684/1586/1617
f 1684/1586/1617 1683/1660/1691 1549/1659/1690
f 1548/1583/1614 1549/1659/1690 1546/1502/1533
f 1546/1502/1533 1547/1666/1697 1548/1583/1614
f 1551/1511/1542 1550/1661/1692 1683/1660/1691
f 1683/1660/1691 1682/1512/1543 1551/1511/1542
f 1553/1542/1573 1552/1588/1619 1555/1587/1618
f 1555/1587/1618 1554/1543/1574 1553/1542/1573
f 1553/1542/1573 1550/1661/1692 1551/1511/1542
f 1551/1511/1542 1552/1588/1619 1553/1542/1573
f 1556/1495/1526 1555/1587/1618 1573/1590/1621
f 1573/1590/1621 1572/1496/1527 1556/1495/1526
f 1554/1543/1574 1555/1587/1618 1556/1495/1526
f 1556/1495/1526 1557/1602/1633 1554/1543/1574
f 1559/1506/1537 1558/1597/1628 1581/1596/1627
f 1581/1596/1627 1580/1503/1534 1559/1506/1537
f 1561/1545/1576 1560/1604/1635 1564/1603/1634
f 1564/1603/1634 1563/1546/1577 1561/1545/1576
f 1561/1545/1576 1558/1597/1628 1559/1506/1537
f 1559/1506/1537 1560/1604/1635 1561/1545/1576
f 1565/1500/1531 1564/1603/1634 1641/1606/1637
f 1641/1606/1637 1640/1501/1532 1565/1500/1531
f 1563/1546/1577 1564/1603/1634 1565/1500/1531
f 1565/1500/1531 1562/1600/1631 1563/1546/1577
f 1567/1508/1539 1566/1615/1646 1671/1618/1649
f 1671/1618/1649 1670/1509/1540 1567/1508/1539
f 1568/1592/1623 1567/1508/1539 1575/1507/1538
f 1575/1507/1538 1574/1593/1624 1568/1592/1623
f 1569/1548/1579 1568/1592/1623 1571/1591/1622
f 1571/1591/1622 1570/1549/1580 1569/1548/1579
f 1569/1548/1579 1566/1615/1646 1567/1508/1539
f 1567/1508/1539 1568/1592/1623 1569/1548/1579
f 1570/1549/1580 1571/1591/1622 1572/1496/1527
f 1572/1496/1527 1573/1590/1621 1570/1549/1580
f 1577/1551/1582 1576/1612/1643 1579/1611/1642
f 1579/1611/1642 1578/1552/1583 1577/1551/1582
f 1577/1551/1582 1574/1593/1624 1575/1507/1538
f 1575/1507/1538 1576/1612/1643 1577/1551/1582
f 1580/1503/1534 1579/1611/1642 1659/1614/1645
f 1659/1614/1645 1658/1504/1535 1580/1503/1534
f 1578/1552/1583 1579/1611/1642 1580/1503/1534
f 1580/1503/1534 1581/1596/1627 1578/1552/1583
f 1583/1522/1553 1582/1629/1660 1647/1628/1659
f 1647/1628/1659 1646/1523/1554 1583/1522/1553
f 1585/1554/1585 1584/1634/1665 1588/1633/1664
f 1588/1633/1664 1587/1555/1586 1585/1554/1585
f 1585/1554/1585 1582/1629/1660 1583/1522/1553
f 1583/1522/1553 1584/1634/1665 1585/1554/1585
f 1587/1555/1586 1586/1608/1639 1591/1607/1638
f 1591/1607/1638 1590/1556/1587 1587/1555/1586
f 1589/1525/1556 1588/1633/1664 1627/1632/1663
f 1627/1632/1663 1626/1526/1557 1589/1525/1556
f 1587/1555/1586 1588/1633/1664 1589/1525/1556
f 1589/1525/1556 1586/1608/1639 1587/1555/1586
f 1592/1516/1547 1591/1607/1638 1615/1610/1641
f 1615/1610/1641 1614/1517/1548 1592/1516/1547
f 1590/1556/1587 1591/1607/1638 1592/1516/1547
f 1592/1516/1547 1593/1622/1653 1590/1556/1587
f 1595/1527/1558 1594/1635/1666 1610/1638/1669
f 1610/1638/1669 1613/1528/1559 1595/1527/1558
f 1596/1654/1685 1595/1527/1558 1634/1530/1561
f 1634/1530/1561 1637/1651/1682 1596/1654/1685
f 1597/1558/1589 1596/1654/1685 1598/1653/1684
f 1598/1653/1684 1601/1559/1590 1597/1558/1589
f 1597/1558/1589 1594/1635/1666 1595/1527/1558
f 1595/1527/1558 1596/1654/1685 1597/1558/1589
f 1599/1532/1563 1598/1653/1684 1632/1652/1683
f 1632/1652/1683 1631/1533/1564 1599/1532/1563
f 1600/1642/1673 1599/1532/1563 1654/1531/1562
f 1654/1531/1562 1657/1639/1670 1600/1642/1673
f 1601/1559/1590 1600/1642/1673 1604/1641/1672
f 1604/1641/1672 1603/1560/1591 1601/1559/1590
f 1601/1559/1590 1598/1653/1684 1599/1532/1563
f 1599/1532/1563 1600/1642/1673 1601/1559/1590
f 1605/1520/1551 1604/1641/1672 1651/1640/1671
f 1651/1640/1671 1650/1518/1549 1605/1520/1551
f 1603/1560/1591 1604/1641/1672 1605/1520/1551
f 1605/1520/1551 1602/1620/1651 1603/1560/1591
f 1607/1538/1569 1606/1647/1678 1622/1650/1681
f 1622/1650/1681 1625/1539/1570 1607/1538/1569
f 1608/1624/1655 1607/1538/1569 1678/1537/1568
f 1678/1537/1568 1681/1625/1656 1608/1624/1655
f 1609/1562/1593 1608/1624/1655 1612/1623/1654
f 1612/1623/1654 1611/1563/1594 1609/1562/1593
f 1609/1562/1593 1606/1647/1678 1607/1538/1569
f 1607/1538/1569 1608/1624/1655 1609/1562/1593
f 1611/1563/1594 1610/1638/1669 1617/1637/1668
f 1617/1637/1668 1616/1564/1595 1611/1563/1594
f 1613/1528/1559 1612/1623/1654 1676/1626/1657
f 1676/1626/1657 1675/1529/1560 1613/1528/1559
f 1611/1563/1594 1612/1623/1654 1613/1528/1559
f 1613/1528/1559 1610/1638/1669 1611/1563/1594
f 1616/1564/1595 1617/1637/1668 1614/1517/1548
f 1614/1517/1548 1615/1610/1641 1616/1564/1595
f 1619/1535/1566 1618/1643/1674 1644/1646/1677
f 1644/1646/1677 1643/1536/1567 1619/1535/1566
f 1620/1658/1689 1619/1535/1566 1666/1534/1565
f 1666/1534/1565 1669/1655/1686 1620/1658/1689
f 1621/1566/1597 1620/1658/1689 1624/1657/1688
f 1624/1657/1688 1623/1567/1598 1621/1566/1597
f 1621/1566/1597 1618/1643/1674 1619/1535/1566
f 1619/1535/1566 1620/1658/1689 1621/1566/1597
f 1623/1567/1598 1622/1650/1681 1629/1649/1680
f 1629/1649/1680 1628/1568/1599 1623/1567/1598
f 1625/1539/1570 1624/1657/1688 1664/1656/1687
f 1664/1656/1687 1663/1540/1571 1625/1539/1570
f 1623/1567/1598 1624/1657/1688 1625/1539/1570
f 1625/1539/1570 1622/1650/1681 1623/1567/1598
f 1628/1568/1599 1629/1649/1680 1626/1526/1557
f 1626/1526/1557 1627/1632/1663 1628/1568/1599
f 1631/1533/1564 1630/1669/1700 1655/1668/1699
f 1655/1668/1699 1654/1531/1562 1631/1533/1564
f 1633/1570/1601 1632/1652/1683 1637/1651/1682
f 1637/1651/1682 1636/1571/1602 1633/1570/1601
f 1633/1570/1601 1630/1669/1700 1631/1533/1564
f 1631/1533/1564 1632/1652/1683 1633/1570/1601
f 1635/1664/1695 1634/1530/1561 1675/1529/1560
f 1675/1529/1560 1674/1665/1696 1635/1664/1695
f 1636/1571/1602 1635/1664/1695 1639/1663/1694
f 1639/1663/1694 1638/1572/1603 1636/1571/1602
f 1636/1571/1602 1637/1651/1682 1634/1530/1561
f 1634/1530/1561 1635/1664/1695 1636/1571/1602
f 1638/1572/1603 1639/1663/1694 1640/1501/1532
f 1640/1501/1532 1641/1606/1637 1638/1572/1603
f 1643/1536/1567 1642/1673/1704 1667/1672/1703
f 1667/1672/1703 1666/1534/1565 1643/1536/1567
f 1645/1574/1605 1644/1646/1677 1649/1645/1676
f 1649/1645/1676 1648/1575/1606 1645/1574/1605
f 1645/1574/1605 1642/1673/1704 1643/1536/1567
f 1643/1536/1567 1644/1646/1677 1645/1574/1605
f 1648/1575/1606 1647/1628/1659 1653/1627/1658
f 1653/1627/1658 1652/1576/1607 1648/1575/1606
f 1648/1575/1606 1649/1645/1676 1646/1523/1554
f 1646/1523/1554 1647/1628/1659 1648/1575/1606
f 1652/1576/1607 1651/1640/1671 1657/1639/1670
f 1657/1639/1670 1656/1577/1608 1652/1576/1607
f 1652/1576/1607 1653/1627/1658 1650/1518/1549
f 1650/1518/1549 1651/1640/1671 1652/1576/1607
f 1656/1577/1608 1655/1668/1699 1661/1667/1698
f 1661/1667/1698 1660/1578/1609 1656/1577/1608
f 1656/1577/1608 1657/1639/1670 1654/1531/1562
f 1654/1531/1562 1655/1668/1699 1656/1577/1608
f 1660/1578/1609 1661/1667/1698 1658/1504/1535
f 1658/1504/1535 1659/1614/1645 1660/1578/1609
f 1663/1540/1571 1662/1677/1708 1679/1676/1707
f 1679/1676/1707 1678/1537/1568 1663/1540/1571
f 1665/1580/1611 1664/1656/1687 1669/1655/1686
f 1669/1655/1686 1668/1581/1612 1665/1580/1611
f 1665/1580/1611 1662/1677/1708 1663/1540/1571
f 1663/1540/1571 1664/1656/1687 1665/1580/1611
f 1668/1581/1612 1667/1672/1703 1673/1671/1702
f 1673/1671/1702 1672/1582/1613 1668/1581/1612
f 1668/1581/1612 1669/1655/1686 1666/1534/1565
f 1666/1534/1565 1667/1672/1703 1668/1581/1612
f 1672/1582/1613 1673/1671/1702 1670/1509/1540
f 1670/1509/1540 1671/1618/1649 1672/1582/1613
f 1677/1584/1615 1676/1626/1657 1681/1625/1656
f 1681/1625/1656 1680/1585/1616 1677/1584/1615
f 1677/1584/1615 1674/1665/1696 1675/1529/1560
f 1675/1529/1560 1676/1626/1657 1677/1584/1615
f 1680/1585/1616 1679/1676/1707 1685/1675/1706
f 1685/1675/1706 1684/1586/1617 1680/1585/1616
f 1680/1585/1616 1681/1625/1656 1678/1537/1568
f 1678/1537/1568 1679/1676/1707 1680/1585/1616
f 1684/1586/1617 1685/1675/1706 1682/1512/1543
f 1682/1512/1543 1683/1660/1691 1684/1586/1617
f 1686/1679/1710 1747/1680/1711 1855/1681/1712
f 1855/1681/1712 1691/1682/1713 1686/1679/1710
f 1694/1683/1714 1777/1684/1715 1735/1685/1716
f 1735/1685/1716 1875/1686/1717 1694/1683/1714
f 1783/1687/1718 1780/1688/1719 1739/1689/1720
f 1739/1689/1720 1884/1690/1721 1783/1687/1718
f 1774/1691/1722 1697/1692/1723 1743/1693/1724
f 1774/1691/1722 1743/1693/1724 1764/1694/1725
f 1774/1691/1722 1764/1694/1725 1898/1695/1726
f 1784/1696/1727 1696/1697/1728 1775/1698/1729
f 1775/1698/1729 1688/1699/1730 1689/1700/1731
f 1689/1700/1731 1776/1701/1732 1692/1702/1733
f 1775/1698/1729 1689/1700/1731 1692/1702/1733
f 1784/1696/1727 1775/1698/1729 1692/1702/1733
f 1784/1696/1727 1692/1702/1733 1779/1703/1734
f 1786/1704/1735 1715/1705/1736 1820/1706/1737
f 1820/1706/1737 1812/1707/1738 1786/1704/1735
f 1702/1708/1739 1830/1709/1740 1791/1710/1741
f 1706/1711/1742 1801/1712/1743 1701/1713/1744
f 1794/1714/1745 1724/1715/1746 1841/1716/1747
f 1841/1716/1747 1829/1717/1748 1794/1714/1745
f 1803/1718/1749 1730/1719/1750 1723/1720/1751
f 1723/1720/1751 1795/1721/1752 1803/1718/1749
f 1731/1722/1753 1845/1723/1754 1809/1724/1755
f 1809/1724/1755 1714/1725/1756 1731/1722/1753
f 1719/1726/1757 1904/1727/1758 1815/1728/1759
f 1815/1728/1759 1823/1729/1760 1719/1726/1757
f 1725/1730/1761 1847/1731/1762 1889/1732/1763
f 1889/1732/1763 1840/1733/1764 1725/1730/1761
f 1868/1734/1765 1851/1735/1766 1726/1736/1767
f 1726/1736/1767 1727/1737/1768 1868/1734/1765
f 1880/1738/1769 1857/1739/1770 1760/1740/1771
f 1892/1741/1772 1933/1742/1773 1918/1743/1774
f 1892/1741/1772 1918/1743/1774 1901/1744/1775
f 1892/1741/1772 1901/1744/1775 1835/1745/1776
f 1710/1746/1777 1751/1747/1778 1734/1748/1779
f 1909/1749/1780 1924/1750/1781 1946/1751/1782
f 1930/1752/1783 1861/1753/1784 1941/1754/1785
f 1913/1755/1786 1938/1756/1787 1877/1757/1788
f 1877/1757/1788 1921/1758/1789 1913/1755/1786
f 1733/1759/1790 1752/1760/1791 1756/1761/1792
f 1756/1761/1792 1772/1762/1793 1733/1759/1790
f 1768/1763/1794 1864/1764/1795 1844/1765/1796
f 1844/1765/1796 1732/1766/1797 1768/1763/1794
f 1699/1767/1798 1789/1768/1799 1788/1769/1800
f 1704/1770/1801 1799/1771/1802 1797/1772/1803
f 1708/1773/1804 1810/1774/1805 1807/1775/1806
f 1807/1775/1806 1805/1776/1807 1708/1773/1804
f 1712/1777/1808 1818/1778/1809 1817/1779/1810
f 1717/1780/1811 1832/1781/1812 1827/1782/1813
f 1827/1782/1813 1825/1783/1814 1717/1780/1811
f 1721/1784/1815 1838/1785/1816 1837/1786/1817
f 1737/1787/1818 1853/1788/1819 1849/1789/1820
f 1741/1790/1821 1873/1791/1822 1870/1792/1823
f 1741/1790/1821 1870/1792/1823 1866/1793/1824
f 1741/1790/1821 1866/1793/1824 1863/1794/1825
f 1741/1790/1821 1863/1794/1825 1859/1795/1826
f 1745/1796/1827 1886/1797/1828 1882/1798/1829
f 1882/1798/1829 1879/1799/1830 1745/1796/1827
f 1749/1800/1831 1896/1801/1832 1894/1802/1833
f 1894/1802/1833 1891/1803/1834 1749/1800/1831
f 1754/1804/1835 1906/1805/1836 1903/1806/1837
f 1758/1807/1838 1916/1808/1839 1915/1809/1840
f 1915/1809/1840 1911/1810/1841 1758/1807/1838
f 1762/1811/1842 1928/1812/1843 1926/1813/1844
f 1926/1813/1844 1923/1814/1845 1762/1811/1842
f 1766/1815/1846 1936/1816/1847 1935/1817/1848
f 1770/1818/1849 1944/1819/1850 1943/1820/1851
f 1690/1821/1852 1852/1822/1853 1738/1823/1854
f 1738/1823/1854 1778/1824/1855 1690/1821/1852
f 1693/1825/1856 1872/1826/1857 1742/1827/1858
f 1742/1827/1858 1781/1828/1859 1693/1825/1856
f 1782/1829/1860 1885/1830/1861 1746/1831/1862
f 1746/1831/1862 1695/1832/1863 1782/1829/1860
f 1828/1833/1864 1842/1834/1865 1722/1835/1866
f 1722/1835/1866 1824/1836/1867 1828/1833/1864
f 1718/1837/1868 1787/1838/1869 1790/1839/1870
f 1790/1839/1870 1831/1840/1871 1718/1837/1868
f 1705/1841/1872 1792/1842/1873 1700/1843/1874
f 1700/1843/1874 1798/1844/1875 1705/1841/1872
f 1709/1845/1876 1698/1846/1877 1785/1847/1878
f 1785/1847/1878 1813/1848/1879 1709/1845/1876
f 1793/1849/1880 1826/1850/1881 1833/1851/1882
f 1833/1851/1882 1703/1852/1883 1793/1849/1880
f 1802/1853/1884 1796/1854/1885 1800/1855/1886
f 1800/1855/1886 1707/1856/1887 1802/1853/1884
f 1713/1857/1888 1806/1858/1889 1811/1859/1890
f 1811/1859/1890 1821/1860/1891 1713/1857/1888
f 1822/1861/1892 1816/1862/1893 1819/1863/1894
f 1819/1863/1894 1716/1864/1895 1822/1861/1892
f 1839/1865/1896 1890/1866/1897 1895/1867/1898
f 1895/1867/1898 1836/1868/1899 1839/1865/1896
f 1729/1869/1900 1804/1870/1901 1808/1871/1902
f 1808/1871/1902 1846/1872/1903 1729/1869/1900
f 1834/1873/1904 1902/1874/1905 1907/1875/1906
f 1907/1875/1906 1720/1876/1907 1834/1873/1904
f 1871/1877/1908 1728/1878/1909 1843/1879/1910
f 1843/1879/1910 1865/1880/1911 1871/1877/1908
f 1883/1881/1912 1761/1882/1913 1920/1883/1914
f 1920/1883/1914 1878/1884/1915 1883/1881/1912
f 1750/1885/1916 1687/1886/1917 1773/1887/1918
f 1773/1887/1918 1899/1888/1919 1750/1885/1916
f 1854/1889/1920 1748/1890/1921 1888/1891/1922
f 1888/1891/1922 1848/1892/1923 1854/1889/1920
f 1874/1893/1924 1736/1894/1925 1850/1895/1926
f 1850/1895/1926 1869/1896/1927 1874/1893/1924
f 1887/1897/1928 1740/1898/1929 1856/1899/1930
f 1856/1899/1930 1881/1900/1931 1887/1897/1928
f 1897/1901/1932 1765/1902/1933 1932/1903/1934
f 1932/1903/1934 1893/1904/1935 1897/1901/1932
f 1814/1905/1936 1905/1906/1937 1755/1907/1938
f 1755/1907/1938 1711/1908/1939 1814/1905/1936
f 1900/1909/1940 1919/1910/1941 1759/1911/1942
f 1759/1911/1942 1753/1912/1943 1900/1909/1940
f 1929/1913/1944 1942/1914/1945 1945/1915/1946
f 1945/1915/1946 1925/1916/1947 1929/1913/1944
f 1912/1917/1948 1922/1918/1949 1927/1919/1950
f 1927/1919/1950 1910/1920/1951 1912/1917/1948
f 1763/1921/1952 1858/1922/1953 1860/1923/1954
f 1860/1923/1954 1931/1924/1955 1763/1921/1952
f 1767/1925/1956 1744/1926/1957 1876/1927/1958
f 1876/1927/1958 1939/1928/1959 1767/1925/1956
f 1917/1929/1960 1934/1930/1961 1937/1931/1962
f 1937/1931/1962 1914/1932/1963 1917/1929/1960
f 1908/1933/1964 1947/1934/1965 1771/1935/1966
f 1771/1935/1966 1757/1936/1967 1908/1933/1964
f 1940/1937/1968 1862/1938/1969 1867/1939/1970
f 1867/1939/1970 1769/1940/1971 1940/1937/1968
f 1686/1679/1710 1691/1682/1713 1689/1700/1731
f 1689/1700/1731 1688/1699/1730 1686/1679/1710
f 1687/1886/1917 1750/1885/1916 1747/1680/1711
f 1747/1680/1711 1686/1679/1710 1687/1886/1917
f 1688/1699/1730 1775/1698/1729 1773/1887/1918
f 1773/1887/1918 1687/1886/1917 1688/1699/1730
f 1686/1679/1710 1688/1699/1730 1687/1886/1917
f 1690/1821/1852 1778/1824/1855 1776/1701/1732
f 1776/1701/1732 1689/1700/1731 1690/1821/1852
f 1691/1682/1713 1855/1681/1712 1852/1822/1853
f 1852/1822/1853 1690/1821/1852 1691/1682/1713
f 1689/1700/1731 1691/1682/1713 1690/1821/1852
f 1692/1702/1733 1776/1701/1732 1777/1684/1715
f 1777/1684/1715 1694/1683/1714 1692/1702/1733
f 1693/1825/1856 1781/1828/1859 1779/1703/1734
f 1779/1703/1734 1692/1702/1733 1693/1825/1856
f 1694/1683/1714 1875/1686/1717 1872/1826/1857
f 1872/1826/1857 1693/1825/1856 1694/1683/1714
f 1692/1702/1733 1694/1683/1714 1693/1825/1856
f 1695/1832/1863 1746/1831/1862 1743/1693/1724
f 1743/1693/1724 1697/1692/1723 1695/1832/1863
f 1696/1697/1728 1784/1696/1727 1782/1829/1860
f 1782/1829/1860 1695/1832/1863 1696/1697/1728
f 1697/1692/1723 1774/1691/1722 1775/1698/1729
f 1775/1698/1729 1696/1697/1728 1697/1692/1723
f 1695/1832/1863 1697/1692/1723 1696/1697/1728
f 1698/1846/1877 1709/1845/1876 1706/1711/1742
f 1706/1711/1742 1701/1713/1744 1698/1846/1877
f 1699/1767/1798 1788/1769/1800 1785/1847/1878
f 1785/1847/1878 1698/1846/1877 1699/1767/1798
f 1700/1843/1874 1792/1842/1873 1789/1768/1799
f 1789/1768/1799 1699/1767/1798 1700/1843/1874
f 1701/1713/1744 1801/1712/1743 1798/1844/1875
f 1798/1844/1875 1700/1843/1874 1701/1713/1744
f 1699/1767/1798 1698/1846/1877 1701/1713/1744
f 1701/1713/1744 1700/1843/1874 1699/1767/1798
f 1702/1708/1739 1791/1710/1741 1792/1842/1873
f 1792/1842/1873 1705/1841/1872 1702/1708/1739
f 1703/1852/1883 1833/1851/1882 1830/1709/1740
f 1830/1709/1740 1702/1708/1739 1703/1852/1883
f 1704/1770/1801 1797/1772/1803 1793/1849/1880
f 1793/1849/1880 1703/1852/1883 1704/1770/1801
f 1705/1841/1872 1798/1844/1875 1799/1771/1802
f 1799/1771/1802 1704/1770/1801 1705/1841/1872
f 1704/1770/1801 1703/1852/1883 1702/1708/1739
f 1702/1708/1739 1705/1841/1872 1704/1770/1801
f 1707/1856/1887 1800/1855/1886 1801/1712/1743
f 1801/1712/1743 1706/1711/1742 1707/1856/1887
f 1708/1773/1804 1805/1776/1807 1802/1853/1884
f 1802/1853/1884 1707/1856/1887 1708/1773/1804
f 1709/1845/1876 1813/1848/1879 1810/1774/1805
f 1810/1774/1805 1708/1773/1804 1709/1845/1876
f 1708/1773/1804 1707/1856/1887 1706/1711/1742
f 1706/1711/1742 1709/1845/1876 1708/1773/1804
f 1710/1746/1777 1734/1748/1779 1731/1722/1753
f 1731/1722/1753 1714/1725/1756 1710/1746/1777
f 1711/1908/1939 1755/1907/1938 1751/1747/1778
f 1751/1747/1778 1710/1746/1777 1711/1908/1939
f 1712/1777/1808 1817/1779/1810 1814/1905/1936
f 1814/1905/1936 1711/1908/1939 1712/1777/1808
f 1713/1857/1888 1821/1860/1891 1818/1778/1809
f 1818/1778/1809 1712/1777/1808 1713/1857/1888
f 1714/1725/1756 1809/1724/1755 1806/1858/1889
f 1806/1858/1889 1713/1857/1888 1714/1725/1756
f 1710/1746/1777 1714/1725/1756 1713/1857/1888
f 1710/1746/1777 1713/1857/1888 1712/1777/1808
f 1710/1746/1777 1712/1777/1808 1711/1908/1939
f 1715/1705/1736 1786/1704/1735 1787/1838/1869
f 1787/1838/1869 1718/1837/1868 1715/1705/1736
f 1716/1864/1895 1819/1863/1894 1820/1706/1737
f 1820/1706/1737 1715/1705/1736 1716/1864/1895
f 1717/1780/1811 1825/1783/1814 1822/1861/1892
f 1822/1861/1892 1716/1864/1895 1717/1780/1811
f 1718/1837/1868 1831/1840/1871 1832/1781/1812
f 1832/1781/1812 1717/1780/1811 1718/1837/1868
f 1717/1780/1811 1716/1864/1895 1715/1705/1736
f 1715/1705/1736 1718/1837/1868 1717/1780/1811
f 1719/1726/1757 1823/1729/1760 1824/1836/1867
f 1824/1836/1867 1722/1835/1866 1719/1726/1757
f 1720/1876/1907 1907/1875/1906 1904/1727/1758
f 1904/1727/1758 1719/1726/1757 1720/1876/1907
f 1721/1784/1815 1837/1786/1817 1834/1873/1904
f 1834/1873/1904 1720/1876/1907 1721/1784/1815
f 1722/1835/1866 1842/1834/1865 1838/1785/1816
f 1838/1785/1816 1721/1784/1815 1722/1835/1866
f 1721/1784/1815 1720/1876/1907 1719/1726/1757
f 1719/1726/1757 1722/1835/1866 1721/1784/1815
f 1723/1720/1751 1730/1719/1750 1727/1737/1768
f 1727/1737/1768 1726/1736/1767 1723/1720/1751
f 1724/1715/1746 1794/1714/1745 1795/1721/1752
f 1795/1721/1752 1723/1720/1751 1724/1715/1746
f 1725/1730/1761 1840/1733/1764 1841/1716/1747
f 1841/1716/1747 1724/1715/1746 1725/1730/1761
f 1726/1736/1767 1851/1735/1766 1847/1731/1762
f 1847/1731/1762 1725/1730/1761 1726/1736/1767
f 1725/1730/1761 1724/1715/1746 1723/1720/1751
f 1723/1720/1751 1726/1736/1767 1725/1730/1761
f 1728/1878/1909 1871/1877/1908 1868/1734/1765
f 1868/1734/1765 1727/1737/1768 1728/1878/1909
f 1729/1869/1900 1846/1872/1903 1843/1879/1910
f 1843/1879/1910 1728/1878/1909 1729/1869/1900
f 1730/1719/1750 1803/1718/1749 1804/1870/1901
f 1804/1870/1901 1729/1869/1900 1730/1719/1750
f 1729/1869/1900 1728/1878/1909 1727/1737/1768
f 1727/1737/1768 1730/1719/1750 1729/1869/1900
f 1732/1766/1797 1844/1765/1796 1845/1723/1754
f 1845/1723/1754 1731/1722/1753 1732/1766/1797
f 1733/1759/1790 1772/1762/1793 1768/1763/1794
f 1768/1763/1794 1732/1766/1797 1733/1759/1790
f 1734/1748/1779 1751/1747/1778 1752/1760/1791
f 1752/1760/1791 1733/1759/1790 1734/1748/1779
f 1734/1748/1779 1733/1759/1790 1732/1766/1797
f 1732/1766/1797 1731/1722/1753 1734/1748/1779
f 1735/1685/1716 1777/1684/1715 1778/1824/1855
f 1778/1824/1855 1738/1823/1854 1735/1685/1716
f 1736/1894/1925 1874/1893/1924 1875/1686/1717
f 1875/1686/1717 1735/1685/1716 1736/1894/1925
f 1737/1787/1818 1849/1789/1820 1850/1895/1926
f 1850/1895/1926 1736/1894/1925 1737/1787/1818
f 1738/1823/1854 1852/1822/1853 1853/1788/1819
f 1853/1788/1819 1737/1787/1818 1738/1823/1854
f 1737/1787/1818 1736/1894/1925 1735/1685/1716
f 1735/1685/1716 1738/1823/1854 1737/1787/1818
f 1739/1689/1720 1780/1688/1719 1781/1828/1859
f 1781/1828/1859 1742/1827/1858 1739/1689/1720
f 1740/1898/1929 1887/1897/1928 1884/1690/1721
f 1884/1690/1721 1739/1689/1720 1740/1898/1929
f 1741/1790/1821 1859/1795/1826 1856/1899/1930
f 1856/1899/1930 1740/1898/1929 1741/1790/1821
f 1742/1827/1858 1872/1826/1857 1873/1791/1822
f 1873/1791/1822 1741/1790/1821 1742/1827/1858
f 1741/1790/1821 1740/1898/1929 1739/1689/1720
f 1739/1689/1720 1742/1827/1858 1741/1790/1821
f 1744/1926/1957 1767/1925/1956 1764/1694/1725
f 1764/1694/1725 1743/1693/1724 1744/1926/1957
f 1745/1796/1827 1879/1799/1830 1876/1927/1958
f 1876/1927/1958 1744/1926/1957 1745/1796/1827
f 1746/1831/1862 1885/1830/1861 1886/1797/1828
f 1886/1797/1828 1745/1796/1827 1746/1831/1862
f 1745/1796/1827 1744/1926/1957 1743/1693/1724
f 1743/1693/1724 1746/1831/1862 1745/1796/1827
f 1748/1890/1921 1854/1889/1920 1855/1681/1712
f 1855/1681/1712 1747/1680/1711 1748/1890/1921
f 1749/1800/1831 1891/1803/1834 1888/1891/1922
f 1888/1891/1922 1748/1890/1921 1749/1800/1831
f 1750/1885/1916 1899/1888/1919 1896/1801/1832
f 1896/1801/1832 1749/1800/1831 1750/1885/1916
f 1749/1800/1831 1748/1890/1921 1747/1680/1711
f 1747/1680/1711 1750/1885/1916 1749/1800/1831
f 1753/1912/1943 1759/1911/1942 1756/1761/1792
f 1756/1761/1792 1752/1760/1791 1753/1912/1943
f 1754/1804/1835 1903/1806/1837 1900/1909/1940
f 1900/1909/1940 1753/1912/1943 1754/1804/1835
f 1755/1907/1938 1905/1906/1937 1906/1805/1836
f 1906/1805/1836 1754/1804/1835 1755/1907/1938
f 1751/1747/1778 1755/1907/1938 1754/1804/1835
f 1754/1804/1835 1753/1912/1943 1752/1760/1791
f 1751/1747/1778 1754/1804/1835 1752/1760/1791
f 1757/1936/1967 1771/1935/1966 1772/1762/1793
f 1772/1762/1793 1756/1761/1792 1757/1936/1967
f 1758/1807/1838 1911/1810/1841 1908/1933/1964
f 1908/1933/1964 1757/1936/1967 1758/1807/1838
f 1759/1911/1942 1919/1910/1941 1916/1808/1839
f 1916/1808/1839 1758/1807/1838 1759/1911/1942
f 1758/1807/1838 1757/1936/1967 1756/1761/1792
f 1756/1761/1792 1759/1911/1942 1758/1807/1838
f 1760/1740/1771 1857/1739/1770 1858/1922/1953
f 1858/1922/1953 1763/1921/1952 1760/1740/1771
f 1761/1882/1913 1883/1881/1912 1880/1738/1769
f 1880/1738/1769 1760/1740/1771 1761/1882/1913
f 1762/1811/1842 1923/1814/1845 1920/1883/1914
f 1920/1883/1914 1761/1882/1913 1762/1811/1842
f 1763/1921/1952 1931/1924/1955 1928/1812/1843
f 1928/1812/1843 1762/1811/1842 1763/1921/1952
f 1762/1811/1842 1761/1882/1913 1760/1740/1771
f 1760/1740/1771 1763/1921/1952 1762/1811/1842
f 1765/1902/1933 1897/1901/1932 1898/1695/1726
f 1898/1695/1726 1764/1694/1725 1765/1902/1933
f 1766/1815/1846 1935/1817/1848 1932/1903/1934
f 1932/1903/1934 1765/1902/1933 1766/1815/1846
f 1767/1925/1956 1939/1928/1959 1936/1816/1847
f 1936/1816/1847 1766/1815/1846 1767/1925/1956
f 1766/1815/1846 1765/1902/1933 1764/1694/1725
f 1764/1694/1725 1767/1925/1956 1766/1815/1846
f 1769/1940/1971 1867/1939/1970 1864/1764/1795
f 1864/1764/1795 1768/1763/1794 1769/1940/1971
f 1770/1818/1849 1943/1820/1851 1940/1937/1968
f 1940/1937/1968 1769/1940/1971 1770/1818/1849
f 1771/1935/1966 1947/1934/1965 1944/1819/1850
f 1944/1819/1850 1770/1818/1849 1771/1935/1966
f 1768/1763/1794 1772/1762/1793 1771/1935/1966
f 1768/1763/1794 1771/1935/1966 1770/1818/1849
f 1768/1763/1794 1770/1818/1849 1769/1940/1971
f 1774/1691/1722 1898/1695/1726 1899/1888/1919
f 1899/1888/1919 1773/1887/1918 1774/1691/1722
f 1773/1887/1918 1775/1698/1729 1774/1691/1722
f 1776/1701/1732 1778/1824/1855 1777/1684/1715
f 1780/1688/1719 1783/1687/1718 1784/1696/1727
f 1784/1696/1727 1779/1703/1734 1780/1688/1719
f 1779/1703/1734 1781/1828/1859 1780/1688/1719
f 1783/1687/1718 1884/1690/1721 1885/1830/1861
f 1885/1830/1861 1782/1829/1860 1783/1687/1718
f 1782/1829/1860 1784/1696/1727 1783/1687/1718
f 1786/1704/1735 1812/1707/1738 1813/1848/1879
f 1813/1848/1879 1785/1847/1878 1786/1704/1735
f 1788/1769/1800 1789/1768/1799 1790/1839/1870
f 1790/1839/1870 1787/1838/1869 1788/1769/1800
f 1788/1769/1800 1787/1838/1869 1786/1704/1735
f 1786/1704/1735 1785/1847/1878 1788/1769/1800
f 1791/1710/1741 1830/1709/1740 1831/1840/1871
f 1831/1840/1871 1790/1839/1870 1791/1710/1741
f 1789/1768/1799 1792/1842/1873 1791/1710/1741
f 1791/1710/1741 1790/1839/1870 1789/1768/1799
f 1794/1714/1745 1829/1717/1748 1826/1850/1881
f 1826/1850/1881 1793/1849/1880 1794/1714/1745
f 1796/1854/1885 1802/1853/1884 1803/1718/1749
f 1803/1718/1749 1795/1721/1752 1796/1854/1885
f 1797/1772/1803 1799/1771/1802 1800/1855/1886
f 1800/1855/1886 1796/1854/1885 1797/1772/1803
f 1794/1714/1745 1793/1849/1880 1797/1772/1803
f 1794/1714/1745 1797/1772/1803 1796/1854/1885
f 1794/1714/1745 1796/1854/1885 1795/1721/1752
f 1799/1771/1802 1798/1844/1875 1801/1712/1743
f 1801/1712/1743 1800/1855/1886 1799/1771/1802
f 1805/1776/1807 1807/1775/1806 1808/1871/1902
f 1808/1871/1902 1804/1870/1901 1805/1776/1807
f 1805/1776/1807 1804/1870/1901 1803/1718/1749
f 1803/1718/1749 1802/1853/1884 1805/1776/1807
f 1807/1775/1806 1810/1774/1805 1811/1859/1890
f 1811/1859/1890 1806/1858/1889 1807/1775/1806
f 1809/1724/1755 1845/1723/1754 1846/1872/1903
f 1846/1872/1903 1808/1871/1902 1809/1724/1755
f 1807/1775/1806 1806/1858/1889 1809/1724/1755
f 1809/1724/1755 1808/1871/1902 1807/1775/1806
f 1812/1707/1738 1820/1706/1737 1821/1860/1891
f 1821/1860/1891 1811/1859/1890 1812/1707/1738
f 1810/1774/1805 1813/1848/1879 1812/1707/1738
f 1812/1707/1738 1811/1859/1890 1810/1774/1805
f 1815/1728/1759 1904/1727/1758 1905/1906/1937
f 1905/1906/1937 1814/1905/1936 1815/1728/1759
f 1816/1862/1893 1822/1861/1892 1823/1729/1760
f 1823/1729/1760 1815/1728/1759 1816/1862/1893
f 1817/1779/1810 1818/1778/1809 1819/1863/1894
f 1819/1863/1894 1816/1862/1893 1817/1779/1810
f 1817/1779/1810 1816/1862/1893 1815/1728/1759
f 1815/1728/1759 1814/1905/1936 1817/1779/1810
f 1818/1778/1809 1821/1860/1891 1820/1706/1737
f 1820/1706/1737 1819/1863/1894 1818/1778/1809
f 1825/1783/1814 1827/1782/1813 1828/1833/1864
f 1828/1833/1864 1824/1836/1867 1825/1783/1814
f 1825/1783/1814 1824/1836/1867 1823/1729/1760
f 1823/1729/1760 1822/1861/1892 1825/1783/1814
f 1827/1782/1813 1832/1781/1812 1833/1851/1882
f 1833/1851/1882 1826/1850/1881 1827/1782/1813
f 1829/1717/1748 1841/1716/1747 1842/1834/1865
f 1842/1834/1865 1828/1833/1864 1829/1717/1748
f 1827/1782/1813 1826/1850/1881 1829/1717/1748
f 1829/1717/1748 1828/1833/1864 1827/1782/1813
f 1832/1781/1812 1831/1840/1871 1830/1709/1740
f 1830/1709/1740 1833/1851/1882 1832/1781/1812
f 1835/1745/1776 1901/1744/1775 1902/1874/1905
f 1902/1874/1905 1834/1873/1904 1835/1745/1776
f 1836/1868/1899 1895/1867/1898 1892/1741/1772
f 1892/1741/1772 1835/1745/1776 1836/1868/1899
f 1837/1786/1817 1838/1785/1816 1839/1865/1896
f 1839/1865/1896 1836/1868/1899 1837/1786/1817
f 1837/1786/1817 1836/1868/1899 1835/1745/1776
f 1835/1745/1776 1834/1873/1904 1837/1786/1817
f 1840/1733/1764 1889/1732/1763 1890/1866/1897
f 1890/1866/1897 1839/1865/1896 1840/1733/1764
f 1838/1785/1816 1842/1834/1865 1841/1716/1747
f 1841/1716/1747 1840/1733/1764 1839/1865/1896
f 1838/1785/1816 1841/1716/1747 1839/1865/1896
f 1844/1765/1796 1864/1764/1795 1865/1880/1911
f 1865/1880/1911 1843/1879/1910 1844/1765/1796
f 1844/1765/1796 1843/1879/1910 1846/1872/1903
f 1846/1872/1903 1845/1723/1754 1844/1765/1796
f 1848/1892/1923 1888/1891/1922 1889/1732/1763
f 1889/1732/1763 1847/1731/1762 1848/1892/1923
f 1849/1789/1820 1853/1788/1819 1854/1889/1920
f 1854/1889/1920 1848/1892/1923 1849/1789/1820
f 1851/1735/1766 1868/1734/1765 1869/1896/1927
f 1869/1896/1927 1850/1895/1926 1851/1735/1766
f 1847/1731/1762 1851/1735/1766 1850/1895/1926
f 1847/1731/1762 1850/1895/1926 1849/1789/1820
f 1847/1731/1762 1849/1789/1820 1848/1892/1923
f 1853/1788/1819 1852/1822/1853 1855/1681/1712
f 1855/1681/1712 1854/1889/1920 1853/1788/1819
f 1857/1739/1770 1880/1738/1769 1881/1900/1931
f 1881/1900/1931 1856/1899/1930 1857/1739/1770
f 1859/1795/1826 1863/1794/1825 1860/1923/1954
f 1860/1923/1954 1858/1922/1953 1859/1795/1826
f 1859/1795/1826 1858/1922/1953 1857/1739/1770
f 1857/1739/1770 1856/1899/1930 1859/1795/1826
f 1861/1753/1784 1930/1752/1783 1931/1924/1955
f 1931/1924/1955 1860/1923/1954 1861/1753/1784
f 1862/1938/1969 1940/1937/1968 1941/1754/1785
f 1941/1754/1785 1861/1753/1784 1862/1938/1969
f 1863/1794/1825 1866/1793/1824 1867/1939/1970
f 1867/1939/1970 1862/1938/1969 1863/1794/1825
f 1863/1794/1825 1862/1938/1969 1861/1753/1784
f 1861/1753/1784 1860/1923/1954 1863/1794/1825
f 1866/1793/1824 1870/1792/1823 1871/1877/1908
f 1871/1877/1908 1865/1880/1911 1866/1793/1824
f 1866/1793/1824 1865/1880/1911 1864/1764/1795
f 1864/1764/1795 1867/1939/1970 1866/1793/1824
f 1870/1792/1823 1873/1791/1822 1874/1893/1924
f 1874/1893/1924 1869/1896/1927 1870/1792/1823
f 1870/1792/1823 1869/1896/1927 1868/1734/1765
f 1868/1734/1765 1871/1877/1908 1870/1792/1823
f 1873/1791/1822 1872/1826/1857 1875/1686/1717
f 1875/1686/1717 1874/1893/1924 1873/1791/1822
f 1877/1757/1788 1938/1756/1787 1939/1928/1959
f 1939/1928/1959 1876/1927/1958 1877/1757/1788
f 1878/1884/1915 1920/1883/1914 1921/1758/1789
f 1921/1758/1789 1877/1757/1788 1878/1884/1915
f 1879/1799/1830 1882/1798/1829 1883/1881/1912
f 1883/1881/1912 1878/1884/1915 1879/1799/1830
f 1879/1799/1830 1878/1884/1915 1877/1757/1788
f 1877/1757/1788 1876/1927/1958 1879/1799/1830
f 1882/1798/1829 1886/1797/1828 1887/1897/1928
f 1887/1897/1928 1881/1900/1931 1882/1798/1829
f 1882/1798/1829 1881/1900/1931 1880/1738/1769
f 1880/1738/1769 1883/1881/1912 1882/1798/1829
f 1886/1797/1828 1885/1830/1861 1884/1690/1721
f 1884/1690/1721 1887/1897/1928 1886/1797/1828
f 1891/1803/1834 1894/1802/1833 1895/1867/1898
f 1895/1867/1898 1890/1866/1897 1891/1803/1834
f 1891/1803/1834 1890/1866/1897 1889/1732/1763
f 1889/1732/1763 1888/1891/1922 1891/1803/1834
f 1893/1904/1935 1932/1903/1934 1933/1742/1773
f 1933/1742/1773 1892/1741/1772 1893/1904/1935
f 1894/1802/1833 1896/1801/1832 1897/1901/1932
f 1897/1901/1932 1893/1904/1935 1894/1802/1833
f 1894/1802/1833 1893/1904/1935 1892/1741/1772
f 1892/1741/1772 1895/1867/1898 1894/1802/1833
f 1896/1801/1832 1899/1888/1919 1898/1695/1726
f 1898/1695/1726 1897/1901/1932 1896/1801/1832
f 1901/1744/1775 1918/1743/1774 1919/1910/1941
f 1919/1910/1941 1900/1909/1940 1901/1744/1775
f 1903/1806/1837 1906/1805/1836 1907/1875/1906
f 1907/1875/1906 1902/1874/1905 1903/1806/1837
f 1903/1806/1837 1902/1874/1905 1901/1744/1775
f 1901/1744/1775 1900/1909/1940 1903/1806/1837
f 1906/1805/1836 1905/1906/1937 1904/1727/1758
f 1904/1727/1758 1907/1875/1906 1906/1805/1836
f 1909/1749/1780 1946/1751/1782 1947/1934/1965
f 1947/1934/1965 1908/1933/1964 1909/1749/1780
f 1910/1920/1951 1927/1919/1950 1924/1750/1781
f 1924/1750/1781 1909/1749/1780 1910/1920/1951
f 1911/1810/1841 1915/1809/1840 1912/1917/1948
f 1912/1917/1948 1910/1920/1951 1911/1810/1841
f 1911/1810/1841 1910/1920/1951 1909/1749/1780
f 1909/1749/1780 1908/1933/1964 1911/1810/1841
f 1913/1755/1786 1921/1758/1789 1922/1918/1949
f 1922/1918/1949 1912/1917/1948 1913/1755/1786
f 1914/1932/1963 1937/1931/1962 1938/1756/1787
f 1938/1756/1787 1913/1755/1786 1914/1932/1963
f 1915/1809/1840 1916/1808/1839 1917/1929/1960
f 1917/1929/1960 1914/1932/1963 1915/1809/1840
f 1915/1809/1840 1914/1932/1963 1913/1755/1786
f 1913/1755/1786 1912/1917/1948 1915/1809/1840
f 1918/1743/1774 1933/1742/1773 1934/1930/1961
f 1934/1930/1961 1917/1929/1960 1918/1743/1774
f 1916/1808/1839 1919/1910/1941 1918/1743/1774
f 1918/1743/1774 1917/1929/1960 1916/1808/1839
f 1923/1814/1845 1926/1813/1844 1927/1919/1950
f 1927/1919/1950 1922/1918/1949 1923/1814/1845
f 1923/1814/1845 1922/1918/1949 1921/1758/1789
f 1921/1758/1789 1920/1883/1914 1923/1814/1845
f 1925/1916/1947 1945/1915/1946 1946/1751/1782
f 1946/1751/1782 1924/1750/1781 1925/1916/1947
f 1926/1813/1844 1928/1812/1843 1929/1913/1944
f 1929/1913/1944 1925/1916/1947 1926/1813/1844
f 1926/1813/1844 1925/1916/1947 1924/1750/1781
f 1924/1750/1781 1927/1919/1950 1926/1813/1844
f 1930/1752/1783 1941/1754/1785 1942/1914/1945
f 1942/1914/1945 1929/1913/1944 1930/1752/1783
f 1928/1812/1843 1931/1924/1955 1930/1752/1783
f 1930/1752/1783 1929/1913/1944 1928/1812/1843
f 1935/1817/1848 1936/1816/1847 1937/1931/1962
f 1937/1931/1962 1934/1930/1961 1935/1817/1848
f 1935/1817/1848 1934/1930/1961 1933/1742/1773
f 1933/1742/1773 1932/1903/1934 1935/1817/1848
f 1936/1816/1847 1939/1928/1959 1938/1756/1787
f 1938/1756/1787 1937/1931/1962 1936/1816/1847
f 1943/1820/1851 1944/1819/1850 1945/1915/1946
f 1945/1915/1946 1942/1914/1945 1943/1820/1851
f 1943/1820/1851 1942/1914/1945 1941/1754/1785
f 1941/1754/1785 1940/1937/1968 1943/1820/1851
f 1944/1819/1850 1947/1934/1965 1946/1751/1782
f 1946/1751/1782 1945/1915/1946 1944/1819/1850
f 1960/1941/1972 2022/1942/1973 2106/1943/1974
f 1960/1941/1972 2106/1943/1974 2004/1944/1975
f 1960/1941/1972 2004/1944/1975 1951/1945/1976
f 1960/1941/1972 1951/1945/1976 2031/1946/1977
f 2017/1947/1978 2050/1948/1979 2092/1949/1980
f 2092/1949/1980 1996/1950/1981 2017/1947/1978
f 2039/1951/1982 2072/1952/1983 1976/1953/1984
f 1976/1953/1984 1955/1954/1985 2039/1951/1982
f 2025/1955/1986 2084/1956/1987 1984/1957/1988
f 1984/1957/1988 2033/1958/1989 2025/1955/1986
f 2014/1959/1990 2062/1960/1991 1988/1961/1992
f 1988/1961/1992 1959/1962/1993 2014/1959/1990
f 2044/1963/1994 1965/1964/1995 2099/1965/1996
f 2068/1966/1997 1967/1967/1998 2043/1968/1999
f 2080/1969/2000 1969/1970/2001 2067/1971/2002
f 2056/1972/2003 1971/1973/2004 2079/1974/2005
f 1975/1975/2006 2119/1976/2007 1992/1977/2008
f 2115/1978/2009 2121/1979/2010 2101/1980/2011
f 2101/1980/2011 2089/1981/2012 2115/1978/2009
f 1973/1982/2013 2055/1983/2014 2000/1984/2015
f 1980/1985/2016 2009/1986/2017 2126/1987/2018
f 2126/1987/2018 2108/1988/2019 1980/1985/2016
f 1949/1989/2020 2011/1990/2021 2012/1991/2022
f 1953/1992/2023 2019/1993/2024 2020/1994/2025
f 1957/1995/2026 2027/1996/2027 2029/1997/2028
f 1962/1998/2029 2035/1999/2030 2037/2000/2031
f 1978/2001/2032 2041/2002/2033 2046/2003/2034
f 2046/2003/2034 2048/2004/2035 1978/2001/2032
f 1982/2005/2036 2053/2006/2037 2058/2007/2038
f 2058/2007/2038 2060/2008/2039 1982/2005/2036
f 1986/2009/2040 2065/2010/2041 2070/2011/2042
f 2070/2011/2042 2074/2012/2043 1986/2009/2040
f 1990/2013/2044 2077/2014/2045 2082/2015/2046
f 2082/2015/2046 2086/2016/2047 1990/2013/2044
f 1994/2017/2048 2091/2018/2049 2094/2019/2050
f 2094/2019/2050 2097/2020/2051 1994/2017/2048
f 1998/2021/2052 2103/2022/2053 2104/2023/2054
f 2002/2024/2055 2110/2025/2056 2113/2026/2057
f 2113/2026/2057 2117/2027/2058 2002/2024/2055
f 2006/2028/2059 2123/2029/2060 2124/2030/2061
f 1950/2031/2062 2015/2032/2063 1958/2033/2064
f 1958/2033/2064 2028/2034/2065 1950/2031/2062
f 2030/2035/2066 2026/2036/2067 2032/2037/2068
f 2032/2037/2068 1961/2038/2069 2030/2035/2066
f 1963/2039/2070 2036/2040/2071 1954/2041/2072
f 1954/2041/2072 2023/2042/2073 1963/2039/2070
f 2021/2043/2074 2018/2044/2075 1999/2045/2076
f 1999/2045/2076 2107/2046/2077 2021/2043/2074
f 2016/2047/2078 1952/2048/2079 1979/2049/2080
f 1979/2049/2080 2051/2050/2081 2016/2047/2078
f 1972/2051/2082 2059/2052/2083 2052/2053/2084
f 2038/2054/2085 2034/2055/2086 1987/2056/2087
f 1987/2056/2087 2073/2057/2088 2038/2054/2085
f 2024/2058/2089 1956/2059/2090 1991/2060/2091
f 1991/2060/2091 2085/2061/2092 2024/2058/2089
f 2047/2062/2093 2040/2063/2094 1966/2064/2095
f 1983/2065/2096 2063/2066/2097 2013/2067/2098
f 2013/2067/2098 2010/2068/2099 1983/2065/2096
f 2071/2069/2100 2064/2070/2101 1968/2071/2102
f 2083/2072/2103 2076/2073/2104 1970/2074/2105
f 2049/2075/2106 2045/2076/2107 2098/2077/2108
f 2098/2077/2108 2093/2078/2109 2049/2075/2106
f 2075/2079/2110 2069/2080/2111 2042/2081/2112
f 2042/2081/2112 1977/2082/2113 2075/2079/2110
f 2087/2083/2114 2081/2084/2115 2066/2085/2116
f 2066/2085/2116 1985/2086/2117 2087/2083/2114
f 2061/2087/2118 2057/2088/2119 2078/2089/2120
f 2078/2089/2120 1989/2090/2121 2061/2087/2118
f 2088/2091/2122 1993/2092/2123 2118/2093/2124
f 2118/2093/2124 2112/2094/2125 2088/2091/2122
f 1964/2095/2126 1995/2096/2127 2096/2097/2128
f 2105/2098/2129 2102/2099/2130 2120/2100/2131
f 2120/2100/2131 2005/2101/2132 2105/2098/2129
f 2095/2102/2133 2090/2103/2134 2100/2104/2135
f 2100/2104/2135 1997/2105/2136 2095/2102/2133
f 2111/2106/2137 2001/2107/2138 2054/2108/2139
f 2054/2108/2139 1981/2109/2140 2111/2106/2137
f 1974/2110/2141 2003/2111/2142 2116/2112/2143
f 2007/2113/2144 2127/2114/2145 2008/2115/2146
f 2008/2115/2146 1948/2116/2147 2007/2113/2144
f 2114/2117/2148 2109/2118/2149 2125/2119/2150
f 2125/2119/2150 2122/2120/2151 2114/2117/2148
f 1948/2116/2147 1951/1945/1976 2004/1944/1975
f 2004/1944/1975 2007/2113/2144 1948/2116/2147
f 1949/1989/2020 1948/2116/2147 2008/2115/2146
f 2008/2115/2146 2011/1990/2021 1949/1989/2020
f 1950/2031/2062 1949/1989/2020 2012/1991/2022
f 2012/1991/2022 2015/2032/2063 1950/2031/2062
f 1951/1945/1976 1950/2031/2062 2028/2034/2065
f 2028/2034/2065 2031/1946/1977 1951/1945/1976
f 1949/1989/2020 1950/2031/2062 1951/1945/1976
f 1951/1945/1976 1948/2116/2147 1949/1989/2020
f 1952/2048/2079 1955/1954/1985 1976/1953/1984
f 1976/1953/1984 1979/2049/2080 1952/2048/2079
f 1953/1992/2023 1952/2048/2079 2016/2047/2078
f 2016/2047/2078 2019/1993/2024 1953/1992/2023
f 1954/2041/2072 1953/1992/2023 2020/1994/2025
f 2020/1994/2025 2023/2042/2073 1954/2041/2072
f 1955/1954/1985 1954/2041/2072 2036/2040/2071
f 2036/2040/2071 2039/1951/1982 1955/1954/1985
f 1953/1992/2023 1954/2041/2072 1955/1954/1985
f 1955/1954/1985 1952/2048/2079 1953/1992/2023
f 1956/2059/2090 1959/1962/1993 1988/1961/1992
f 1988/1961/1992 1991/2060/2091 1956/2059/2090
f 1957/1995/2026 1956/2059/2090 2024/2058/2089
f 2024/2058/2089 2027/1996/2027 1957/1995/2026
f 1958/2033/2064 1957/1995/2026 2029/1997/2028
f 2029/1997/2028 2028/2034/2065 1958/2033/2064
f 1959/1962/1993 1958/2033/2064 2015/2032/2063
f 2015/2032/2063 2014/1959/1990 1959/1962/1993
f 1957/1995/2026 1958/2033/2064 1959/1962/1993
f 1959/1962/1993 1956/2059/2090 1957/1995/2026
f 1960/1941/1972 1963/2039/2070 2023/2042/2073
f 2023/2042/2073 2022/1942/1973 1960/1941/1972
f 1961/2038/2069 1960/1941/1972 2031/1946/1977
f 2031/1946/1977 2030/2035/2066 1961/2038/2069
f 1962/1998/2029 1961/2038/2069 2032/2037/2068
f 2032/2037/2068 2035/1999/2030 1962/1998/2029
f 1963/2039/2070 1962/1998/2029 2037/2000/2031
f 2037/2000/2031 2036/2040/2071 1963/2039/2070
f 1962/1998/2029 1963/2039/2070 1960/1941/1972
f 1960/1941/1972 1961/2038/2069 1962/1998/2029
f 1964/2095/2126 1975/1975/2006 1992/1977/2008
f 1992/1977/2008 1995/2096/2127 1964/2095/2126
f 1965/1964/1995 1964/2095/2126 2096/2097/2128
f 2096/2097/2128 2099/1965/1996 1965/1964/1995
f 1966/2064/2095 1965/1964/1995 2044/1963/1994
f 2044/1963/1994 2047/2062/2093 1966/2064/2095
f 1967/1967/1998 1966/2064/2095 2040/2063/2094
f 2040/2063/2094 2043/1968/1999 1967/1967/1998
f 1968/2071/2102 1967/1967/1998 2068/1966/1997
f 2068/1966/1997 2071/2069/2100 1968/2071/2102
f 1969/1970/2001 1968/2071/2102 2064/2070/2101
f 2064/2070/2101 2067/1971/2002 1969/1970/2001
f 1970/2074/2105 1969/1970/2001 2080/1969/2000
f 2080/1969/2000 2083/2072/2103 1970/2074/2105
f 1971/1973/2004 1970/2074/2105 2076/2073/2104
f 2076/2073/2104 2079/1974/2005 1971/1973/2004
f 1972/2051/2082 1971/1973/2004 2056/1972/2003
f 2056/1972/2003 2059/2052/2083 1972/2051/2082
f 1973/1982/2013 1972/2051/2082 2052/2053/2084
f 2052/2053/2084 2055/1983/2014 1973/1982/2013
f 1974/2110/2141 1973/1982/2013 2000/1984/2015
f 2000/1984/2015 2003/2111/2142 1974/2110/2141
f 1975/1975/2006 1974/2110/2141 2116/2112/2143
f 2116/2112/2143 2119/1976/2007 1975/1975/2006
f 1967/1967/1998 1968/2071/2102 1969/1970/2001
f 1971/1973/2004 1972/2051/2082 1973/1982/2013
f 1974/2110/2141 1975/1975/2006 1964/2095/2126
f 1974/2110/2141 1964/2095/2126 1965/1964/1995
f 1973/1982/2013 1974/2110/2141 1965/1964/1995
f 1971/1973/2004 1973/1982/2013 1965/1964/1995
f 1970/2074/2105 1971/1973/2004 1965/1964/1995
f 1970/2074/2105 1965/1964/1995 1966/2064/2095
f 1969/1970/2001 1970/2074/2105 1966/2064/2095
f 1967/1967/1998 1969/1970/2001 1966/2064/2095
f 1977/2082/2113 1976/1953/1984 2072/1952/1983
f 2072/1952/1983 2075/2079/2110 1977/2082/2113
f 1978/2001/2032 1977/2082/2113 2042/2081/2112
f 2042/2081/2112 2041/2002/2033 1978/2001/2032
f 1979/2049/2080 1978/2001/2032 2048/2004/2035
f 2048/2004/2035 2051/2050/2081 1979/2049/2080
f 1978/2001/2032 1979/2049/2080 1976/1953/1984
f 1976/1953/1984 1977/2082/2113 1978/2001/2032
f 1980/1985/2016 1983/2065/2096 2010/2068/2099
f 2010/2068/2099 2009/1986/2017 1980/1985/2016
f 1981/2109/2140 1980/1985/2016 2108/1988/2019
f 2108/1988/2019 2111/2106/2137 1981/2109/2140
f 1982/2005/2036 1981/2109/2140 2054/2108/2139
f 2054/2108/2139 2053/2006/2037 1982/2005/2036
f 1983/2065/2096 1982/2005/2036 2060/2008/2039
f 2060/2008/2039 2063/2066/2097 1983/2065/2096
f 1982/2005/2036 1983/2065/2096 1980/1985/2016
f 1980/1985/2016 1981/2109/2140 1982/2005/2036
f 1984/1957/1988 1987/2056/2087 2034/2055/2086
f 2034/2055/2086 2033/1958/1989 1984/1957/1988
f 1985/2086/2117 1984/1957/1988 2084/1956/1987
f 2084/1956/1987 2087/2083/2114 1985/2086/2117
f 1986/2009/2040 1985/2086/2117 2066/2085/2116
f 2066/2085/2116 2065/2010/2041 1986/2009/2040
f 1987/2056/2087 1986/2009/2040 2074/2012/2043
f 2074/2012/2043 2073/2057/2088 1987/2056/2087
f 1986/2009/2040 1987/2056/2087 1984/1957/1988
f 1984/1957/1988 1985/2086/2117 1986/2009/2040
f 1989/2090/2121 1988/1961/1992 2062/1960/1991
f 2062/1960/1991 2061/2087/2118 1989/2090/2121
f 1990/2013/2044 1989/2090/2121 2078/2089/2120
f 2078/2089/2120 2077/2014/2045 1990/2013/2044
f 1991/2060/2091 1990/2013/2044 2086/2016/2047
f 2086/2016/2047 2085/2061/2092 1991/2060/2091
f 1990/2013/2044 1991/2060/2091 1988/1961/1992
f 1988/1961/1992 1989/2090/2121 1990/2013/2044
f 1993/2092/2123 1992/1977/2008 2119/1976/2007
f 2119/1976/2007 2118/2093/2124 1993/2092/2123
f 1994/2017/2048 1993/2092/2123 2088/2091/2122
f 2088/2091/2122 2091/2018/2049 1994/2017/2048
f 1995/2096/2127 1994/2017/2048 2097/2020/2051
f 2097/2020/2051 2096/2097/2128 1995/2096/2127
f 1994/2017/2048 1995/2096/2127 1992/1977/2008
f 1992/1977/2008 1993/2092/2123 1994/2017/2048
f 1996/1950/1981 1999/2045/2076 2018/2044/2075
f 2018/2044/2075 2017/1947/1978 1996/1950/1981
f 1997/2105/2136 1996/1950/1981 2092/1949/1980
f 2092/1949/1980 2095/2102/2133 1997/2105/2136
f 1998/2021/2052 1997/2105/2136 2100/2104/2135
f 2100/2104/2135 2103/2022/2053 1998/2021/2052
f 1999/2045/2076 1998/2021/2052 2104/2023/2054
f 2104/2023/2054 2107/2046/2077 1999/2045/2076
f 1999/2045/2076 1996/1950/1981 1997/2105/2136
f 1997/2105/2136 1998/2021/2052 1999/2045/2076
f 2001/2107/2138 2000/1984/2015 2055/1983/2014
f 2055/1983/2014 2054/2108/2139 2001/2107/2138
f 2002/2024/2055 2001/2107/2138 2111/2106/2137
f 2111/2106/2137 2110/2025/2056 2002/2024/2055
f 2003/2111/2142 2002/2024/2055 2117/2027/2058
f 2117/2027/2058 2116/2112/2143 2003/2111/2142
f 2002/2024/2055 2003/2111/2142 2000/1984/2015
f 2000/1984/2015 2001/2107/2138 2002/2024/2055
f 2005/2101/2132 2004/1944/1975 2106/1943/1974
f 2106/1943/1974 2105/2098/2129 2005/2101/2132
f 2006/2028/2059 2005/2101/2132 2120/2100/2131
f 2120/2100/2131 2123/2029/2060 2006/2028/2059
f 2007/2113/2144 2006/2028/2059 2124/2030/2061
f 2124/2030/2061 2127/2114/2145 2007/2113/2144
f 2006/2028/2059 2007/2113/2144 2004/1944/1975
f 2004/1944/1975 2005/2101/2132 2006/2028/2059
f 2009/1986/2017 2008/2115/2146 2127/2114/2145
f 2127/2114/2145 2126/1987/2018 2009/1986/2017
f 2011/1990/2021 2010/2068/2099 2013/2067/2098
f 2013/2067/2098 2012/1991/2022 2011/1990/2021
f 2011/1990/2021 2008/2115/2146 2009/1986/2017
f 2009/1986/2017 2010/2068/2099 2011/1990/2021
f 2014/1959/1990 2013/2067/2098 2063/2066/2097
f 2063/2066/2097 2062/1960/1991 2014/1959/1990
f 2012/1991/2022 2013/2067/2098 2014/1959/1990
f 2014/1959/1990 2015/2032/2063 2012/1991/2022
f 2017/1947/1978 2016/2047/2078 2051/2050/2081
f 2051/2050/2081 2050/1948/1979 2017/1947/1978
f 2019/1993/2024 2018/2044/2075 2021/2043/2074
f 2021/2043/2074 2020/1994/2025 2019/1993/2024
f 2018/2044/2075 2019/1993/2024 2016/2047/2078
f 2016/2047/2078 2017/1947/1978 2018/2044/2075
f 2022/1942/1973 2021/2043/2074 2107/2046/2077
f 2107/2046/2077 2106/1943/1974 2022/1942/1973
f 2020/1994/2025 2021/2043/2074 2022/1942/1973
f 2022/1942/1973 2023/2042/2073 2020/1994/2025
f 2025/1955/1986 2024/2058/2089 2085/2061/2092
f 2085/2061/2092 2084/1956/1987 2025/1955/1986
f 2026/2036/2067 2025/1955/1986 2033/1958/1989
f 2033/1958/1989 2032/2037/2068 2026/2036/2067
f 2027/1996/2027 2026/2036/2067 2030/2035/2066
f 2030/2035/2066 2029/1997/2028 2027/1996/2027
f 2027/1996/2027 2024/2058/2089 2025/1955/1986
f 2025/1955/1986 2026/2036/2067 2027/1996/2027
f 2029/1997/2028 2030/2035/2066 2031/1946/1977
f 2031/1946/1977 2028/2034/2065 2029/1997/2028
f 2035/1999/2030 2034/2055/2086 2038/2054/2085
f 2038/2054/2085 2037/2000/2031 2035/1999/2030
f 2035/1999/2030 2032/2037/2068 2033/1958/1989
f 2033/1958/1989 2034/2055/2086 2035/1999/2030
f 2039/1951/1982 2038/2054/2085 2073/2057/2088
f 2073/2057/2088 2072/1952/1983 2039/1951/1982
f 2037/2000/2031 2038/2054/2085 2039/1951/1982
f 2039/1951/1982 2036/2040/2071 2037/2000/2031
f 2041/2002/2033 2040/2063/2094 2047/2062/2093
f 2047/2062/2093 2046/2003/2034 2041/2002/2033
f 2043/1968/1999 2042/2081/2112 2069/2080/2111
f 2069/2080/2111 2068/1966/1997 2043/1968/1999
f 2041/2002/2033 2042/2081/2112 2043/1968/1999
f 2043/1968/1999 2040/2063/2094 2041/2002/2033
f 2045/2076/2107 2044/1963/1994 2099/1965/1996
f 2099/1965/1996 2098/2077/2108 2045/2076/2107
f 2046/2003/2034 2045/2076/2107 2049/2075/2106
f 2049/2075/2106 2048/2004/2035 2046/2003/2034
f 2046/2003/2034 2047/2062/2093 2044/1963/1994
f 2044/1963/1994 2045/2076/2107 2046/2003/2034
f 2050/1948/1979 2049/2075/2106 2093/2078/2109
f 2093/2078/2109 2092/1949/1980 2050/1948/1979
f 2048/2004/2035 2049/2075/2106 2050/1948/1979
f 2050/1948/1979 2051/2050/2081 2048/2004/2035
f 2053/2006/2037 2052/2053/2084 2059/2052/2083
f 2059/2052/2083 2058/2007/2038 2053/2006/2037
f 2053/2006/2037 2054/2108/2139 2055/1983/2014
f 2055/1983/2014 2052/2053/2084 2053/2006/2037
f 2057/2088/2119 2056/1972/2003 2079/1974/2005
f 2079/1974/2005 2078/2089/2120 2057/2088/2119
f 2058/2007/2038 2057/2088/2119 2061/2087/2118
f 2061/2087/2118 2060/2008/2039 2058/2007/2038
f 2058/2007/2038 2059/2052/2083 2056/1972/2003
f 2056/1972/2003 2057/2088/2119 2058/2007/2038
f 2060/2008/2039 2061/2087/2118 2062/1960/1991
f 2062/1960/1991 2063/2066/2097 2060/2008/2039
f 2065/2010/2041 2064/2070/2101 2071/2069/2100
f 2071/2069/2100 2070/2011/2042 2065/2010/2041
f 2067/1971/2002 2066/2085/2116 2081/2084/2115
f 2081/2084/2115 2080/1969/2000 2067/1971/2002
f 2065/2010/2041 2066/2085/2116 2067/1971/2002
f 2067/1971/2002 2064/2070/2101 2065/2010/2041
f 2070/2011/2042 2069/2080/2111 2075/2079/2110
f 2075/2079/2110 2074/2012/2043 2070/2011/2042
f 2070/2011/2042 2071/2069/2100 2068/1966/1997
f 2068/1966/1997 2069/2080/2111 2070/2011/2042
f 2074/2012/2043 2075/2079/2110 2072/1952/1983
f 2072/1952/1983 2073/2057/2088 2074/2012/2043
f 2077/2014/2045 2076/2073/2104 2083/2072/2103
f 2083/2072/2103 2082/2015/2046 2077/2014/2045
f 2077/2014/2045 2078/2089/2120 2079/1974/2005
f 2079/1974/2005 2076/2073/2104 2077/2014/2045
f 2082/2015/2046 2081/2084/2115 2087/2083/2114
f 2087/2083/2114 2086/2016/2047 2082/2015/2046
f 2082/2015/2046 2083/2072/2103 2080/1969/2000
f 2080/1969/2000 2081/2084/2115 2082/2015/2046
f 2086/2016/2047 2087/2083/2114 2084/1956/1987
f 2084/1956/1987 2085/2061/2092 2086/2016/2047
f 2089/1981/2012 2088/2091/2122 2112/2094/2125
f 2112/2094/2125 2115/1978/2009 2089/1981/2012
f 2090/2103/2134 2089/1981/2012 2101/1980/2011
f 2101/1980/2011 2100/2104/2135 2090/2103/2134
f 2091/2018/2049 2090/2103/2134 2095/2102/2133
f 2095/2102/2133 2094/2019/2050 2091/2018/2049
f 2091/2018/2049 2088/2091/2122 2089/1981/2012
f 2089/1981/2012 2090/2103/2134 2091/2018/2049
f 2094/2019/2050 2093/2078/2109 2098/2077/2108
f 2098/2077/2108 2097/2020/2051 2094/2019/2050
f 2094/2019/2050 2095/2102/2133 2092/1949/1980
f 2092/1949/1980 2093/2078/2109 2094/2019/2050
f 2097/2020/2051 2098/2077/2108 2099/1965/1996
f 2099/1965/1996 2096/2097/2128 2097/2020/2051
f 2102/2099/2130 2101/1980/2011 2121/1979/2010
f 2121/1979/2010 2120/2100/2131 2102/2099/2130
f 2103/2022/2053 2102/2099/2130 2105/2098/2129
f 2105/2098/2129 2104/2023/2054 2103/2022/2053
f 2103/2022/2053 2100/2104/2135 2101/1980/2011
f 2101/1980/2011 2102/2099/2130 2103/2022/2053
f 2104/2023/2054 2105/2098/2129 2106/1943/1974
f 2106/1943/1974 2107/2046/2077 2104/2023/2054
f 2109/2118/2149 2108/1988/2019 2126/1987/2018
f 2126/1987/2018 2125/2119/2150 2109/2118/2149
f 2110/2025/2056 2109/2118/2149 2114/2117/2148
f 2114/2117/2148 2113/2026/2057 2110/2025/2056
f 2110/2025/2056 2111/2106/2137 2108/1988/2019
f 2108/1988/2019 2109/2118/2149 2110/2025/2056
f 2113/2026/2057 2112/2094/2125 2118/2093/2124
f 2118/2093/2124 2117/2027/2058 2113/2026/2057
f 2115/1978/2009 2114/2117/2148 2122/2120/2151
f 2122/2120/2151 2121/1979/2010 2115/1978/2009
f 2113/2026/2057 2114/2117/2148 2115/1978/2009
f 2115/1978/2009 2112/2094/2125 2113/2026/2057
f 2117/2027/2058 2118/2093/2124 2119/1976/2007
f 2119/1976/2007 2116/2112/2143 2117/2027/2058
f 2123/2029/2060 2122/2120/2151 2125/2119/2150
f 2125/2119/2150 2124/2030/2061 2123/2029/2060
f 2123/2029/2060 2120/2100/2131 2121/1979/2010
f 2121/1979/2010 2122/2120/2151 2123/2029/2060
f 2124/2030/2061 2125/2119/2150 2126/1987/2018
f 2126/1987/2018 2127/2114/2145 2124/2030/2061
f 2164/2121/2152 2297/2122/2153 2156/2123/2154
f 2176/2124/2155 2335/2125/2156 2538/2126/2157
f 2538/2126/2157 2264/2127/2158 2176/2124/2155
f 2213/2128/2159 2360/2129/2160 2338/2130/2161
f 2338/2130/2161 2548/2131/2162 2213/2128/2159
f 2270/2132/2163 2141/2133/2164 2282/2134/2165
f 2270/2132/2163 2282/2134/2165 2193/2135/2166
f 2270/2132/2163 2193/2135/2166 2134/2136/2167
f 2414/2137/2168 2154/2138/2169 2308/2139/2170
f 2414/2137/2168 2308/2139/2170 2197/2140/2171
f 2414/2137/2168 2197/2140/2171 2421/2141/2172
f 2201/2142/2173 2404/2143/2174 2157/2144/2175
f 2157/2144/2175 2296/2145/2176 2201/2142/2173
f 2288/2146/2177 2412/2147/2178 2205/2148/2179
f 2365/2149/2180 2165/2150/2181 2314/2151/2182
f 2314/2151/2182 2311/2152/2183 2365/2149/2180
f 2380/2153/2184 2388/2154/2185 2400/2155/2186
f 2260/2156/2187 2330/2157/2188 2516/2158/2189
f 2400/2155/2186 2260/2156/2187 2516/2158/2189
f 2243/2159/2190 2302/2160/2191 2319/2161/2192
f 2516/2158/2189 2243/2159/2190 2319/2161/2192
f 2400/2155/2186 2516/2158/2189 2319/2161/2192
f 2380/2153/2184 2400/2155/2186 2319/2161/2192
f 2380/2153/2184 2319/2161/2192 2327/2162/2193
f 2247/2163/2194 2152/2164/2195 2151/2165/2196
f 2151/2165/2196 2503/2166/2197 2247/2163/2194
f 2180/2167/2198 2304/2168/2199 2153/2169/2200
f 2153/2169/2200 2251/2170/2201 2180/2167/2198
f 2446/2171/2202 2181/2172/2203 2322/2173/2204
f 2322/2173/2204 2364/2174/2205 2446/2171/2202
f 2383/2175/2206 2479/2176/2207 2462/2177/2208
f 2462/2177/2208 2189/2178/2209 2383/2175/2206
f 2185/2179/2210 2377/2180/2211 2240/2181/2212
f 2240/2181/2212 2482/2182/2213 2185/2179/2210
f 2196/2183/2214 2293/2184/2215 2418/2185/2216
f 2200/2186/2217 2146/2187/2218 2405/2188/2219
f 2406/2189/2220 2147/2190/2221 2155/2191/2222
f 2155/2191/2222 2417/2192/2223 2406/2189/2220
f 2459/2193/2224 2470/2194/2225 2209/2195/2226
f 2209/2195/2226 2391/2196/2227 2459/2193/2224
f 2423/2197/2228 2227/2198/2229 2495/2199/2230
f 2495/2199/2230 2438/2200/2231 2423/2197/2228
f 2445/2201/2232 2488/2202/2233 2451/2203/2234
f 2451/2203/2234 2370/2204/2235 2445/2201/2232
f 2376/2205/2236 2218/2206/2237 2241/2207/2238
f 2231/2208/2239 2276/2209/2240 2468/2210/2241
f 2138/2211/2242 2286/2212/2243 2474/2213/2244
f 2474/2213/2244 2222/2214/2245 2138/2211/2242
f 2226/2215/2246 2142/2216/2247 2269/2217/2248
f 2269/2217/2248 2491/2218/2249 2226/2215/2246
f 2235/2219/2250 2130/2220/2251 2274/2221/2252
f 2274/2221/2252 2456/2222/2253 2235/2219/2250
f 2195/2223/2254 2242/2224/2255 2217/2225/2256
f 2217/2225/2256 2131/2226/2257 2195/2223/2254
f 2194/2227/2258 2281/2228/2259 2483/2229/2260
f 2483/2229/2260 2239/2230/2261 2194/2227/2258
f 2497/2231/2262 2513/2232/2263 2524/2233/2264
f 2524/2233/2264 2505/2234/2265 2497/2231/2262
f 2510/2235/2266 2521/2236/2267 2350/2237/2268
f 2252/2238/2269 2172/2239/2270 2348/2240/2271
f 2348/2240/2271 2528/2241/2272 2252/2238/2269
f 2256/2242/2273 2344/2243/2274 2353/2244/2275
f 2395/2245/2276 2432/2246/2277 2541/2247/2278
f 2541/2247/2278 2533/2248/2279 2395/2245/2276
f 2544/2249/2280 2427/2250/2281 2435/2251/2282
f 2136/2252/2283 2278/2253/2284 2279/2254/2285
f 2144/2255/2286 2290/2256/2287 2291/2257/2288
f 2149/2258/2289 2299/2259/2290 2300/2260/2291
f 2159/2261/2292 2306/2262/2293 2309/2263/2294
f 2162/2264/2295 2316/2265/2296 2317/2266/2297
f 2167/2267/2298 2324/2268/2299 2325/2269/2300
f 2170/2270/2301 2332/2271/2302 2333/2272/2303
f 2174/2273/2304 2340/2274/2305 2342/2275/2306
f 2342/2275/2306 2346/2276/2307 2174/2273/2304
f 2178/2277/2308 2352/2278/2309 2355/2279/2310
f 2178/2277/2308 2355/2279/2310 2358/2280/2311
f 2178/2277/2308 2358/2280/2311 2362/2281/2312
f 2178/2277/2308 2362/2281/2312 2367/2282/2313
f 2183/2283/2314 2372/2284/2315 2374/2285/2316
f 2374/2285/2316 2378/2286/2317 2183/2283/2314
f 2187/2287/2318 2385/2288/2319 2386/2289/2320
f 2191/2290/2321 2393/2291/2322 2397/2292/2323
f 2397/2292/2323 2398/2293/2324 2191/2290/2321
f 2203/2294/2325 2408/2295/2326 2410/2296/2327
f 2207/2297/2328 2415/2298/2329 2420/2299/2330
f 2211/2300/2331 2425/2301/2332 2429/2302/2333
f 2429/2302/2333 2430/2303/2334 2211/2300/2331
f 2215/2304/2335 2437/2305/2336 2440/2306/2337
f 2215/2304/2335 2440/2306/2337 2443/2307/2338
f 2215/2304/2335 2443/2307/2338 2448/2308/2339
f 2220/2309/2340 2453/2310/2341 2454/2311/2342
f 2224/2312/2343 2461/2313/2344 2464/2314/2345
f 2464/2314/2345 2466/2315/2346 2224/2312/2343
f 2229/2316/2347 2472/2317/2348 2476/2318/2349
f 2233/2319/2350 2481/2320/2351 2485/2321/2352
f 2237/2322/2353 2490/2323/2354 2493/2324/2355
f 2245/2325/2356 2499/2326/2357 2501/2327/2358
f 2249/2328/2359 2507/2329/2360 2508/2330/2361
f 2254/2331/2362 2515/2332/2363 2518/2333/2364
f 2258/2334/2365 2523/2335/2366 2526/2336/2367
f 2526/2336/2367 2530/2337/2368 2258/2334/2365
f 2262/2338/2369 2535/2339/2370 2536/2340/2371
f 2266/2341/2372 2543/2342/2373 2546/2343/2374
f 2546/2343/2374 2550/2344/2375 2266/2341/2372
f 2129/2345/2376 2271/2346/2377 2133/2347/2378
f 2133/2347/2378 2272/2348/2379 2129/2345/2376
f 2273/2349/2380 2132/2350/2381 2221/2351/2382
f 2221/2351/2382 2457/2352/2383 2273/2349/2380
f 2275/2353/2384 2135/2354/2385 2225/2355/2386
f 2225/2355/2386 2469/2356/2387 2275/2353/2384
f 2137/2357/2388 2283/2358/2389 2140/2359/2390
f 2140/2359/2390 2284/2360/2391 2137/2357/2388
f 2285/2361/2392 2139/2362/2393 2230/2363/2394
f 2230/2363/2394 2475/2364/2395 2285/2361/2392
f 2310/2365/2396 2305/2366/2397 2179/2367/2398
f 2179/2367/2398 2366/2368/2399 2310/2365/2396
f 2307/2369/2400 2158/2370/2401 2403/2371/2402
f 2403/2371/2402 2198/2372/2403 2307/2369/2400
f 2295/2373/2404 2148/2374/2405 2409/2375/2406
f 2409/2375/2406 2202/2376/2407 2295/2373/2404
f 2292/2377/2408 2289/2378/2409 2208/2379/2410
f 2208/2379/2410 2419/2380/2411 2292/2377/2408
f 2163/2381/2412 2320/2382/2413 2301/2383/2414
f 2301/2383/2414 2298/2384/2415 2163/2381/2412
f 2160/2385/2416 2312/2386/2417 2313/2387/2418
f 2313/2387/2418 2161/2388/2419 2160/2385/2416
f 2168/2389/2420 2328/2390/2421 2318/2391/2422
f 2318/2391/2422 2315/2392/2423 2168/2389/2420
f 2329/2393/2424 2169/2394/2425 2255/2395/2426
f 2255/2395/2426 2517/2396/2427 2329/2393/2424
f 2347/2397/2428 2341/2398/2429 2259/2399/2430
f 2259/2399/2430 2529/2400/2431 2347/2397/2428
f 2363/2401/2432 2357/2402/2433 2216/2403/2434
f 2216/2403/2434 2447/2404/2435 2363/2401/2432
f 2175/2405/2436 2345/2406/2437 2171/2407/2438
f 2171/2407/2438 2336/2408/2439 2175/2405/2436
f 2368/2409/2440 2361/2410/2441 2321/2411/2442
f 2321/2411/2442 2166/2412/2443 2368/2409/2440
f 2379/2413/2444 2373/2414/2445 2188/2415/2446
f 2188/2415/2446 2389/2416/2447 2379/2413/2444
f 2399/2417/2448 2396/2418/2449 2532/2419/2450
f 2532/2419/2450 2261/2420/2451 2399/2417/2448
f 2387/2421/2452 2384/2422/2453 2192/2423/2454
f 2192/2423/2454 2401/2424/2455 2387/2421/2452
f 2382/2425/2456 2186/2426/2457 2486/2427/2458
f 2486/2427/2458 2480/2428/2459 2382/2425/2456
f 2199/2429/2460 2402/2430/2461 2145/2431/2462
f 2145/2431/2462 2294/2432/2463 2199/2429/2460
f 2204/2433/2464 2413/2434/2465 2287/2435/2466
f 2287/2435/2466 2143/2436/2467 2204/2433/2464
f 2411/2437/2468 2407/2438/2469 2416/2439/2470
f 2416/2439/2470 2206/2440/2471 2411/2437/2468
f 2431/2441/2472 2428/2442/2473 2547/2443/2474
f 2547/2443/2474 2542/2444/2475 2431/2441/2472
f 2394/2445/2476 2392/2446/2477 2212/2447/2478
f 2212/2447/2478 2433/2448/2479 2394/2445/2476
f 2444/2449/2480 2439/2450/2481 2494/2451/2482
f 2494/2451/2482 2489/2452/2483 2444/2449/2480
f 2426/2453/2484 2424/2454/2485 2441/2455/2486
f 2441/2455/2486 2436/2456/2487 2426/2453/2484
f 2184/2457/2488 2381/2458/2489 2326/2459/2490
f 2326/2459/2490 2323/2460/2491 2184/2457/2488
f 2449/2461/2492 2442/2462/2493 2369/2463/2494
f 2369/2463/2494 2182/2464/2495 2449/2461/2492
f 2450/2465/2496 2219/2466/2497 2375/2467/2498
f 2375/2467/2498 2371/2468/2499 2450/2465/2496
f 2465/2469/2500 2460/2470/2501 2390/2471/2502
f 2390/2471/2502 2190/2472/2503 2465/2469/2500
f 2473/2473/2504 2228/2474/2505 2422/2475/2506
f 2422/2475/2506 2210/2476/2507 2473/2473/2504
f 2234/2477/2508 2484/2478/2509 2280/2479/2510
f 2280/2479/2510 2277/2480/2511 2234/2477/2508
f 2238/2481/2512 2492/2482/2513 2268/2483/2514
f 2268/2483/2514 2128/2484/2515 2238/2481/2512
f 2478/2485/2516 2232/2486/2517 2467/2487/2518
f 2467/2487/2518 2463/2488/2519 2478/2485/2516
f 2458/2489/2520 2223/2490/2521 2477/2491/2522
f 2477/2491/2522 2471/2492/2523 2458/2489/2520
f 2487/2493/2524 2236/2494/2525 2455/2495/2526
f 2455/2495/2526 2452/2496/2527 2487/2493/2524
f 2246/2497/2528 2500/2498/2529 2150/2499/2530
f 2150/2499/2530 2303/2500/2531 2246/2497/2528
f 2502/2501/2532 2498/2502/2533 2504/2503/2534
f 2504/2503/2534 2248/2504/2535 2502/2501/2532
f 2359/2505/2536 2354/2506/2537 2343/2507/2538
f 2343/2507/2538 2339/2508/2539 2359/2505/2536
f 2250/2509/2540 2511/2510/2541 2349/2511/2542
f 2349/2511/2542 2177/2512/2543 2250/2509/2540
f 2519/2513/2544 2514/2514/2545 2496/2515/2546
f 2496/2515/2546 2244/2516/2547 2519/2513/2544
f 2527/2517/2548 2522/2518/2549 2509/2519/2550
f 2509/2519/2550 2506/2520/2551 2527/2517/2548
f 2512/2521/2552 2253/2522/2553 2531/2523/2554
f 2531/2523/2554 2525/2524/2555 2512/2521/2552
f 2520/2525/2556 2257/2526/2557 2356/2527/2558
f 2356/2527/2558 2351/2528/2559 2520/2525/2556
f 2263/2529/2560 2539/2530/2561 2334/2531/2562
f 2334/2531/2562 2331/2532/2563 2263/2529/2560
f 2267/2533/2564 2549/2534/2565 2337/2535/2566
f 2337/2535/2566 2173/2536/2567 2267/2533/2564
f 2537/2537/2568 2534/2538/2569 2540/2539/2570
f 2540/2539/2570 2265/2540/2571 2537/2537/2568
f 2551/2541/2572 2545/2542/2573 2434/2543/2574
f 2434/2543/2574 2214/2544/2575 2551/2541/2572
f 2128/2484/2515 2130/2220/2251 2235/2219/2250
f 2235/2219/2250 2238/2481/2512 2128/2484/2515
f 2129/2345/2376 2128/2484/2515 2268/2483/2514
f 2268/2483/2514 2271/2346/2377 2129/2345/2376
f 2130/2220/2251 2129/2345/2376 2272/2348/2379
f 2272/2348/2379 2274/2221/2252 2130/2220/2251
f 2128/2484/2515 2129/2345/2376 2130/2220/2251
f 2131/2226/2257 2134/2136/2167 2193/2135/2166
f 2193/2135/2166 2195/2223/2254 2131/2226/2257
f 2132/2350/2381 2131/2226/2257 2217/2225/2256
f 2217/2225/2256 2221/2351/2382 2132/2350/2381
f 2133/2347/2378 2132/2350/2381 2273/2349/2380
f 2273/2349/2380 2272/2348/2379 2133/2347/2378
f 2134/2136/2167 2133/2347/2378 2271/2346/2377
f 2271/2346/2377 2270/2132/2163 2134/2136/2167
f 2133/2347/2378 2134/2136/2167 2131/2226/2257
f 2131/2226/2257 2132/2350/2381 2133/2347/2378
f 2135/2354/2385 2138/2211/2242 2222/2214/2245
f 2222/2214/2245 2225/2355/2386 2135/2354/2385
f 2136/2252/2283 2135/2354/2385 2275/2353/2384
f 2275/2353/2384 2278/2253/2284 2136/2252/2283
f 2137/2357/2388 2136/2252/2283 2279/2254/2285
f 2279/2254/2285 2283/2358/2389 2137/2357/2388
f 2138/2211/2242 2137/2357/2388 2284/2360/2391
f 2284/2360/2391 2286/2212/2243 2138/2211/2242
f 2136/2252/2283 2137/2357/2388 2138/2211/2242
f 2138/2211/2242 2135/2354/2385 2136/2252/2283
f 2139/2362/2393 2142/2216/2247 2226/2215/2246
f 2226/2215/2246 2230/2363/2394 2139/2362/2393
f 2140/2359/2390 2139/2362/2393 2285/2361/2392
f 2285/2361/2392 2284/2360/2391 2140/2359/2390
f 2141/2133/2164 2140/2359/2390 2283/2358/2389
f 2283/2358/2389 2282/2134/2165 2141/2133/2164
f 2142/2216/2247 2141/2133/2164 2270/2132/2163
f 2270/2132/2163 2269/2217/2248 2142/2216/2247
f 2140/2359/2390 2141/2133/2164 2142/2216/2247
f 2142/2216/2247 2139/2362/2393 2140/2359/2390
f 2143/2436/2467 2146/2187/2218 2200/2186/2217
f 2200/2186/2217 2204/2433/2464 2143/2436/2467
f 2144/2255/2286 2143/2436/2467 2287/2435/2466
f 2287/2435/2466 2290/2256/2287 2144/2255/2286
f 2145/2431/2462 2144/2255/2286 2291/2257/2288
f 2291/2257/2288 2294/2432/2463 2145/2431/2462
f 2146/2187/2218 2145/2431/2462 2402/2430/2461
f 2402/2430/2461 2405/2188/2219 2146/2187/2218
f 2144/2255/2286 2145/2431/2462 2146/2187/2218
f 2146/2187/2218 2143/2436/2467 2144/2255/2286
f 2147/2190/2221 2151/2165/2196 2152/2164/2195
f 2152/2164/2195 2155/2191/2222 2147/2190/2221
f 2148/2374/2405 2147/2190/2221 2406/2189/2220
f 2406/2189/2220 2409/2375/2406 2148/2374/2405
f 2149/2258/2289 2148/2374/2405 2295/2373/2404
f 2295/2373/2404 2299/2259/2290 2149/2258/2289
f 2150/2499/2530 2149/2258/2289 2300/2260/2291
f 2300/2260/2291 2303/2500/2531 2150/2499/2530
f 2151/2165/2196 2150/2499/2530 2500/2498/2529
f 2500/2498/2529 2503/2166/2197 2151/2165/2196
f 2151/2165/2196 2147/2190/2221 2148/2374/2405
f 2151/2165/2196 2148/2374/2405 2149/2258/2289
f 2151/2165/2196 2149/2258/2289 2150/2499/2530
f 2153/2169/2200 2152/2164/2195 2247/2163/2194
f 2247/2163/2194 2251/2170/2201 2153/2169/2200
f 2154/2138/2169 2153/2169/2200 2304/2168/2199
f 2304/2168/2199 2308/2139/2170 2154/2138/2169
f 2155/2191/2222 2154/2138/2169 2414/2137/2168
f 2414/2137/2168 2417/2192/2223 2155/2191/2222
f 2153/2169/2200 2154/2138/2169 2155/2191/2222
f 2155/2191/2222 2152/2164/2195 2153/2169/2200
f 2156/2123/2154 2160/2385/2416 2161/2388/2419
f 2161/2388/2419 2164/2121/2152 2156/2123/2154
f 2157/2144/2175 2156/2123/2154 2297/2122/2153
f 2297/2122/2153 2296/2145/2176 2157/2144/2175
f 2158/2370/2401 2157/2144/2175 2404/2143/2174
f 2404/2143/2174 2403/2371/2402 2158/2370/2401
f 2159/2261/2292 2158/2370/2401 2307/2369/2400
f 2307/2369/2400 2306/2262/2293 2159/2261/2292
f 2160/2385/2416 2159/2261/2292 2309/2263/2294
f 2309/2263/2294 2312/2386/2417 2160/2385/2416
f 2157/2144/2175 2158/2370/2401 2159/2261/2292
f 2157/2144/2175 2159/2261/2292 2160/2385/2416
f 2157/2144/2175 2160/2385/2416 2156/2123/2154
f 2162/2264/2295 2161/2388/2419 2313/2387/2418
f 2313/2387/2418 2316/2265/2296 2162/2264/2295
f 2163/2381/2412 2162/2264/2295 2317/2266/2297
f 2317/2266/2297 2320/2382/2413 2163/2381/2412
f 2164/2121/2152 2163/2381/2412 2298/2384/2415
f 2298/2384/2415 2297/2122/2153 2164/2121/2152
f 2162/2264/2295 2163/2381/2412 2164/2121/2152
f 2164/2121/2152 2161/2388/2419 2162/2264/2295
f 2165/2150/2181 2168/2389/2420 2315/2392/2423
f 2315/2392/2423 2314/2151/2182 2165/2150/2181
f 2166/2412/2443 2165/2150/2181 2365/2149/2180
f 2365/2149/2180 2368/2409/2440 2166/2412/2443
f 2167/2267/2298 2166/2412/2443 2321/2411/2442
f 2321/2411/2442 2324/2268/2299 2167/2267/2298
f 2168/2389/2420 2167/2267/2298 2325/2269/2300
f 2325/2269/2300 2328/2390/2421 2168/2389/2420
f 2167/2267/2298 2168/2389/2420 2165/2150/2181
f 2165/2150/2181 2166/2412/2443 2167/2267/2298
f 2169/2394/2425 2172/2239/2270 2252/2238/2269
f 2252/2238/2269 2255/2395/2426 2169/2394/2425
f 2170/2270/2301 2169/2394/2425 2329/2393/2424
f 2329/2393/2424 2332/2271/2302 2170/2270/2301
f 2171/2407/2438 2170/2270/2301 2333/2272/2303
f 2333/2272/2303 2336/2408/2439 2171/2407/2438
f 2172/2239/2270 2171/2407/2438 2345/2406/2437
f 2345/2406/2437 2348/2240/2271 2172/2239/2270
f 2170/2270/2301 2171/2407/2438 2172/2239/2270
f 2172/2239/2270 2169/2394/2425 2170/2270/2301
f 2173/2536/2567 2176/2124/2155 2264/2127/2158
f 2264/2127/2158 2267/2533/2564 2173/2536/2567
f 2174/2273/2304 2173/2536/2567 2337/2535/2566
f 2337/2535/2566 2340/2274/2305 2174/2273/2304
f 2175/2405/2436 2174/2273/2304 2346/2276/2307
f 2346/2276/2307 2345/2406/2437 2175/2405/2436
f 2176/2124/2155 2175/2405/2436 2336/2408/2439
f 2336/2408/2439 2335/2125/2156 2176/2124/2155
f 2174/2273/2304 2175/2405/2436 2176/2124/2155
f 2176/2124/2155 2173/2536/2567 2174/2273/2304
f 2177/2512/2543 2180/2167/2198 2251/2170/2201
f 2251/2170/2201 2250/2509/2540 2177/2512/2543
f 2178/2277/2308 2177/2512/2543 2349/2511/2542
f 2349/2511/2542 2352/2278/2309 2178/2277/2308
f 2179/2367/2398 2178/2277/2308 2367/2282/2313
f 2367/2282/2313 2366/2368/2399 2179/2367/2398
f 2180/2167/2198 2179/2367/2398 2305/2366/2397
f 2305/2366/2397 2304/2168/2199 2180/2167/2198
f 2178/2277/2308 2179/2367/2398 2180/2167/2198
f 2180/2167/2198 2177/2512/2543 2178/2277/2308
f 2181/2172/2203 2184/2457/2488 2323/2460/2491
f 2323/2460/2491 2322/2173/2204 2181/2172/2203
f 2182/2464/2495 2181/2172/2203 2446/2171/2202
f 2446/2171/2202 2449/2461/2492 2182/2464/2495
f 2183/2283/2314 2182/2464/2495 2369/2463/2494
f 2369/2463/2494 2372/2284/2315 2183/2283/2314
f 2184/2457/2488 2183/2283/2314 2378/2286/2317
f 2378/2286/2317 2381/2458/2489 2184/2457/2488
f 2183/2283/2314 2184/2457/2488 2181/2172/2203
f 2181/2172/2203 2182/2464/2495 2183/2283/2314
f 2185/2179/2210 2188/2415/2446 2373/2414/2445
f 2373/2414/2445 2377/2180/2211 2185/2179/2210
f 2186/2426/2457 2185/2179/2210 2482/2182/2213
f 2482/2182/2213 2486/2427/2458 2186/2426/2457
f 2187/2287/2318 2186/2426/2457 2382/2425/2456
f 2382/2425/2456 2385/2288/2319 2187/2287/2318
f 2188/2415/2446 2187/2287/2318 2386/2289/2320
f 2386/2289/2320 2389/2416/2447 2188/2415/2446
f 2187/2287/2318 2188/2415/2446 2185/2179/2210
f 2185/2179/2210 2186/2426/2457 2187/2287/2318
f 2189/2178/2209 2192/2423/2454 2384/2422/2453
f 2384/2422/2453 2383/2175/2206 2189/2178/2209
f 2190/2472/2503 2189/2178/2209 2462/2177/2208
f 2462/2177/2208 2465/2469/2500 2190/2472/2503
f 2191/2290/2321 2190/2472/2503 2390/2471/2502
f 2390/2471/2502 2393/2291/2322 2191/2290/2321
f 2192/2423/2454 2191/2290/2321 2398/2293/2324
f 2398/2293/2324 2401/2424/2455 2192/2423/2454
f 2191/2290/2321 2192/2423/2454 2189/2178/2209
f 2189/2178/2209 2190/2472/2503 2191/2290/2321
f 2194/2227/2258 2193/2135/2166 2282/2134/2165
f 2282/2134/2165 2281/2228/2259 2194/2227/2258
f 2195/2223/2254 2194/2227/2258 2239/2230/2261
f 2239/2230/2261 2242/2224/2255 2195/2223/2254
f 2193/2135/2166 2194/2227/2258 2195/2223/2254
f 2196/2183/2214 2199/2429/2460 2294/2432/2463
f 2294/2432/2463 2293/2184/2215 2196/2183/2214
f 2197/2140/2171 2196/2183/2214 2418/2185/2216
f 2418/2185/2216 2421/2141/2172 2197/2140/2171
f 2198/2372/2403 2197/2140/2171 2308/2139/2170
f 2308/2139/2170 2307/2369/2400 2198/2372/2403
f 2199/2429/2460 2198/2372/2403 2403/2371/2402
f 2403/2371/2402 2402/2430/2461 2199/2429/2460
f 2198/2372/2403 2199/2429/2460 2196/2183/2214
f 2196/2183/2214 2197/2140/2171 2198/2372/2403
f 2201/2142/2173 2200/2186/2217 2405/2188/2219
f 2405/2188/2219 2404/2143/2174 2201/2142/2173
f 2202/2376/2407 2201/2142/2173 2296/2145/2176
f 2296/2145/2176 2295/2373/2404 2202/2376/2407
f 2203/2294/2325 2202/2376/2407 2409/2375/2406
f 2409/2375/2406 2408/2295/2326 2203/2294/2325
f 2204/2433/2464 2203/2294/2325 2410/2296/2327
f 2410/2296/2327 2413/2434/2465 2204/2433/2464
f 2201/2142/2173 2202/2376/2407 2203/2294/2325
f 2201/2142/2173 2203/2294/2325 2204/2433/2464
f 2201/2142/2173 2204/2433/2464 2200/2186/2217
f 2205/2148/2179 2208/2379/2410 2289/2378/2409
f 2289/2378/2409 2288/2146/2177 2205/2148/2179
f 2206/2440/2471 2205/2148/2179 2412/2147/2178
f 2412/2147/2178 2411/2437/2468 2206/2440/2471
f 2207/2297/2328 2206/2440/2471 2416/2439/2470
f 2416/2439/2470 2415/2298/2329 2207/2297/2328
f 2208/2379/2410 2207/2297/2328 2420/2299/2330
f 2420/2299/2330 2419/2380/2411 2208/2379/2410
f 2207/2297/2328 2208/2379/2410 2205/2148/2179
f 2205/2148/2179 2206/2440/2471 2207/2297/2328
f 2209/2195/2226 2212/2447/2478 2392/2446/2477
f 2392/2446/2477 2391/2196/2227 2209/2195/2226
f 2210/2476/2507 2209/2195/2226 2470/2194/2225
f 2470/2194/2225 2473/2473/2504 2210/2476/2507
f 2211/2300/2331 2210/2476/2507 2422/2475/2506
f 2422/2475/2506 2425/2301/2332 2211/2300/2331
f 2212/2447/2478 2211/2300/2331 2430/2303/2334
f 2430/2303/2334 2433/2448/2479 2212/2447/2478
f 2211/2300/2331 2212/2447/2478 2209/2195/2226
f 2209/2195/2226 2210/2476/2507 2211/2300/2331
f 2213/2128/2159 2216/2403/2434 2357/2402/2433
f 2357/2402/2433 2360/2129/2160 2213/2128/2159
f 2214/2544/2575 2213/2128/2159 2548/2131/2162
f 2548/2131/2162 2551/2541/2572 2214/2544/2575
f 2215/2304/2335 2214/2544/2575 2434/2543/2574
f 2434/2543/2574 2437/2305/2336 2215/2304/2335
f 2216/2403/2434 2215/2304/2335 2448/2308/2339
f 2448/2308/2339 2447/2404/2435 2216/2403/2434
f 2215/2304/2335 2216/2403/2434 2213/2128/2159
f 2213/2128/2159 2214/2544/2575 2215/2304/2335
f 2218/2206/2237 2217/2225/2256 2242/2224/2255
f 2242/2224/2255 2241/2207/2238 2218/2206/2237
f 2219/2466/2497 2218/2206/2237 2376/2205/2236
f 2376/2205/2236 2375/2467/2498 2219/2466/2497
f 2220/2309/2340 2219/2466/2497 2450/2465/2496
f 2450/2465/2496 2453/2310/2341 2220/2309/2340
f 2221/2351/2382 2220/2309/2340 2454/2311/2342
f 2454/2311/2342 2457/2352/2383 2221/2351/2382
f 2220/2309/2340 2221/2351/2382 2217/2225/2256
f 2220/2309/2340 2217/2225/2256 2218/2206/2237
f 2220/2309/2340 2218/2206/2237 2219/2466/2497
f 2223/2490/2521 2222/2214/2245 2474/2213/2244
f 2474/2213/2244 2477/2491/2522 2223/2490/2521
f 2224/2312/2343 2223/2490/2521 2458/2489/2520
f 2458/2489/2520 2461/2313/2344 2224/2312/2343
f 2225/2355/2386 2224/2312/2343 2466/2315/2346
f 2466/2315/2346 2469/2356/2387 2225/2355/2386
f 2224/2312/2343 2225/2355/2386 2222/2214/2245
f 2222/2214/2245 2223/2490/2521 2224/2312/2343
f 2227/2198/2229 2226/2215/2246 2491/2218/2249
f 2491/2218/2249 2495/2199/2230 2227/2198/2229
f 2228/2474/2505 2227/2198/2229 2423/2197/2228
f 2423/2197/2228 2422/2475/2506 2228/2474/2505
f 2229/2316/2347 2228/2474/2505 2473/2473/2504
f 2473/2473/2504 2472/2317/2348 2229/2316/2347
f 2230/2363/2394 2229/2316/2347 2476/2318/2349
f 2476/2318/2349 2475/2364/2395 2230/2363/2394
f 2227/2198/2229 2228/2474/2505 2229/2316/2347
f 2227/2198/2229 2229/2316/2347 2230/2363/2394
f 2227/2198/2229 2230/2363/2394 2226/2215/2246
f 2231/2208/2239 2234/2477/2508 2277/2480/2511
f 2277/2480/2511 2276/2209/2240 2231/2208/2239
f 2232/2486/2517 2231/2208/2239 2468/2210/2241
f 2468/2210/2241 2467/2487/2518 2232/2486/2517
f 2233/2319/2350 2232/2486/2517 2478/2485/2516
f 2478/2485/2516 2481/2320/2351 2233/2319/2350
f 2234/2477/2508 2233/2319/2350 2485/2321/2352
f 2485/2321/2352 2484/2478/2509 2234/2477/2508
f 2233/2319/2350 2234/2477/2508 2231/2208/2239
f 2231/2208/2239 2232/2486/2517 2233/2319/2350
f 2236/2494/2525 2235/2219/2250 2456/2222/2253
f 2456/2222/2253 2455/2495/2526 2236/2494/2525
f 2237/2322/2353 2236/2494/2525 2487/2493/2524
f 2487/2493/2524 2490/2323/2354 2237/2322/2353
f 2238/2481/2512 2237/2322/2353 2493/2324/2355
f 2493/2324/2355 2492/2482/2513 2238/2481/2512
f 2237/2322/2353 2238/2481/2512 2235/2219/2250
f 2235/2219/2250 2236/2494/2525 2237/2322/2353
f 2240/2181/2212 2239/2230/2261 2483/2229/2260
f 2483/2229/2260 2482/2182/2213 2240/2181/2212
f 2241/2207/2238 2240/2181/2212 2377/2180/2211
f 2377/2180/2211 2376/2205/2236 2241/2207/2238
f 2241/2207/2238 2242/2224/2255 2239/2230/2261
f 2239/2230/2261 2240/2181/2212 2241/2207/2238
f 2243/2159/2190 2246/2497/2528 2303/2500/2531
f 2303/2500/2531 2302/2160/2191 2243/2159/2190
f 2244/2516/2547 2243/2159/2190 2516/2158/2189
f 2516/2158/2189 2519/2513/2544 2244/2516/2547
f 2245/2325/2356 2244/2516/2547 2496/2515/2546
f 2496/2515/2546 2499/2326/2357 2245/2325/2356
f 2246/2497/2528 2245/2325/2356 2501/2327/2358
f 2501/2327/2358 2500/2498/2529 2246/2497/2528
f 2245/2325/2356 2246/2497/2528 2243/2159/2190
f 2243/2159/2190 2244/2516/2547 2245/2325/2356
f 2248/2504/2535 2247/2163/2194 2503/2166/2197
f 2503/2166/2197 2502/2501/2532 2248/2504/2535
f 2249/2328/2359 2248/2504/2535 2504/2503/2534
f 2504/2503/2534 2507/2329/2360 2249/2328/2359
f 2250/2509/2540 2249/2328/2359 2508/2330/2361
f 2508/2330/2361 2511/2510/2541 2250/2509/2540
f 2247/2163/2194 2248/2504/2535 2249/2328/2359
f 2247/2163/2194 2249/2328/2359 2250/2509/2540
f 2247/2163/2194 2250/2509/2540 2251/2170/2201
f 2253/2522/2553 2252/2238/2269 2528/2241/2272
f 2528/2241/2272 2531/2523/2554 2253/2522/2553
f 2254/2331/2362 2253/2522/2553 2512/2521/2552
f 2512/2521/2552 2515/2332/2363 2254/2331/2362
f 2255/2395/2426 2254/2331/2362 2518/2333/2364
f 2518/2333/2364 2517/2396/2427 2255/2395/2426
f 2254/2331/2362 2255/2395/2426 2252/2238/2269
f 2252/2238/2269 2253/2522/2553 2254/2331/2362
f 2256/2242/2273 2259/2399/2430 2341/2398/2429
f 2341/2398/2429 2344/2243/2274 2256/2242/2273
f 2257/2526/2557 2256/2242/2273 2353/2244/2275
f 2353/2244/2275 2356/2527/2558 2257/2526/2557
f 2258/2334/2365 2257/2526/2557 2520/2525/2556
f 2520/2525/2556 2523/2335/2366 2258/2334/2365
f 2259/2399/2430 2258/2334/2365 2530/2337/2368
f 2530/2337/2368 2529/2400/2431 2259/2399/2430
f 2258/2334/2365 2259/2399/2430 2256/2242/2273
f 2256/2242/2273 2257/2526/2557 2258/2334/2365
f 2260/2156/2187 2263/2529/2560 2331/2532/2563
f 2331/2532/2563 2330/2157/2188 2260/2156/2187
f 2261/2420/2451 2260/2156/2187 2400/2155/2186
f 2400/2155/2186 2399/2417/2448 2261/2420/2451
f 2262/2338/2369 2261/2420/2451 2532/2419/2450
f 2532/2419/2450 2535/2339/2370 2262/2338/2369
f 2263/2529/2560 2262/2338/2369 2536/2340/2371
f 2536/2340/2371 2539/2530/2561 2263/2529/2560
f 2262/2338/2369 2263/2529/2560 2260/2156/2187
f 2260/2156/2187 2261/2420/2451 2262/2338/2369
f 2265/2540/2571 2264/2127/2158 2538/2126/2157
f 2538/2126/2157 2537/2537/2568 2265/2540/2571
f 2266/2341/2372 2265/2540/2571 2540/2539/2570
f 2540/2539/2570 2543/2342/2373 2266/2341/2372
f 2267/2533/2564 2266/2341/2372 2550/2344/2375
f 2550/2344/2375 2549/2534/2565 2267/2533/2564
f 2266/2341/2372 2267/2533/2564 2264/2127/2158
f 2264/2127/2158 2265/2540/2571 2266/2341/2372
f 2269/2217/2248 2268/2483/2514 2492/2482/2513
f 2492/2482/2513 2491/2218/2249 2269/2217/2248
f 2271/2346/2377 2268/2483/2514 2269/2217/2248
f 2269/2217/2248 2270/2132/2163 2271/2346/2377
f 2274/2221/2252 2273/2349/2380 2457/2352/2383
f 2457/2352/2383 2456/2222/2253 2274/2221/2252
f 2272/2348/2379 2273/2349/2380 2274/2221/2252
f 2276/2209/2240 2275/2353/2384 2469/2356/2387
f 2469/2356/2387 2468/2210/2241 2276/2209/2240
f 2278/2253/2284 2277/2480/2511 2280/2479/2510
f 2280/2479/2510 2279/2254/2285 2278/2253/2284
f 2278/2253/2284 2275/2353/2384 2276/2209/2240
f 2276/2209/2240 2277/2480/2511 2278/2253/2284
f 2281/2228/2259 2280/2479/2510 2484/2478/2509
f 2484/2478/2509 2483/2229/2260 2281/2228/2259
f 2281/2228/2259 2282/2134/2165 2283/2358/2389
f 2281/2228/2259 2283/2358/2389 2279/2254/2285
f 2281/2228/2259 2279/2254/2285 2280/2479/2510
f 2286/2212/2243 2285/2361/2392 2475/2364/2395
f 2475/2364/2395 2474/2213/2244 2286/2212/2243
f 2284/2360/2391 2285/2361/2392 2286/2212/2243
f 2288/2146/2177 2287/2435/2466 2413/2434/2465
f 2413/2434/2465 2412/2147/2178 2288/2146/2177
f 2290/2256/2287 2289/2378/2409 2292/2377/2408
f 2292/2377/2408 2291/2257/2288 2290/2256/2287
f 2290/2256/2287 2287/2435/2466 2288/2146/2177
f 2288/2146/2177 2289/2378/2409 2290/2256/2287
f 2293/2184/2215 2292/2377/2408 2419/2380/2411
f 2419/2380/2411 2418/2185/2216 2293/2184/2215
f 2291/2257/2288 2292/2377/2408 2293/2184/2215
f 2293/2184/2215 2294/2432/2463 2291/2257/2288
f 2299/2259/2290 2298/2384/2415 2301/2383/2414
f 2301/2383/2414 2300/2260/2291 2299/2259/2290
f 2297/2122/2153 2298/2384/2415 2299/2259/2290
f 2297/2122/2153 2299/2259/2290 2295/2373/2404
f 2297/2122/2153 2295/2373/2404 2296/2145/2176
f 2302/2160/2191 2301/2383/2414 2320/2382/2413
f 2320/2382/2413 2319/2161/2192 2302/2160/2191
f 2300/2260/2291 2301/2383/2414 2302/2160/2191
f 2302/2160/2191 2303/2500/2531 2300/2260/2291
f 2306/2262/2293 2305/2366/2397 2310/2365/2396
f 2310/2365/2396 2309/2263/2294 2306/2262/2293
f 2308/2139/2170 2304/2168/2199 2305/2366/2397
f 2308/2139/2170 2305/2366/2397 2306/2262/2293
f 2308/2139/2170 2306/2262/2293 2307/2369/2400
f 2311/2152/2183 2310/2365/2396 2366/2368/2399
f 2366/2368/2399 2365/2149/2180 2311/2152/2183
f 2312/2386/2417 2311/2152/2183 2314/2151/2182
f 2314/2151/2182 2313/2387/2418 2312/2386/2417
f 2309/2263/2294 2310/2365/2396 2311/2152/2183
f 2311/2152/2183 2312/2386/2417 2309/2263/2294
f 2316/2265/2296 2315/2392/2423 2318/2391/2422
f 2318/2391/2422 2317/2266/2297 2316/2265/2296
f 2316/2265/2296 2313/2387/2418 2314/2151/2182
f 2314/2151/2182 2315/2392/2423 2316/2265/2296
f 2319/2161/2192 2318/2391/2422 2328/2390/2421
f 2328/2390/2421 2327/2162/2193 2319/2161/2192
f 2317/2266/2297 2318/2391/2422 2319/2161/2192
f 2319/2161/2192 2320/2382/2413 2317/2266/2297
f 2322/2173/2204 2321/2411/2442 2361/2410/2441
f 2361/2410/2441 2364/2174/2205 2322/2173/2204
f 2324/2268/2299 2323/2460/2491 2326/2459/2490
f 2326/2459/2490 2325/2269/2300 2324/2268/2299
f 2324/2268/2299 2321/2411/2442 2322/2173/2204
f 2322/2173/2204 2323/2460/2491 2324/2268/2299
f 2327/2162/2193 2326/2459/2490 2381/2458/2489
f 2381/2458/2489 2380/2153/2184 2327/2162/2193
f 2325/2269/2300 2326/2459/2490 2327/2162/2193
f 2327/2162/2193 2328/2390/2421 2325/2269/2300
f 2330/2157/2188 2329/2393/2424 2517/2396/2427
f 2517/2396/2427 2516/2158/2189 2330/2157/2188
f 2332/2271/2302 2331/2532/2563 2334/2531/2562
f 2334/2531/2562 2333/2272/2303 2332/2271/2302
f 2332/2271/2302 2329/2393/2424 2330/2157/2188
f 2330/2157/2188 2331/2532/2563 2332/2271/2302
f 2335/2125/2156 2334/2531/2562 2539/2530/2561
f 2539/2530/2561 2538/2126/2157 2335/2125/2156
f 2333/2272/2303 2334/2531/2562 2335/2125/2156
f 2335/2125/2156 2336/2408/2439 2333/2272/2303
f 2338/2130/2161 2337/2535/2566 2549/2534/2565
f 2549/2534/2565 2548/2131/2162 2338/2130/2161
f 2339/2508/2539 2338/2130/2161 2360/2129/2160
f 2360/2129/2160 2359/2505/2536 2339/2508/2539
f 2340/2274/2305 2339/2508/2539 2343/2507/2538
f 2343/2507/2538 2342/2275/2306 2340/2274/2305
f 2340/2274/2305 2337/2535/2566 2338/2130/2161
f 2338/2130/2161 2339/2508/2539 2340/2274/2305
f 2342/2275/2306 2341/2398/2429 2347/2397/2428
f 2347/2397/2428 2346/2276/2307 2342/2275/2306
f 2344/2243/2274 2343/2507/2538 2354/2506/2537
f 2354/2506/2537 2353/2244/2275 2344/2243/2274
f 2342/2275/2306 2343/2507/2538 2344/2243/2274
f 2344/2243/2274 2341/2398/2429 2342/2275/2306
f 2348/2240/2271 2347/2397/2428 2529/2400/2431
f 2529/2400/2431 2528/2241/2272 2348/2240/2271
f 2346/2276/2307 2347/2397/2428 2348/2240/2271
f 2348/2240/2271 2345/2406/2437 2346/2276/2307
f 2350/2237/2268 2349/2511/2542 2511/2510/2541
f 2511/2510/2541 2510/2235/2266 2350/2237/2268
f 2351/2528/2559 2350/2237/2268 2521/2236/2267
f 2521/2236/2267 2520/2525/2556 2351/2528/2559
f 2352/2278/2309 2351/2528/2559 2356/2527/2558
f 2356/2527/2558 2355/2279/2310 2352/2278/2309
f 2352/2278/2309 2349/2511/2542 2350/2237/2268
f 2350/2237/2268 2351/2528/2559 2352/2278/2309
f 2355/2279/2310 2354/2506/2537 2359/2505/2536
f 2359/2505/2536 2358/2280/2311 2355/2279/2310
f 2355/2279/2310 2356/2527/2558 2353/2244/2275
f 2353/2244/2275 2354/2506/2537 2355/2279/2310
f 2358/2280/2311 2357/2402/2433 2363/2401/2432
f 2363/2401/2432 2362/2281/2312 2358/2280/2311
f 2358/2280/2311 2359/2505/2536 2360/2129/2160
f 2360/2129/2160 2357/2402/2433 2358/2280/2311
f 2362/2281/2312 2361/2410/2441 2368/2409/2440
f 2368/2409/2440 2367/2282/2313 2362/2281/2312
f 2364/2174/2205 2363/2401/2432 2447/2404/2435
f 2447/2404/2435 2446/2171/2202 2364/2174/2205
f 2362/2281/2312 2363/2401/2432 2364/2174/2205
f 2364/2174/2205 2361/2410/2441 2362/2281/2312
f 2367/2282/2313 2368/2409/2440 2365/2149/2180
f 2365/2149/2180 2366/2368/2399 2367/2282/2313
f 2370/2204/2235 2369/2463/2494 2442/2462/2493
f 2442/2462/2493 2445/2201/2232 2370/2204/2235
f 2371/2468/2499 2370/2204/2235 2451/2203/2234
f 2451/2203/2234 2450/2465/2496 2371/2468/2499
f 2372/2284/2315 2371/2468/2499 2375/2467/2498
f 2375/2467/2498 2374/2285/2316 2372/2284/2315
f 2372/2284/2315 2369/2463/2494 2370/2204/2235
f 2370/2204/2235 2371/2468/2499 2372/2284/2315
f 2374/2285/2316 2373/2414/2445 2379/2413/2444
f 2379/2413/2444 2378/2286/2317 2374/2285/2316
f 2376/2205/2236 2377/2180/2211 2373/2414/2445
f 2376/2205/2236 2373/2414/2445 2374/2285/2316
f 2376/2205/2236 2374/2285/2316 2375/2467/2498
f 2380/2153/2184 2379/2413/2444 2389/2416/2447
f 2389/2416/2447 2388/2154/2185 2380/2153/2184
f 2378/2286/2317 2379/2413/2444 2380/2153/2184
f 2380/2153/2184 2381/2458/2489 2378/2286/2317
f 2383/2175/2206 2382/2425/2456 2480/2428/2459
f 2480/2428/2459 2479/2176/2207 2383/2175/2206
f 2385/2288/2319 2384/2422/2453 2387/2421/2452
f 2387/2421/2452 2386/2289/2320 2385/2288/2319
f 2385/2288/2319 2382/2425/2456 2383/2175/2206
f 2383/2175/2206 2384/2422/2453 2385/2288/2319
f 2388/2154/2185 2387/2421/2452 2401/2424/2455
f 2401/2424/2455 2400/2155/2186 2388/2154/2185
f 2386/2289/2320 2387/2421/2452 2388/2154/2185
f 2388/2154/2185 2389/2416/2447 2386/2289/2320
f 2391/2196/2227 2390/2471/2502 2460/2470/2501
f 2460/2470/2501 2459/2193/2224 2391/2196/2227
f 2393/2291/2322 2392/2446/2477 2394/2445/2476
f 2394/2445/2476 2397/2292/2323 2393/2291/2322
f 2393/2291/2322 2390/2471/2502 2391/2196/2227
f 2391/2196/2227 2392/2446/2477 2393/2291/2322
f 2395/2245/2276 2394/2445/2476 2433/2448/2479
f 2433/2448/2479 2432/2246/2277 2395/2245/2276
f 2396/2418/2449 2395/2245/2276 2533/2248/2279
f 2533/2248/2279 2532/2419/2450 2396/2418/2449
f 2397/2292/2323 2396/2418/2449 2399/2417/2448
f 2399/2417/2448 2398/2293/2324 2397/2292/2323
f 2397/2292/2323 2394/2445/2476 2395/2245/2276
f 2395/2245/2276 2396/2418/2449 2397/2292/2323
f 2398/2293/2324 2399/2417/2448 2400/2155/2186
f 2400/2155/2186 2401/2424/2455 2398/2293/2324
f 2403/2371/2402 2404/2143/2174 2405/2188/2219
f 2405/2188/2219 2402/2430/2461 2403/2371/2402
f 2407/2438/2469 2406/2189/2220 2417/2192/2223
f 2417/2192/2223 2416/2439/2470 2407/2438/2469
f 2408/2295/2326 2407/2438/2469 2411/2437/2468
f 2411/2437/2468 2410/2296/2327 2408/2295/2326
f 2408/2295/2326 2409/2375/2406 2406/2189/2220
f 2406/2189/2220 2407/2438/2469 2408/2295/2326
f 2410/2296/2327 2411/2437/2468 2412/2147/2178
f 2412/2147/2178 2413/2434/2465 2410/2296/2327
f 2415/2298/2329 2414/2137/2168 2421/2141/2172
f 2421/2141/2172 2420/2299/2330 2415/2298/2329
f 2415/2298/2329 2416/2439/2470 2417/2192/2223
f 2417/2192/2223 2414/2137/2168 2415/2298/2329
f 2420/2299/2330 2421/2141/2172 2418/2185/2216
f 2418/2185/2216 2419/2380/2411 2420/2299/2330
f 2424/2454/2485 2423/2197/2228 2438/2200/2231
f 2438/2200/2231 2441/2455/2486 2424/2454/2485
f 2425/2301/2332 2424/2454/2485 2426/2453/2484
f 2426/2453/2484 2429/2302/2333 2425/2301/2332
f 2425/2301/2332 2422/2475/2506 2423/2197/2228
f 2423/2197/2228 2424/2454/2485 2425/2301/2332
f 2427/2250/2281 2426/2453/2484 2436/2456/2487
f 2436/2456/2487 2435/2251/2282 2427/2250/2281
f 2428/2442/2473 2427/2250/2281 2544/2249/2280
f 2544/2249/2280 2547/2443/2474 2428/2442/2473
f 2429/2302/2333 2428/2442/2473 2431/2441/2472
f 2431/2441/2472 2430/2303/2334 2429/2302/2333
f 2429/2302/2333 2426/2453/2484 2427/2250/2281
f 2427/2250/2281 2428/2442/2473 2429/2302/2333
f 2432/2246/2277 2431/2441/2472 2542/2444/2475
f 2542/2444/2475 2541/2247/2278 2432/2246/2277
f 2430/2303/2334 2431/2441/2472 2432/2246/2277
f 2432/2246/2277 2433/2448/2479 2430/2303/2334
f 2435/2251/2282 2434/2543/2574 2545/2542/2573
f 2545/2542/2573 2544/2249/2280 2435/2251/2282
f 2437/2305/2336 2436/2456/2487 2441/2455/2486
f 2441/2455/2486 2440/2306/2337 2437/2305/2336
f 2437/2305/2336 2434/2543/2574 2435/2251/2282
f 2435/2251/2282 2436/2456/2487 2437/2305/2336
f 2439/2450/2481 2438/2200/2231 2495/2199/2230
f 2495/2199/2230 2494/2451/2482 2439/2450/2481
f 2440/2306/2337 2439/2450/2481 2444/2449/2480
f 2444/2449/2480 2443/2307/2338 2440/2306/2337
f 2440/2306/2337 2441/2455/2486 2438/2200/2231
f 2438/2200/2231 2439/2450/2481 2440/2306/2337
f 2443/2307/2338 2442/2462/2493 2449/2461/2492
f 2449/2461/2492 2448/2308/2339 2443/2307/2338
f 2445/2201/2232 2444/2449/2480 2489/2452/2483
f 2489/2452/2483 2488/2202/2233 2445/2201/2232
f 2443/2307/2338 2444/2449/2480 2445/2201/2232
f 2445/2201/2232 2442/2462/2493 2443/2307/2338
f 2448/2308/2339 2449/2461/2492 2446/2171/2202
f 2446/2171/2202 2447/2404/2435 2448/2308/2339
f 2452/2496/2527 2451/2203/2234 2488/2202/2233
f 2488/2202/2233 2487/2493/2524 2452/2496/2527
f 2453/2310/2341 2452/2496/2527 2455/2495/2526
f 2455/2495/2526 2454/2311/2342 2453/2310/2341
f 2453/2310/2341 2450/2465/2496 2451/2203/2234
f 2451/2203/2234 2452/2496/2527 2453/2310/2341
f 2454/2311/2342 2455/2495/2526 2456/2222/2253
f 2456/2222/2253 2457/2352/2383 2454/2311/2342
f 2459/2193/2224 2458/2489/2520 2471/2492/2523
f 2471/2492/2523 2470/2194/2225 2459/2193/2224
f 2461/2313/2344 2460/2470/2501 2465/2469/2500
f 2465/2469/2500 2464/2314/2345 2461/2313/2344
f 2461/2313/2344 2458/2489/2520 2459/2193/2224
f 2459/2193/2224 2460/2470/2501 2461/2313/2344
f 2463/2488/2519 2462/2177/2208 2479/2176/2207
f 2479/2176/2207 2478/2485/2516 2463/2488/2519
f 2464/2314/2345 2463/2488/2519 2467/2487/2518
f 2467/2487/2518 2466/2315/2346 2464/2314/2345
f 2464/2314/2345 2465/2469/2500 2462/2177/2208
f 2462/2177/2208 2463/2488/2519 2464/2314/2345
f 2466/2315/2346 2467/2487/2518 2468/2210/2241
f 2468/2210/2241 2469/2356/2387 2466/2315/2346
f 2472/2317/2348 2471/2492/2523 2477/2491/2522
f 2477/2491/2522 2476/2318/2349 2472/2317/2348
f 2472/2317/2348 2473/2473/2504 2470/2194/2225
f 2470/2194/2225 2471/2492/2523 2472/2317/2348
f 2476/2318/2349 2477/2491/2522 2474/2213/2244
f 2474/2213/2244 2475/2364/2395 2476/2318/2349
f 2481/2320/2351 2480/2428/2459 2486/2427/2458
f 2486/2427/2458 2485/2321/2352 2481/2320/2351
f 2481/2320/2351 2478/2485/2516 2479/2176/2207
f 2479/2176/2207 2480/2428/2459 2481/2320/2351
f 2482/2182/2213 2483/2229/2260 2484/2478/2509
f 2482/2182/2213 2484/2478/2509 2485/2321/2352
f 2482/2182/2213 2485/2321/2352 2486/2427/2458
f 2490/2323/2354 2489/2452/2483 2494/2451/2482
f 2494/2451/2482 2493/2324/2355 2490/2323/2354
f 2490/2323/2354 2487/2493/2524 2488/2202/2233
f 2488/2202/2233 2489/2452/2483 2490/2323/2354
f 2495/2199/2230 2491/2218/2249 2492/2482/2513
f 2495/2199/2230 2492/2482/2513 2493/2324/2355
f 2495/2199/2230 2493/2324/2355 2494/2451/2482
f 2497/2231/2262 2496/2515/2546 2514/2514/2545
f 2514/2514/2545 2513/2232/2263 2497/2231/2262
f 2498/2502/2533 2497/2231/2262 2505/2234/2265
f 2505/2234/2265 2504/2503/2534 2498/2502/2533
f 2499/2326/2357 2498/2502/2533 2502/2501/2532
f 2502/2501/2532 2501/2327/2358 2499/2326/2357
f 2499/2326/2357 2496/2515/2546 2497/2231/2262
f 2497/2231/2262 2498/2502/2533 2499/2326/2357
f 2501/2327/2358 2502/2501/2532 2503/2166/2197
f 2503/2166/2197 2500/2498/2529 2501/2327/2358
f 2506/2520/2551 2505/2234/2265 2524/2233/2264
f 2524/2233/2264 2527/2517/2548 2506/2520/2551
f 2507/2329/2360 2506/2520/2551 2509/2519/2550
f 2509/2519/2550 2508/2330/2361 2507/2329/2360
f 2507/2329/2360 2504/2503/2534 2505/2234/2265
f 2505/2234/2265 2506/2520/2551 2507/2329/2360
f 2510/2235/2266 2509/2519/2550 2522/2518/2549
f 2522/2518/2549 2521/2236/2267 2510/2235/2266
f 2508/2330/2361 2509/2519/2550 2510/2235/2266
f 2510/2235/2266 2511/2510/2541 2508/2330/2361
f 2513/2232/2263 2512/2521/2552 2525/2524/2555
f 2525/2524/2555 2524/2233/2264 2513/2232/2263
f 2515/2332/2363 2514/2514/2545 2519/2513/2544
f 2519/2513/2544 2518/2333/2364 2515/2332/2363
f 2515/2332/2363 2512/2521/2552 2513/2232/2263
f 2513/2232/2263 2514/2514/2545 2515/2332/2363
f 2518/2333/2364 2519/2513/2544 2516/2158/2189
f 2516/2158/2189 2517/2396/2427 2518/2333/2364
f 2523/2335/2366 2522/2518/2549 2527/2517/2548
f 2527/2517/2548 2526/2336/2367 2523/2335/2366
f 2523/2335/2366 2520/2525/2556 2521/2236/2267
f 2521/2236/2267 2522/2518/2549 2523/2335/2366
f 2526/2336/2367 2525/2524/2555 2531/2523/2554
f 2531/2523/2554 2530/2337/2368 2526/2336/2367
f 2526/2336/2367 2527/2517/2548 2524/2233/2264
f 2524/2233/2264 2525/2524/2555 2526/2336/2367
f 2530/2337/2368 2531/2523/2554 2528/2241/2272
f 2528/2241/2272 2529/2400/2431 2530/2337/2368
f 2534/2538/2569 2533/2248/2279 2541/2247/2278
f 2541/2247/2278 2540/2539/2570 2534/2538/2569
f 2535/2339/2370 2534/2538/2569 2537/2537/2568
f 2537/2537/2568 2536/2340/2371 2535/2339/2370
f 2535/2339/2370 2532/2419/2450 2533/2248/2279
f 2533/2248/2279 2534/2538/2569 2535/2339/2370
f 2536/2340/2371 2537/2537/2568 2538/2126/2157
f 2538/2126/2157 2539/2530/2561 2536/2340/2371
f 2543/2342/2373 2542/2444/2475 2547/2443/2474
f 2547/2443/2474 2546/2343/2374 2543/2342/2373
f 2543/2342/2373 2540/2539/2570 2541/2247/2278
f 2541/2247/2278 2542/2444/2475 2543/2342/2373
f 2546/2343/2374 2545/2542/2573 2551/2541/2572
f 2551/2541/2572 2550/2344/2375 2546/2343/2374
f 2546/2343/2374 2547/2443/2474 2544/2249/2280
f 2544/2249/2280 2545/2542/2573 2546/2343/2374
f 2550/2344/2375 2551/2541/2572 2548/2131/2162
f 2548/2131/2162 2549/2534/2565 2550/2344/2375
f 2687/2545/2576 3113/2546/2577 2692/2547/2578
f 2687/2545/2576 2692/2547/2578 2731/2548/2579
f 2731/2548/2579 2768/2549/2580 3186/2550/2581
f 2687/2545/2576 2731/2548/2579 3186/2550/2581
f 2741/2551/2582 2794/2552/2583 2567/2553/2584
f 2567/2553/2584 2554/2554/2585 2741/2551/2582
f 2748/2555/2586 2799/2556/2587 2579/2557/2588
f 2579/2557/2588 2735/2558/2589 2748/2555/2586
f 2756/2559/2590 2809/2560/2591 2674/2561/2592
f 2756/2559/2590 2674/2561/2592 2583/2562/2593
f 2756/2559/2590 2583/2562/2593 2743/2563/2594
f 2751/2564/2595 2857/2565/2596 2859/2566/2597
f 2859/2566/2597 2588/2567/2598 2751/2564/2595
f 2602/2568/2599 2563/2569/2600 2559/2570/2601
f 2602/2568/2599 2559/2570/2601 2558/2571/2602
f 2558/2571/2602 2732/2572/2603 2691/2573/2604
f 2602/2568/2599 2558/2571/2602 2691/2573/2604
f 3029/2574/2605 2997/2575/2606 3046/2576/2607
f 2798/2577/2608 2630/2578/2609 2568/2579/2610
f 2802/2580/2611 2904/2581/2612 2610/2582/2613
f 2610/2582/2613 2580/2583/2614 2802/2580/2611
f 2614/2584/2615 2601/2585/2616 2824/2586/2617
f 2824/2586/2617 2872/2587/2618 2614/2584/2615
f 2818/2588/2619 2950/2589/2620 2646/2590/2621
f 2833/2591/2622 2964/2592/2623 2634/2593/2624
f 2634/2593/2624 2812/2594/2625 2833/2591/2622
f 2654/2595/2626 2991/2596/2627 3014/2597/2628
f 2898/2598/2629 2670/2599/2630 2836/2600/2631
f 2836/2600/2631 2886/2601/2632 2898/2598/2629
f 2881/2602/2633 2869/2603/2634 2900/2604/2635
f 2900/2604/2635 2618/2605/2636 2881/2602/2633
f 3073/2606/2637 2804/2607/2638 2922/2608/2639
f 2759/2609/2640 2934/2610/2641 2666/2611/2642
f 2943/2612/2643 3142/2613/2644 2694/2614/2645
f 2969/2615/2646 3137/2616/2647 3150/2617/2648
f 2644/2618/2649 3117/2619/2650 3138/2620/2651
f 2638/2621/2652 2830/2622/2653 2845/2623/2654
f 2821/2624/2655 3002/2625/2656 2658/2626/2657
f 2821/2624/2655 2658/2626/2657 2925/2627/2658
f 2821/2624/2655 2925/2627/2658 2791/2628/2659
f 2945/2629/2660 3128/2630/2661 2981/2631/2662
f 3049/2632/2663 2929/2633/2664 3034/2634/2665
f 3034/2634/2665 3043/2635/2666 3049/2632/2663
f 2995/2636/2667 3026/2637/2668 2662/2638/2669
f 3021/2639/2670 3180/2640/2671 3052/2641/2672
f 3052/2641/2672 3037/2642/2673 3021/2639/2670
f 3222/2643/2674 3076/2644/2675 3106/2645/2676
f 2909/2646/2677 3198/2647/2678 2706/2648/2679
f 2706/2648/2679 3067/2649/2680 2909/2646/2677
f 2889/2650/2681 2622/2651/2682 2584/2652/2683
f 2889/2650/2681 2584/2652/2683 2677/2653/2684
f 2889/2650/2681 2677/2653/2684 2919/2654/2685
f 2784/2655/2686 2866/2656/2687 2851/2657/2688
f 3218/2658/2689 2722/2659/2690 3088/2660/2691
f 3088/2660/2691 3080/2661/2692 3218/2658/2689
f 3095/2662/2693 2606/2663/2694 2781/2664/2695
f 2714/2665/2696 2765/2666/2697 3058/2667/2698
f 3058/2667/2698 3174/2668/2699 2714/2665/2696
f 2575/2669/2700 2850/2670/2701 3111/2671/2702
f 3111/2671/2702 2686/2672/2703 2575/2669/2700
f 2893/2673/2704 2915/2674/2705 3061/2675/2706
f 2678/2676/2707 2771/2677/2708 3107/2678/2709
f 3122/2679/2710 2650/2680/2711 2987/2681/2712
f 2937/2682/2713 2960/2683/2714 2698/2684/2715
f 3131/2685/2716 2957/2686/2717 3156/2687/2718
f 2702/2688/2719 2953/2689/2720 2840/2690/2721
f 2702/2688/2719 2840/2690/2721 3070/2691/2722
f 2702/2688/2719 3070/2691/2722 3166/2692/2723
f 2876/2693/2724 2594/2694/2725 2593/2695/2726
f 2593/2695/2726 2787/2696/2727 2876/2693/2724
f 3017/2697/2728 3009/2698/2729 3230/2699/2730
f 3230/2699/2730 2710/2700/2731 3017/2697/2728
f 3171/2701/2732 3226/2702/2733 3100/2703/2734
f 3100/2703/2734 3183/2704/2735 3171/2701/2732
f 2626/2705/2736 2589/2706/2737 2863/2707/2738
f 2626/2705/2736 2863/2707/2738 3094/2708/2739
f 2626/2705/2736 3094/2708/2739 3206/2709/2740
f 2626/2705/2736 3206/2709/2740 2718/2710/2741
f 3214/2711/2742 3191/2712/2743 3203/2713/2744
f 3085/2714/2745 2682/2715/2746 2777/2716/2747
f 3005/2717/2748 3118/2718/2749 2978/2719/2750
f 2978/2719/2750 3236/2720/2751 3005/2717/2748
f 2975/2721/2752 3147/2722/2753 3162/2723/2754
f 3162/2723/2754 2726/2724/2755 2975/2721/2752
f 3211/2725/2756 3159/2726/2757 3197/2727/2758
f 2556/2728/2759 2737/2729/2760 2739/2730/2761
f 2561/2731/2762 2745/2732/2763 2746/2733/2764
f 2565/2734/2765 2753/2735/2766 2754/2736/2767
f 2570/2737/2768 2761/2738/2769 2763/2739/2770
f 2763/2739/2770 2766/2740/2771 2570/2737/2768
f 2573/2741/2772 2773/2742/2773 2775/2743/2774
f 2573/2741/2772 2775/2743/2774 2779/2744/2775
f 2573/2741/2772 2779/2744/2775 2782/2745/2776
f 2577/2746/2777 2789/2747/2778 2793/2748/2779
f 2793/2748/2779 2796/2749/2780 2577/2746/2777
f 2586/2750/2781 2806/2751/2782 2807/2752/2783
f 2591/2753/2784 2814/2754/2785 2816/2755/2786
f 2816/2755/2786 2819/2756/2787 2591/2753/2784
f 2596/2757/2788 2826/2758/2789 2828/2759/2790
f 2828/2759/2790 2831/2760/2791 2596/2757/2788
f 2599/2761/2792 2838/2762/2793 2842/2763/2794
f 2842/2763/2794 2843/2764/2795 2599/2761/2792
f 2604/2765/2796 2848/2766/2797 2853/2767/2798
f 2853/2767/2798 2855/2768/2799 2604/2765/2796
f 2608/2769/2800 2861/2770/2801 2864/2771/2802
f 2612/2772/2803 2871/2773/2804 2874/2774/2805
f 2874/2774/2805 2878/2775/2806 2612/2772/2803
f 2616/2776/2807 2883/2777/2808 2884/2778/2809
f 2620/2779/2810 2891/2780/2811 2895/2781/2812
f 2895/2781/2812 2896/2782/2813 2620/2779/2810
f 2624/2783/2814 2902/2784/2815 2906/2785/2816
f 2628/2786/2817 2911/2787/2818 2913/2788/2819
f 2628/2786/2817 2913/2788/2819 2917/2789/2820
f 2628/2786/2817 2917/2789/2820 2920/2790/2821
f 2632/2791/2822 2927/2792/2823 2931/2793/2824
f 2931/2793/2824 2932/2794/2825 2632/2791/2822
f 2636/2795/2826 2939/2796/2827 2941/2797/2828
f 2636/2795/2826 2941/2797/2828 2947/2798/2829
f 2636/2795/2826 2947/2798/2829 2948/2799/2830
f 2640/2800/2831 2955/2801/2832 2959/2802/2833
f 2640/2800/2831 2959/2802/2833 2962/2803/2834
f 2640/2800/2831 2962/2803/2834 2966/2804/2835
f 2642/2805/2836 2971/2806/2837 2973/2807/2838
f 2973/2807/2838 2976/2808/2839 2642/2805/2836
f 2648/2809/2840 2983/2810/2841 2985/2811/2842
f 2648/2809/2840 2985/2811/2842 2989/2812/2843
f 2648/2809/2840 2989/2812/2843 2993/2813/2844
f 2648/2809/2840 2993/2813/2844 2999/2814/2845
f 2648/2809/2840 2999/2814/2845 3000/2815/2846
f 2652/2816/2847 3007/2817/2848 3011/2818/2849
f 3011/2818/2849 3012/2819/2850 2652/2816/2847
f 2656/2820/2851 3019/2821/2852 3023/2822/2853
f 3023/2822/2853 3024/2823/2854 2656/2820/2851
f 2660/2824/2855 3031/2825/2856 3032/2826/2857
f 2664/2827/2858 3039/2828/2859 3041/2829/2860
f 3041/2829/2860 3044/2830/2861 2664/2827/2858
f 2668/2831/2862 3051/2832/2863 3054/2833/2864
f 3054/2833/2864 3056/2834/2865 2668/2831/2862
f 2672/2835/2866 3063/2836/2867 3065/2837/2868
f 3065/2837/2868 3068/2838/2869 2672/2835/2866
f 2680/2839/2870 3078/2840/2871 3082/2841/2872
f 3082/2841/2872 3083/2842/2873 2680/2839/2870
f 2684/2843/2874 3090/2844/2875 3092/2845/2876
f 3092/2845/2876 3097/2846/2877 2684/2843/2874
f 2689/2847/2878 3102/2848/2879 3104/2849/2880
f 3104/2849/2880 3109/2850/2881 2689/2847/2878
f 2696/2851/2882 3115/2852/2883 3120/2853/2884
f 2696/2851/2882 3120/2853/2884 3124/2854/2885
f 2696/2851/2882 3124/2854/2885 3126/2855/2886
f 2700/2856/2887 3133/2857/2888 3135/2858/2889
f 2700/2856/2887 3135/2858/2889 3140/2859/2890
f 2700/2856/2887 3140/2859/2890 3144/2860/2891
f 2704/2861/2892 3149/2862/2893 3152/2863/2894
f 3152/2863/2894 3154/2864/2895 2704/2861/2892
f 2708/2865/2896 3161/2866/2897 3164/2867/2898
f 3164/2867/2898 3168/2868/2899 2708/2865/2896
f 2712/2869/2900 3173/2870/2901 3176/2871/2902
f 3176/2871/2902 3178/2872/2903 2712/2869/2900
f 2716/2873/2904 3185/2874/2905 3188/2875/2906
f 2720/2876/2907 3193/2877/2908 3195/2878/2909
f 3195/2878/2909 3200/2879/2910 2720/2876/2907
f 2724/2880/2911 3205/2881/2912 3208/2882/2913
f 2728/2883/2914 3213/2884/2915 3216/2885/2916
f 2728/2883/2914 3216/2885/2916 3220/2886/2917
f 2728/2883/2914 3220/2886/2917 3224/2887/2918
f 2728/2883/2914 3224/2887/2918 3228/2888/2919
f 2728/2883/2914 3228/2888/2919 3232/2889/2920
f 2728/2883/2914 3232/2889/2920 3234/2890/2921
f 2730/2891/2922 2552/2892/2923 2571/2893/2924
f 2571/2893/2924 2769/2894/2925 2730/2891/2922
f 2767/2895/2926 2762/2896/2927 2717/2897/2928
f 2717/2897/2928 3187/2898/2929 2767/2895/2926
f 3189/2899/2930 3184/2900/2931 3099/2901/2932
f 3099/2901/2932 2688/2902/2933 3189/2899/2930
f 2553/2903/2934 2733/2904/2935 2557/2905/2936
f 2557/2905/2936 2738/2906/2937 2553/2903/2934
f 2740/2907/2938 2736/2908/2939 2578/2909/2940
f 2578/2909/2940 2795/2910/2941 2740/2907/2938
f 2734/2911/2942 2555/2912/2943 2562/2913/2944
f 2562/2913/2944 2749/2914/2945 2734/2911/2942
f 2747/2915/2946 2744/2916/2947 2582/2917/2948
f 2582/2917/2948 2800/2918/2949 2747/2915/2946
f 2742/2919/2950 2560/2920/2951 2566/2921/2952
f 2566/2921/2952 2757/2922/2953 2742/2919/2950
f 2755/2923/2954 2752/2924/2955 2587/2925/2956
f 2587/2925/2956 2810/2926/2957 2755/2923/2954
f 2808/2927/2958 2805/2928/2959 3072/2929/2960
f 3072/2929/2960 2675/2930/2961 2808/2927/2958
f 2750/2931/2962 2564/2932/2963 2605/2933/2964
f 2605/2933/2964 2858/2934/2965 2750/2931/2962
f 2856/2935/2966 2852/2936/2967 2865/2937/2968
f 2865/2937/2968 2860/2938/2969 2856/2935/2966
f 2693/2939/2970 3112/2940/2971 2849/2941/2972
f 2849/2941/2972 2603/2942/2973 2693/2939/2970
f 3028/2943/2974 2659/2944/2975 3001/2945/2976
f 3001/2945/2976 2998/2946/2977 3028/2943/2974
f 2996/2947/2978 2992/2948/2979 2665/2949/2980
f 2665/2949/2980 3047/2950/2981 2996/2947/2978
f 3045/2951/2982 3040/2952/2983 3033/2953/2984
f 3033/2953/2984 3030/2954/2985 3045/2951/2982
f 2797/2955/2986 2792/2956/2987 2924/2957/2988
f 2924/2957/2988 2631/2958/2989 2797/2955/2986
f 2633/2959/2990 2935/2960/2991 2758/2961/2992
f 2758/2961/2992 2569/2962/2993 2633/2959/2990
f 2801/2963/2994 2581/2964/2995 2625/2965/2996
f 2625/2965/2996 2905/2966/2997 2801/2963/2994
f 2907/2967/2998 2901/2968/2999 2868/2969/3000
f 2868/2969/3000 2611/2970/3001 2907/2967/2998
f 2613/2971/3002 2877/2972/3003 2786/2973/3004
f 2786/2973/3004 2576/2974/3005 2613/2971/3002
f 2617/2975/3006 2887/2976/3007 2835/2977/3008
f 2835/2977/3008 2598/2978/3009 2617/2975/3006
f 2600/2979/3010 2846/2980/3011 2829/2981/3012
f 2829/2981/3012 2825/2982/3013 2600/2979/3010
f 2823/2983/3014 2595/2984/3015 2879/2985/3016
f 2879/2985/3016 2873/2986/3017 2823/2983/3014
f 2875/2987/3018 2870/2988/3019 2880/2989/3020
f 2880/2989/3020 2615/2990/3021 2875/2987/3018
f 2817/2991/3022 2813/2992/3023 2637/2993/3024
f 2637/2993/3024 2951/2994/3025 2817/2991/3022
f 2949/2995/3026 2946/2996/3027 2980/2997/3028
f 2980/2997/3028 2647/2998/3029 2949/2995/3026
f 2649/2999/3030 3003/3000/3031 2820/3001/3032
f 2820/3001/3032 2815/3002/3033 2649/2999/3030
f 2832/3003/3034 2827/3004/3035 2641/3005/3036
f 2641/3005/3036 2965/3006/3037 2832/3003/3034
f 2967/3007/3038 2961/3008/3039 2936/3009/3040
f 2936/3009/3040 2635/3010/3041 2967/3007/3038
f 2811/3011/3042 2590/3012/3043 2597/3013/3044
f 2597/3013/3044 2834/3014/3045 2811/3011/3042
f 2657/3015/3046 3027/3016/3047 2994/3017/3048
f 2994/3017/3048 2988/3018/3049 2657/3015/3046
f 2990/3019/3050 2984/3020/3051 2653/3021/3052
f 2653/3021/3052 3015/3022/3053 2990/3019/3050
f 3013/3023/3054 3010/3024/3055 3016/3025/3056
f 3016/3025/3056 2655/3026/3057 3013/3023/3054
f 2897/3027/3058 2894/3028/3059 3060/3029/3060
f 3060/3029/3060 2671/3030/3061 2897/3027/3058
f 2673/3031/3062 3071/3032/3063 2839/3033/3064
f 2839/3033/3064 2837/3034/3065 2673/3031/3062
f 2885/3035/3066 2882/3036/3067 2621/3037/3068
f 2621/3037/3068 2899/3038/3069 2885/3035/3066
f 2903/3039/3070 2623/3040/3071 2888/3041/3072
f 2888/3041/3072 2619/3042/3073 2903/3039/3070
f 2803/3043/3074 2585/3044/3075 2629/3045/3076
f 2629/3045/3076 2923/3046/3077 2803/3043/3074
f 2921/3047/3078 2916/3048/3079 2676/3049/3080
f 2676/3049/3080 3074/3050/3081 2921/3047/3078
f 2933/3051/3082 2930/3052/3083 3048/3053/3084
f 3048/3053/3084 2667/3054/3085 2933/3051/3082
f 2669/3055/3086 3059/3056/3087 2764/3057/3088
f 2764/3057/3088 2760/3058/3089 2669/3055/3086
f 2942/3059/3090 2938/3060/3091 2701/3061/3092
f 2701/3061/3092 3143/3062/3093 2942/3059/3090
f 3145/3063/3094 3139/3064/3095 3116/3065/3096
f 3116/3065/3096 2695/3066/3097 3145/3063/3094
f 2697/3067/3098 3129/3068/3099 2944/3069/3100
f 2944/3069/3100 2940/3070/3101 2697/3067/3098
f 2968/3071/3102 2645/3072/3103 3141/3073/3104
f 3141/3073/3104 3134/3074/3105 2968/3071/3102
f 3136/3075/3106 3132/3076/3107 3155/3077/3108
f 3155/3077/3108 3151/3078/3109 3136/3075/3106
f 3153/3079/3110 3148/3080/3111 2974/3081/3112
f 2974/3081/3112 2970/3082/3113 3153/3079/3110
f 2643/3083/3114 2979/3084/3115 3121/3085/3116
f 3121/3085/3116 3114/3086/3117 2643/3083/3114
f 2844/3087/3118 2841/3088/3119 2952/3089/3120
f 2952/3089/3120 2639/3090/3121 2844/3087/3118
f 2790/3091/3122 2788/3092/3123 2592/3093/3124
f 2592/3093/3124 2822/3094/3125 2790/3091/3122
f 2661/3095/3126 3035/3096/3127 2928/3097/3128
f 2928/3097/3128 2926/3098/3129 2661/3095/3126
f 3127/3099/3130 3123/3100/3131 2986/3101/3132
f 2986/3101/3132 2982/3102/3133 3127/3099/3130
f 3042/3103/3134 3038/3104/3135 3055/3105/3136
f 3055/3105/3136 3050/3106/3137 3042/3103/3134
f 3025/3107/3138 3022/3108/3139 3036/3109/3140
f 3036/3109/3140 2663/3110/3141 3025/3107/3138
f 3020/3111/3142 3018/3112/3143 2713/3113/3144
f 2713/3113/3144 3181/3114/3145 3020/3111/3142
f 3179/3115/3146 3175/3116/3147 3057/3117/3148
f 3057/3117/3148 3053/3118/3149 3179/3115/3146
f 3225/3119/3150 3219/3120/3151 3079/3121/3152
f 3079/3121/3152 3077/3122/3153 3225/3119/3150
f 3075/3123/3154 2679/3124/3155 3110/3125/3156
f 3110/3125/3156 3103/3126/3157 3075/3123/3154
f 3105/3127/3158 3101/3128/3159 3229/3129/3160
f 3229/3129/3160 3223/3130/3161 3105/3127/3158
f 2908/3131/3162 2627/3132/3163 2721/3133/3164
f 2721/3133/3164 3199/3134/3165 2908/3131/3162
f 3201/3135/3166 3194/3136/3167 3158/3137/3168
f 3158/3137/3168 2707/3138/3169 3201/3135/3166
f 2709/3139/3170 3167/3140/3171 3069/3141/3172
f 3069/3141/3172 3064/3142/3173 2709/3139/3170
f 3066/3143/3174 3062/3144/3175 2914/3145/3176
f 2914/3145/3176 2910/3146/3177 3066/3143/3174
f 2918/3147/3178 2912/3148/3179 2892/3149/3180
f 2892/3149/3180 2890/3150/3181 2918/3147/3178
f 2783/3151/3182 2778/3152/3183 2609/3153/3184
f 2609/3153/3184 2867/3154/3185 2783/3151/3182
f 2854/3155/3186 2847/3156/3187 2574/3157/3188
f 2574/3157/3188 2785/3158/3189 2854/3155/3186
f 3221/3159/3190 3215/3160/3191 3202/3161/3192
f 3202/3161/3192 2723/3162/3193 3221/3159/3190
f 2725/3163/3194 3207/3164/3195 3093/3165/3196
f 3093/3165/3196 3089/3166/3197 2725/3163/3194
f 3087/3167/3198 2683/3168/3199 3084/3169/3200
f 3084/3169/3200 3081/3170/3201 3087/3167/3198
f 3098/3171/3202 3091/3172/3203 2862/3173/3204
f 2862/3173/3204 2607/3174/3205 3098/3171/3202
f 2780/3175/3206 2774/3176/3207 2685/3177/3208
f 2685/3177/3208 3096/3178/3209 2780/3175/3206
f 3177/3179/3210 3172/3180/3211 3182/3181/3212
f 3182/3181/3212 2715/3182/3213 3177/3179/3210
f 2690/3183/3214 3108/3184/3215 2770/3185/3216
f 2770/3185/3216 2572/3186/3217 2690/3183/3214
f 2681/3187/3218 3086/3188/3219 2776/3189/3220
f 2776/3189/3220 2772/3190/3221 2681/3187/3218
f 3125/3191/3222 3119/3192/3223 3004/3193/3224
f 3004/3193/3224 2651/3194/3225 3125/3191/3222
f 2963/3195/3226 2958/3196/3227 3130/3197/3228
f 3130/3197/3228 2699/3198/3229 2963/3195/3226
f 2956/3199/3230 2954/3200/3231 2705/3201/3232
f 2705/3201/3232 3157/3202/3233 2956/3199/3230
f 3169/3203/3234 3163/3204/3235 3146/3205/3236
f 3146/3205/3236 2703/3206/3237 3169/3203/3234
f 3008/3207/3238 3006/3208/3239 3235/3209/3240
f 3235/3209/3240 3231/3210/3241 3008/3207/3238
f 3233/3211/3242 3227/3212/3243 3170/3213/3244
f 3170/3213/3244 2711/3214/3245 3233/3211/3242
f 3209/3215/3246 3204/3216/3247 3190/3217/3248
f 3190/3217/3248 2719/3218/3249 3209/3215/3246
f 3217/3219/3250 3212/3220/3251 3196/3221/3252
f 3196/3221/3252 3192/3222/3253 3217/3219/3250
f 2977/3223/3254 2972/3224/3255 2729/3225/3256
f 2729/3225/3256 3237/3226/3257 2977/3223/3254
f 3165/3227/3258 3160/3228/3259 3210/3229/3260
f 3210/3229/3260 2727/3230/3261 3165/3227/3258
f 2552/2892/2923 2554/2554/2585 2567/2553/2584
f 2567/2553/2584 2571/2893/2924 2552/2892/2923
f 2553/2903/2934 2552/2892/2923 2730/2891/2922
f 2730/2891/2922 2733/2904/2935 2553/2903/2934
f 2554/2554/2585 2553/2903/2934 2738/2906/2937
f 2738/2906/2937 2741/2551/2582 2554/2554/2585
f 2552/2892/2923 2553/2903/2934 2554/2554/2585
f 2555/2912/2943 2558/2571/2602 2559/2570/2601
f 2559/2570/2601 2562/2913/2944 2555/2912/2943
f 2556/2728/2759 2555/2912/2943 2734/2911/2942
f 2734/2911/2942 2737/2729/2760 2556/2728/2759
f 2557/2905/2936 2556/2728/2759 2739/2730/2761
f 2739/2730/2761 2738/2906/2937 2557/2905/2936
f 2558/2571/2602 2557/2905/2936 2733/2904/2935
f 2733/2904/2935 2732/2572/2603 2558/2571/2602
f 2556/2728/2759 2557/2905/2936 2558/2571/2602
f 2558/2571/2602 2555/2912/2943 2556/2728/2759
f 2560/2920/2951 2559/2570/2601 2563/2569/2600
f 2563/2569/2600 2566/2921/2952 2560/2920/2951
f 2561/2731/2762 2560/2920/2951 2742/2919/2950
f 2742/2919/2950 2745/2732/2763 2561/2731/2762
f 2562/2913/2944 2561/2731/2762 2746/2733/2764
f 2746/2733/2764 2749/2914/2945 2562/2913/2944
f 2561/2731/2762 2562/2913/2944 2559/2570/2601
f 2559/2570/2601 2560/2920/2951 2561/2731/2762
f 2564/2932/2963 2563/2569/2600 2602/2568/2599
f 2602/2568/2599 2605/2933/2964 2564/2932/2963
f 2565/2734/2765 2564/2932/2963 2750/2931/2962
f 2750/2931/2962 2753/2735/2766 2565/2734/2765
f 2566/2921/2952 2565/2734/2765 2754/2736/2767
f 2754/2736/2767 2757/2922/2953 2566/2921/2952
f 2565/2734/2765 2566/2921/2952 2563/2569/2600
f 2563/2569/2600 2564/2932/2963 2565/2734/2765
f 2568/2579/2610 2567/2553/2584 2794/2552/2583
f 2794/2552/2583 2798/2577/2608 2568/2579/2610
f 2569/2962/2993 2568/2579/2610 2630/2578/2609
f 2630/2578/2609 2633/2959/2990 2569/2962/2993
f 2570/2737/2768 2569/2962/2993 2758/2961/2992
f 2758/2961/2992 2761/2738/2769 2570/2737/2768
f 2571/2893/2924 2570/2737/2768 2766/2740/2771
f 2766/2740/2771 2769/2894/2925 2571/2893/2924
f 2568/2579/2610 2569/2962/2993 2570/2737/2768
f 2568/2579/2610 2570/2737/2768 2571/2893/2924
f 2568/2579/2610 2571/2893/2924 2567/2553/2584
f 2572/3186/3217 2575/2669/2700 2686/2672/2703
f 2686/2672/2703 2690/3183/3214 2572/3186/3217
f 2573/2741/2772 2572/3186/3217 2770/3185/3216
f 2770/3185/3216 2773/2742/2773 2573/2741/2772
f 2574/3157/3188 2573/2741/2772 2782/2745/2776
f 2782/2745/2776 2785/3158/3189 2574/3157/3188
f 2575/2669/2700 2574/3157/3188 2847/3156/3187
f 2847/3156/3187 2850/2670/2701 2575/2669/2700
f 2573/2741/2772 2574/3157/3188 2575/2669/2700
f 2575/2669/2700 2572/3186/3217 2573/2741/2772
f 2576/2974/3005 2580/2583/2614 2610/2582/2613
f 2610/2582/2613 2613/2971/3002 2576/2974/3005
f 2577/2746/2777 2576/2974/3005 2786/2973/3004
f 2786/2973/3004 2789/2747/2778 2577/2746/2777
f 2578/2909/2940 2577/2746/2777 2796/2749/2780
f 2796/2749/2780 2795/2910/2941 2578/2909/2940
f 2579/2557/2588 2578/2909/2940 2736/2908/2939
f 2736/2908/2939 2735/2558/2589 2579/2557/2588
f 2580/2583/2614 2579/2557/2588 2799/2556/2587
f 2799/2556/2587 2802/2580/2611 2580/2583/2614
f 2579/2557/2588 2580/2583/2614 2576/2974/3005
f 2579/2557/2588 2576/2974/3005 2577/2746/2777
f 2579/2557/2588 2577/2746/2777 2578/2909/2940
f 2581/2964/2995 2584/2652/2683 2622/2651/2682
f 2622/2651/2682 2625/2965/2996 2581/2964/2995
f 2582/2917/2948 2581/2964/2995 2801/2963/2994
f 2801/2963/2994 2800/2918/2949 2582/2917/2948
f 2583/2562/2593 2582/2917/2948 2744/2916/2947
f 2744/2916/2947 2743/2563/2594 2583/2562/2593
f 2584/2652/2683 2583/2562/2593 2674/2561/2592
f 2674/2561/2592 2677/2653/2684 2584/2652/2683
f 2581/2964/2995 2582/2917/2948 2583/2562/2593
f 2583/2562/2593 2584/2652/2683 2581/2964/2995
f 2585/3044/3075 2589/2706/2737 2626/2705/2736
f 2626/2705/2736 2629/3045/3076 2585/3044/3075
f 2586/2750/2781 2585/3044/3075 2803/3043/3074
f 2803/3043/3074 2806/2751/2782 2586/2750/2781
f 2587/2925/2956 2586/2750/2781 2807/2752/2783
f 2807/2752/2783 2810/2926/2957 2587/2925/2956
f 2588/2567/2598 2587/2925/2956 2752/2924/2955
f 2752/2924/2955 2751/2564/2595 2588/2567/2598
f 2589/2706/2737 2588/2567/2598 2859/2566/2597
f 2859/2566/2597 2863/2707/2738 2589/2706/2737
f 2589/2706/2737 2585/3044/3075 2586/2750/2781
f 2589/2706/2737 2586/2750/2781 2587/2925/2956
f 2589/2706/2737 2587/2925/2956 2588/2567/2598
f 2590/3012/3043 2593/2695/2726 2594/2694/2725
f 2594/2694/2725 2597/3013/3044 2590/3012/3043
f 2591/2753/2784 2590/3012/3043 2811/3011/3042
f 2811/3011/3042 2814/2754/2785 2591/2753/2784
f 2592/3093/3124 2591/2753/2784 2819/2756/2787
f 2819/2756/2787 2822/3094/3125 2592/3093/3124
f 2593/2695/2726 2592/3093/3124 2788/3092/3123
f 2788/3092/3123 2787/2696/2727 2593/2695/2726
f 2591/2753/2784 2592/3093/3124 2593/2695/2726
f 2593/2695/2726 2590/3012/3043 2591/2753/2784
f 2595/2984/3015 2594/2694/2725 2876/2693/2724
f 2876/2693/2724 2879/2985/3016 2595/2984/3015
f 2596/2757/2788 2595/2984/3015 2823/2983/3014
f 2823/2983/3014 2826/2758/2789 2596/2757/2788
f 2597/3013/3044 2596/2757/2788 2831/2760/2791
f 2831/2760/2791 2834/3014/3045 2597/3013/3044
f 2596/2757/2788 2597/3013/3044 2594/2694/2725
f 2594/2694/2725 2595/2984/3015 2596/2757/2788
f 2598/2978/3009 2601/2585/2616 2614/2584/2615
f 2614/2584/2615 2617/2975/3006 2598/2978/3009
f 2599/2761/2792 2598/2978/3009 2835/2977/3008
f 2835/2977/3008 2838/2762/2793 2599/2761/2792
f 2600/2979/3010 2599/2761/2792 2843/2764/2795
f 2843/2764/2795 2846/2980/3011 2600/2979/3010
f 2601/2585/2616 2600/2979/3010 2825/2982/3013
f 2825/2982/3013 2824/2586/2617 2601/2585/2616
f 2599/2761/2792 2600/2979/3010 2601/2585/2616
f 2601/2585/2616 2598/2978/3009 2599/2761/2792
f 2603/2942/2973 2602/2568/2599 2691/2573/2604
f 2691/2573/2604 2693/2939/2970 2603/2942/2973
f 2604/2765/2796 2603/2942/2973 2849/2941/2972
f 2849/2941/2972 2848/2766/2797 2604/2765/2796
f 2605/2933/2964 2604/2765/2796 2855/2768/2799
f 2855/2768/2799 2858/2934/2965 2605/2933/2964
f 2604/2765/2796 2605/2933/2964 2602/2568/2599
f 2602/2568/2599 2603/2942/2973 2604/2765/2796
f 2606/2663/2694 2609/3153/3184 2778/3152/3183
f 2778/3152/3183 2781/2664/2695 2606/2663/2694
f 2607/3174/3205 2606/2663/2694 3095/2662/2693
f 3095/2662/2693 3098/3171/3202 2607/3174/3205
f 2608/2769/2800 2607/3174/3205 2862/3173/3204
f 2862/3173/3204 2861/2770/2801 2608/2769/2800
f 2609/3153/3184 2608/2769/2800 2864/2771/2802
f 2864/2771/2802 2867/3154/3185 2609/3153/3184
f 2608/2769/2800 2609/3153/3184 2606/2663/2694
f 2606/2663/2694 2607/3174/3205 2608/2769/2800
f 2611/2970/3001 2610/2582/2613 2904/2581/2612
f 2904/2581/2612 2907/2967/2998 2611/2970/3001
f 2612/2772/2803 2611/2970/3001 2868/2969/3000
f 2868/2969/3000 2871/2773/2804 2612/2772/2803
f 2613/2971/3002 2612/2772/2803 2878/2775/2806
f 2878/2775/2806 2877/2972/3003 2613/2971/3002
f 2612/2772/2803 2613/2971/3002 2610/2582/2613
f 2610/2582/2613 2611/2970/3001 2612/2772/2803
f 2615/2990/3021 2614/2584/2615 2872/2587/2618
f 2872/2587/2618 2875/2987/3018 2615/2990/3021
f 2616/2776/2807 2615/2990/3021 2880/2989/3020
f 2880/2989/3020 2883/2777/2808 2616/2776/2807
f 2617/2975/3006 2616/2776/2807 2884/2778/2809
f 2884/2778/2809 2887/2976/3007 2617/2975/3006
f 2616/2776/2807 2617/2975/3006 2614/2584/2615
f 2614/2584/2615 2615/2990/3021 2616/2776/2807
f 2618/2605/2636 2621/3037/3068 2882/3036/3067
f 2882/3036/3067 2881/2602/2633 2618/2605/2636
f 2619/3042/3073 2618/2605/2636 2900/2604/2635
f 2900/2604/2635 2903/3039/3070 2619/3042/3073
f 2620/2779/2810 2619/3042/3073 2888/3041/3072
f 2888/3041/3072 2891/2780/2811 2620/2779/2810
f 2621/3037/3068 2620/2779/2810 2896/2782/2813
f 2896/2782/2813 2899/3038/3069 2621/3037/3068
f 2620/2779/2810 2621/3037/3068 2618/2605/2636
f 2618/2605/2636 2619/3042/3073 2620/2779/2810
f 2623/3040/3071 2622/2651/2682 2889/2650/2681
f 2889/2650/2681 2888/3041/3072 2623/3040/3071
f 2624/2783/2814 2623/3040/3071 2903/3039/3070
f 2903/3039/3070 2902/2784/2815 2624/2783/2814
f 2625/2965/2996 2624/2783/2814 2906/2785/2816
f 2906/2785/2816 2905/2966/2997 2625/2965/2996
f 2624/2783/2814 2625/2965/2996 2622/2651/2682
f 2622/2651/2682 2623/3040/3071 2624/2783/2814
f 2627/3132/3163 2626/2705/2736 2718/2710/2741
f 2718/2710/2741 2721/3133/3164 2627/3132/3163
f 2628/2786/2817 2627/3132/3163 2908/3131/3162
f 2908/3131/3162 2911/2787/2818 2628/2786/2817
f 2629/3045/3076 2628/2786/2817 2920/2790/2821
f 2920/2790/2821 2923/3046/3077 2629/3045/3076
f 2628/2786/2817 2629/3045/3076 2626/2705/2736
f 2626/2705/2736 2627/3132/3163 2628/2786/2817
f 2631/2958/2989 2630/2578/2609 2798/2577/2608
f 2798/2577/2608 2797/2955/2986 2631/2958/2989
f 2632/2791/2822 2631/2958/2989 2924/2957/2988
f 2924/2957/2988 2927/2792/2823 2632/2791/2822
f 2633/2959/2990 2632/2791/2822 2932/2794/2825
f 2932/2794/2825 2935/2960/2991 2633/2959/2990
f 2632/2791/2822 2633/2959/2990 2630/2578/2609
f 2630/2578/2609 2631/2958/2989 2632/2791/2822
f 2634/2593/2624 2637/2993/3024 2813/2992/3023
f 2813/2992/3023 2812/2594/2625 2634/2593/2624
f 2635/3010/3041 2634/2593/2624 2964/2592/2623
f 2964/2592/2623 2967/3007/3038 2635/3010/3041
f 2636/2795/2826 2635/3010/3041 2936/3009/3040
f 2936/3009/3040 2939/2796/2827 2636/2795/2826
f 2637/2993/3024 2636/2795/2826 2948/2799/2830
f 2948/2799/2830 2951/2994/3025 2637/2993/3024
f 2636/2795/2826 2637/2993/3024 2634/2593/2624
f 2634/2593/2624 2635/3010/3041 2636/2795/2826
f 2638/2621/2652 2641/3005/3036 2827/3004/3035
f 2827/3004/3035 2830/2622/2653 2638/2621/2652
f 2639/3090/3121 2638/2621/2652 2845/2623/2654
f 2845/2623/2654 2844/3087/3118 2639/3090/3121
f 2640/2800/2831 2639/3090/3121 2952/3089/3120
f 2952/3089/3120 2955/2801/2832 2640/2800/2831
f 2641/3005/3036 2640/2800/2831 2966/2804/2835
f 2966/2804/2835 2965/3006/3037 2641/3005/3036
f 2640/2800/2831 2641/3005/3036 2638/2621/2652
f 2638/2621/2652 2639/3090/3121 2640/2800/2831
f 2642/2805/2836 2645/3072/3103 2968/3071/3102
f 2968/3071/3102 2971/2806/2837 2642/2805/2836
f 2643/3083/3114 2642/2805/2836 2976/2808/2839
f 2976/2808/2839 2979/3084/3115 2643/3083/3114
f 2644/2618/2649 2643/3083/3114 3114/3086/3117
f 3114/3086/3117 3117/2619/2650 2644/2618/2649
f 2645/3072/3103 2644/2618/2649 3138/2620/2651
f 3138/2620/2651 3141/3073/3104 2645/3072/3103
f 2642/2805/2836 2643/3083/3114 2644/2618/2649
f 2644/2618/2649 2645/3072/3103 2642/2805/2836
f 2646/2590/2621 2649/2999/3030 2815/3002/3033
f 2815/3002/3033 2818/2588/2619 2646/2590/2621
f 2647/2998/3029 2646/2590/2621 2950/2589/2620
f 2950/2589/2620 2949/2995/3026 2647/2998/3029
f 2648/2809/2840 2647/2998/3029 2980/2997/3028
f 2980/2997/3028 2983/2810/2841 2648/2809/2840
f 2649/2999/3030 2648/2809/2840 3000/2815/2846
f 3000/2815/2846 3003/3000/3031 2649/2999/3030
f 2648/2809/2840 2649/2999/3030 2646/2590/2621
f 2646/2590/2621 2647/2998/3029 2648/2809/2840
f 2650/2680/2711 2653/3021/3052 2984/3020/3051
f 2984/3020/3051 2987/2681/2712 2650/2680/2711
f 2651/3194/3225 2650/2680/2711 3122/2679/2710
f 3122/2679/2710 3125/3191/3222 2651/3194/3225
f 2652/2816/2847 2651/3194/3225 3004/3193/3224
f 3004/3193/3224 3007/2817/2848 2652/2816/2847
f 2653/3021/3052 2652/2816/2847 3012/2819/2850
f 3012/2819/2850 3015/3022/3053 2653/3021/3052
f 2652/2816/2847 2653/3021/3052 2650/2680/2711
f 2650/2680/2711 2651/3194/3225 2652/2816/2847
f 2654/2595/2626 2657/3015/3046 2988/3018/3049
f 2988/3018/3049 2991/2596/2627 2654/2595/2626
f 2655/3026/3057 2654/2595/2626 3014/2597/2628
f 3014/2597/2628 3013/3023/3054 2655/3026/3057
f 2656/2820/2851 2655/3026/3057 3016/3025/3056
f 3016/3025/3056 3019/2821/2852 2656/2820/2851
f 2657/3015/3046 2656/2820/2851 3024/2823/2854
f 3024/2823/2854 3027/3016/3047 2657/3015/3046
f 2656/2820/2851 2657/3015/3046 2654/2595/2626
f 2654/2595/2626 2655/3026/3057 2656/2820/2851
f 2658/2626/2657 2661/3095/3126 2926/3098/3129
f 2926/3098/3129 2925/2627/2658 2658/2626/2657
f 2659/2944/2975 2658/2626/2657 3002/2625/2656
f 3002/2625/2656 3001/2945/2976 2659/2944/2975
f 2660/2824/2855 2659/2944/2975 3028/2943/2974
f 3028/2943/2974 3031/2825/2856 2660/2824/2855
f 2661/3095/3126 2660/2824/2855 3032/2826/2857
f 3032/2826/2857 3035/3096/3127 2661/3095/3126
f 2660/2824/2855 2661/3095/3126 2658/2626/2657
f 2658/2626/2657 2659/2944/2975 2660/2824/2855
f 2662/2638/2669 2665/2949/2980 2992/2948/2979
f 2992/2948/2979 2995/2636/2667 2662/2638/2669
f 2663/3110/3141 2662/2638/2669 3026/2637/2668
f 3026/2637/2668 3025/3107/3138 2663/3110/3141
f 2664/2827/2858 2663/3110/3141 3036/3109/3140
f 3036/3109/3140 3039/2828/2859 2664/2827/2858
f 2665/2949/2980 2664/2827/2858 3044/2830/2861
f 3044/2830/2861 3047/2950/2981 2665/2949/2980
f 2664/2827/2858 2665/2949/2980 2662/2638/2669
f 2662/2638/2669 2663/3110/3141 2664/2827/2858
f 2666/2611/2642 2669/3055/3086 2760/3058/3089
f 2760/3058/3089 2759/2609/2640 2666/2611/2642
f 2667/3054/3085 2666/2611/2642 2934/2610/2641
f 2934/2610/2641 2933/3051/3082 2667/3054/3085
f 2668/2831/2862 2667/3054/3085 3048/3053/3084
f 3048/3053/3084 3051/2832/2863 2668/2831/2862
f 2669/3055/3086 2668/2831/2862 3056/2834/2865
f 3056/2834/2865 3059/3056/3087 2669/3055/3086
f 2668/2831/2862 2669/3055/3086 2666/2611/2642
f 2666/2611/2642 2667/3054/3085 2668/2831/2862
f 2670/2599/2630 2673/3031/3062 2837/3034/3065
f 2837/3034/3065 2836/2600/2631 2670/2599/2630
f 2671/3030/3061 2670/2599/2630 2898/2598/2629
f 2898/2598/2629 2897/3027/3058 2671/3030/3061
f 2672/2835/2866 2671/3030/3061 3060/3029/3060
f 3060/3029/3060 3063/2836/2867 2672/2835/2866
f 2673/3031/3062 2672/2835/2866 3068/2838/2869
f 3068/2838/2869 3071/3032/3063 2673/3031/3062
f 2672/2835/2866 2673/3031/3062 2670/2599/2630
f 2670/2599/2630 2671/3030/3061 2672/2835/2866
f 2675/2930/2961 2674/2561/2592 2809/2560/2591
f 2809/2560/2591 2808/2927/2958 2675/2930/2961
f 2676/3049/3080 2675/2930/2961 3072/2929/2960
f 3072/2929/2960 3074/3050/3081 2676/3049/3080
f 2677/2653/2684 2676/3049/3080 2916/3048/3079
f 2916/3048/3079 2919/2654/2685 2677/2653/2684
f 2676/3049/3080 2677/2653/2684 2674/2561/2592
f 2674/2561/2592 2675/2930/2961 2676/3049/3080
f 2678/2676/2707 2681/3187/3218 2772/3190/3221
f 2772/3190/3221 2771/2677/2708 2678/2676/2707
f 2679/3124/3155 2678/2676/2707 3107/2678/2709
f 3107/2678/2709 3110/3125/3156 2679/3124/3155
f 2680/2839/2870 2679/3124/3155 3075/3123/3154
f 3075/3123/3154 3078/2840/2871 2680/2839/2870
f 2681/3187/3218 2680/2839/2870 3083/2842/2873
f 3083/2842/2873 3086/3188/3219 2681/3187/3218
f 2680/2839/2870 2681/3187/3218 2678/2676/2707
f 2678/2676/2707 2679/3124/3155 2680/2839/2870
f 2682/2715/2746 2685/3177/3208 2774/3176/3207
f 2774/3176/3207 2777/2716/2747 2682/2715/2746
f 2683/3168/3199 2682/2715/2746 3085/2714/2745
f 3085/2714/2745 3084/3169/3200 2683/3168/3199
f 2684/2843/2874 2683/3168/3199 3087/3167/3198
f 3087/3167/3198 3090/2844/2875 2684/2843/2874
f 2685/3177/3208 2684/2843/2874 3097/2846/2877
f 3097/2846/2877 3096/3178/3209 2685/3177/3208
f 2684/2843/2874 2685/3177/3208 2682/2715/2746
f 2682/2715/2746 2683/3168/3199 2684/2843/2874
f 2687/2545/2576 2686/2672/2703 3111/2671/2702
f 3111/2671/2702 3113/2546/2577 2687/2545/2576
f 2688/2902/2933 2687/2545/2576 3186/2550/2581
f 3186/2550/2581 3189/2899/2930 2688/2902/2933
f 2689/2847/2878 2688/2902/2933 3099/2901/2932
f 3099/2901/2932 3102/2848/2879 2689/2847/2878
f 2690/3183/3214 2689/2847/2878 3109/2850/2881
f 3109/2850/2881 3108/3184/3215 2690/3183/3214
f 2687/2545/2576 2688/2902/2933 2689/2847/2878
f 2687/2545/2576 2689/2847/2878 2690/3183/3214
f 2687/2545/2576 2690/3183/3214 2686/2672/2703
f 2692/2547/2578 2691/2573/2604 2732/2572/2603
f 2732/2572/2603 2731/2548/2579 2692/2547/2578
f 2693/2939/2970 2692/2547/2578 3113/2546/2577
f 3113/2546/2577 3112/2940/2971 2693/2939/2970
f 2691/2573/2604 2692/2547/2578 2693/2939/2970
f 2694/2614/2645 2697/3067/3098 2940/3070/3101
f 2940/3070/3101 2943/2612/2643 2694/2614/2645
f 2695/3066/3097 2694/2614/2645 3142/2613/2644
f 3142/2613/2644 3145/3063/3094 2695/3066/3097
f 2696/2851/2882 2695/3066/3097 3116/3065/3096
f 3116/3065/3096 3115/2852/2883 2696/2851/2882
f 2697/3067/3098 2696/2851/2882 3126/2855/2886
f 3126/2855/2886 3129/3068/3099 2697/3067/3098
f 2696/2851/2882 2697/3067/3098 2694/2614/2645
f 2694/2614/2645 2695/3066/3097 2696/2851/2882
f 2698/2684/2715 2701/3061/3092 2938/3060/3091
f 2938/3060/3091 2937/2682/2713 2698/2684/2715
f 2699/3198/3229 2698/2684/2715 2960/2683/2714
f 2960/2683/2714 2963/3195/3226 2699/3198/3229
f 2700/2856/2887 2699/3198/3229 3130/3197/3228
f 3130/3197/3228 3133/2857/2888 2700/2856/2887
f 2701/3061/3092 2700/2856/2887 3144/2860/2891
f 3144/2860/2891 3143/3062/3093 2701/3061/3092
f 2700/2856/2887 2701/3061/3092 2698/2684/2715
f 2698/2684/2715 2699/3198/3229 2700/2856/2887
f 2702/2688/2719 2705/3201/3232 2954/3200/3231
f 2954/3200/3231 2953/2689/2720 2702/2688/2719
f 2703/3206/3237 2702/2688/2719 3166/2692/2723
f 3166/2692/2723 3169/3203/3234 2703/3206/3237
f 2704/2861/2892 2703/3206/3237 3146/3205/3236
f 3146/3205/3236 3149/2862/2893 2704/2861/2892
f 2705/3201/3232 2704/2861/2892 3154/2864/2895
f 3154/2864/2895 3157/3202/3233 2705/3201/3232
f 2704/2861/2892 2705/3201/3232 2702/2688/2719
f 2702/2688/2719 2703/3206/3237 2704/2861/2892
f 2706/2648/2679 2709/3139/3170 3064/3142/3173
f 3064/3142/3173 3067/2649/2680 2706/2648/2679
f 2707/3138/3169 2706/2648/2679 3198/2647/2678
f 3198/2647/2678 3201/3135/3166 2707/3138/3169
f 2708/2865/2896 2707/3138/3169 3158/3137/3168
f 3158/3137/3168 3161/2866/2897 2708/2865/2896
f 2709/3139/3170 2708/2865/2896 3168/2868/2899
f 3168/2868/2899 3167/3140/3171 2709/3139/3170
f 2708/2865/2896 2709/3139/3170 2706/2648/2679
f 2706/2648/2679 2707/3138/3169 2708/2865/2896
f 2710/2700/2731 2713/3113/3144 3018/3112/3143
f 3018/3112/3143 3017/2697/2728 2710/2700/2731
f 2711/3214/3245 2710/2700/2731 3230/2699/2730
f 3230/2699/2730 3233/3211/3242 2711/3214/3245
f 2712/2869/2900 2711/3214/3245 3170/3213/3244
f 3170/3213/3244 3173/2870/2901 2712/2869/2900
f 2713/3113/3144 2712/2869/2900 3178/2872/2903
f 3178/2872/2903 3181/3114/3145 2713/3113/3144
f 2712/2869/2900 2713/3113/3144 2710/2700/2731
f 2710/2700/2731 2711/3214/3245 2712/2869/2900
f 2714/2665/2696 2717/2897/2928 2762/2896/2927
f 2762/2896/2927 2765/2666/2697 2714/2665/2696
f 2715/3182/3213 2714/2665/2696 3174/2668/2699
f 3174/2668/2699 3177/3179/3210 2715/3182/3213
f 2716/2873/2904 2715/3182/3213 3182/3181/3212
f 3182/3181/3212 3185/2874/2905 2716/2873/2904
f 2717/2897/2928 2716/2873/2904 3188/2875/2906
f 3188/2875/2906 3187/2898/2929 2717/2897/2928
f 2716/2873/2904 2717/2897/2928 2714/2665/2696
f 2714/2665/2696 2715/3182/3213 2716/2873/2904
f 2719/3218/3249 2718/2710/2741 3206/2709/2740
f 3206/2709/2740 3209/3215/3246 2719/3218/3249
f 2720/2876/2907 2719/3218/3249 3190/3217/3248
f 3190/3217/3248 3193/2877/2908 2720/2876/2907
f 2721/3133/3164 2720/2876/2907 3200/2879/2910
f 3200/2879/2910 3199/3134/3165 2721/3133/3164
f 2720/2876/2907 2721/3133/3164 2718/2710/2741
f 2718/2710/2741 2719/3218/3249 2720/2876/2907
f 2722/2659/2690 2725/3163/3194 3089/3166/3197
f 3089/3166/3197 3088/2660/2691 2722/2659/2690
f 2723/3162/3193 2722/2659/2690 3218/2658/2689
f 3218/2658/2689 3221/3159/3190 2723/3162/3193
f 2724/2880/2911 2723/3162/3193 3202/3161/3192
f 3202/3161/3192 3205/2881/2912 2724/2880/2911
f 2725/3163/3194 2724/2880/2911 3208/2882/2913
f 3208/2882/2913 3207/3164/3195 2725/3163/3194
f 2724/2880/2911 2725/3163/3194 2722/2659/2690
f 2722/2659/2690 2723/3162/3193 2724/2880/2911
f 2726/2724/2755 2729/3225/3256 2972/3224/3255
f 2972/3224/3255 2975/2721/2752 2726/2724/2755
f 2727/3230/3261 2726/2724/2755 3162/2723/2754
f 3162/2723/2754 3165/3227/3258 2727/3230/3261
f 2728/2883/2914 2727/3230/3261 3210/3229/3260
f 3210/3229/3260 3213/2884/2915 2728/2883/2914
f 2729/3225/3256 2728/2883/2914 3234/2890/2921
f 3234/2890/2921 3237/3226/3257 2729/3225/3256
f 2728/2883/2914 2729/3225/3256 2726/2724/2755
f 2726/2724/2755 2727/3230/3261 2728/2883/2914
f 2731/2548/2579 2730/2891/2922 2769/2894/2925
f 2769/2894/2925 2768/2549/2580 2731/2548/2579
f 2733/2904/2935 2730/2891/2922 2731/2548/2579
f 2731/2548/2579 2732/2572/2603 2733/2904/2935
f 2735/2558/2589 2734/2911/2942 2749/2914/2945
f 2749/2914/2945 2748/2555/2586 2735/2558/2589
f 2737/2729/2760 2736/2908/2939 2740/2907/2938
f 2740/2907/2938 2739/2730/2761 2737/2729/2760
f 2737/2729/2760 2734/2911/2942 2735/2558/2589
f 2735/2558/2589 2736/2908/2939 2737/2729/2760
f 2741/2551/2582 2740/2907/2938 2795/2910/2941
f 2795/2910/2941 2794/2552/2583 2741/2551/2582
f 2739/2730/2761 2740/2907/2938 2741/2551/2582
f 2741/2551/2582 2738/2906/2937 2739/2730/2761
f 2743/2563/2594 2742/2919/2950 2757/2922/2953
f 2757/2922/2953 2756/2559/2590 2743/2563/2594
f 2745/2732/2763 2744/2916/2947 2747/2915/2946
f 2747/2915/2946 2746/2733/2764 2745/2732/2763
f 2745/2732/2763 2742/2919/2950 2743/2563/2594
f 2743/2563/2594 2744/2916/2947 2745/2732/2763
f 2748/2555/2586 2747/2915/2946 2800/2918/2949
f 2800/2918/2949 2799/2556/2587 2748/2555/2586
f 2746/2733/2764 2747/2915/2946 2748/2555/2586
f 2748/2555/2586 2749/2914/2945 2746/2733/2764
f 2751/2564/2595 2750/2931/2962 2858/2934/2965
f 2858/2934/2965 2857/2565/2596 2751/2564/2595
f 2753/2735/2766 2752/2924/2955 2755/2923/2954
f 2755/2923/2954 2754/2736/2767 2753/2735/2766
f 2753/2735/2766 2750/2931/2962 2751/2564/2595
f 2751/2564/2595 2752/2924/2955 2753/2735/2766
f 2756/2559/2590 2755/2923/2954 2810/2926/2957
f 2810/2926/2957 2809/2560/2591 2756/2559/2590
f 2754/2736/2767 2755/2923/2954 2756/2559/2590
f 2756/2559/2590 2757/2922/2953 2754/2736/2767
f 2759/2609/2640 2758/2961/2992 2935/2960/2991
f 2935/2960/2991 2934/2610/2641 2759/2609/2640
f 2761/2738/2769 2760/3058/3089 2764/3057/3088
f 2764/3057/3088 2763/2739/2770 2761/2738/2769
f 2761/2738/2769 2758/2961/2992 2759/2609/2640
f 2759/2609/2640 2760/3058/3089 2761/2738/2769
f 2763/2739/2770 2762/2896/2927 2767/2895/2926
f 2767/2895/2926 2766/2740/2771 2763/2739/2770
f 2765/2666/2697 2764/3057/3088 3059/3056/3087
f 3059/3056/3087 3058/2667/2698 2765/2666/2697
f 2763/2739/2770 2764/3057/3088 2765/2666/2697
f 2765/2666/2697 2762/2896/2927 2763/2739/2770
f 2768/2549/2580 2767/2895/2926 3187/2898/2929
f 3187/2898/2929 3186/2550/2581 2768/2549/2580
f 2766/2740/2771 2767/2895/2926 2768/2549/2580
f 2768/2549/2580 2769/2894/2925 2766/2740/2771
f 2771/2677/2708 2770/3185/3216 3108/3184/3215
f 3108/3184/3215 3107/2678/2709 2771/2677/2708
f 2773/2742/2773 2772/3190/3221 2776/3189/3220
f 2776/3189/3220 2775/2743/2774 2773/2742/2773
f 2773/2742/2773 2770/3185/3216 2771/2677/2708
f 2771/2677/2708 2772/3190/3221 2773/2742/2773
f 2775/2743/2774 2774/3176/3207 2780/3175/3206
f 2780/3175/3206 2779/2744/2775 2775/2743/2774
f 2777/2716/2747 2776/3189/3220 3086/3188/3219
f 3086/3188/3219 3085/2714/2745 2777/2716/2747
f 2775/2743/2774 2776/3189/3220 2777/2716/2747
f 2777/2716/2747 2774/3176/3207 2775/2743/2774
f 2779/2744/2775 2778/3152/3183 2783/3151/3182
f 2783/3151/3182 2782/2745/2776 2779/2744/2775
f 2781/2664/2695 2780/3175/3206 3096/3178/3209
f 3096/3178/3209 3095/2662/2693 2781/2664/2695
f 2779/2744/2775 2780/3175/3206 2781/2664/2695
f 2781/2664/2695 2778/3152/3183 2779/2744/2775
f 2784/2655/2686 2783/3151/3182 2867/3154/3185
f 2867/3154/3185 2866/2656/2687 2784/2655/2686
f 2785/3158/3189 2784/2655/2686 2851/2657/2688
f 2851/2657/2688 2854/3155/3186 2785/3158/3189
f 2782/2745/2776 2783/3151/3182 2784/2655/2686
f 2784/2655/2686 2785/3158/3189 2782/2745/2776
f 2787/2696/2727 2786/2973/3004 2877/2972/3003
f 2877/2972/3003 2876/2693/2724 2787/2696/2727
f 2789/2747/2778 2788/3092/3123 2790/3091/3122
f 2790/3091/3122 2793/2748/2779 2789/2747/2778
f 2789/2747/2778 2786/2973/3004 2787/2696/2727
f 2787/2696/2727 2788/3092/3123 2789/2747/2778
f 2791/2628/2659 2790/3091/3122 2822/3094/3125
f 2822/3094/3125 2821/2624/2655 2791/2628/2659
f 2792/2956/2987 2791/2628/2659 2925/2627/2658
f 2925/2627/2658 2924/2957/2988 2792/2956/2987
f 2793/2748/2779 2792/2956/2987 2797/2955/2986
f 2797/2955/2986 2796/2749/2780 2793/2748/2779
f 2793/2748/2779 2790/3091/3122 2791/2628/2659
f 2791/2628/2659 2792/2956/2987 2793/2748/2779
f 2798/2577/2608 2794/2552/2583 2795/2910/2941
f 2798/2577/2608 2795/2910/2941 2796/2749/2780
f 2798/2577/2608 2796/2749/2780 2797/2955/2986
f 2802/2580/2611 2801/2963/2994 2905/2966/2997
f 2905/2966/2997 2904/2581/2612 2802/2580/2611
f 2801/2963/2994 2802/2580/2611 2799/2556/2587
f 2799/2556/2587 2800/2918/2949 2801/2963/2994
f 2804/2607/2638 2803/3043/3074 2923/3046/3077
f 2923/3046/3077 2922/2608/2639 2804/2607/2638
f 2805/2928/2959 2804/2607/2638 3073/2606/2637
f 3073/2606/2637 3072/2929/2960 2805/2928/2959
f 2806/2751/2782 2805/2928/2959 2808/2927/2958
f 2808/2927/2958 2807/2752/2783 2806/2751/2782
f 2806/2751/2782 2803/3043/3074 2804/2607/2638
f 2804/2607/2638 2805/2928/2959 2806/2751/2782
f 2807/2752/2783 2808/2927/2958 2809/2560/2591
f 2809/2560/2591 2810/2926/2957 2807/2752/2783
f 2812/2594/2625 2811/3011/3042 2834/3014/3045
f 2834/3014/3045 2833/2591/2622 2812/2594/2625
f 2814/2754/2785 2813/2992/3023 2817/2991/3022
f 2817/2991/3022 2816/2755/2786 2814/2754/2785
f 2814/2754/2785 2811/3011/3042 2812/2594/2625
f 2812/2594/2625 2813/2992/3023 2814/2754/2785
f 2816/2755/2786 2815/3002/3033 2820/3001/3032
f 2820/3001/3032 2819/2756/2787 2816/2755/2786
f 2818/2588/2619 2817/2991/3022 2951/2994/3025
f 2951/2994/3025 2950/2589/2620 2818/2588/2619
f 2816/2755/2786 2817/2991/3022 2818/2588/2619
f 2818/2588/2619 2815/3002/3033 2816/2755/2786
f 2821/2624/2655 2820/3001/3032 3003/3000/3031
f 3003/3000/3031 3002/2625/2656 2821/2624/2655
f 2819/2756/2787 2820/3001/3032 2821/2624/2655
f 2821/2624/2655 2822/3094/3125 2819/2756/2787
f 2824/2586/2617 2823/2983/3014 2873/2986/3017
f 2873/2986/3017 2872/2587/2618 2824/2586/2617
f 2826/2758/2789 2825/2982/3013 2829/2981/3012
f 2829/2981/3012 2828/2759/2790 2826/2758/2789
f 2826/2758/2789 2823/2983/3014 2824/2586/2617
f 2824/2586/2617 2825/2982/3013 2826/2758/2789
f 2828/2759/2790 2827/3004/3035 2832/3003/3034
f 2832/3003/3034 2831/2760/2791 2828/2759/2790
f 2830/2622/2653 2829/2981/3012 2846/2980/3011
f 2846/2980/3011 2845/2623/2654 2830/2622/2653
f 2828/2759/2790 2829/2981/3012 2830/2622/2653
f 2830/2622/2653 2827/3004/3035 2828/2759/2790
f 2833/2591/2622 2832/3003/3034 2965/3006/3037
f 2965/3006/3037 2964/2592/2623 2833/2591/2622
f 2831/2760/2791 2832/3003/3034 2833/2591/2622
f 2833/2591/2622 2834/3014/3045 2831/2760/2791
f 2836/2600/2631 2835/2977/3008 2887/2976/3007
f 2887/2976/3007 2886/2601/2632 2836/2600/2631
f 2838/2762/2793 2837/3034/3065 2839/3033/3064
f 2839/3033/3064 2842/2763/2794 2838/2762/2793
f 2838/2762/2793 2835/2977/3008 2836/2600/2631
f 2836/2600/2631 2837/3034/3065 2838/2762/2793
f 2840/2690/2721 2839/3033/3064 3071/3032/3063
f 3071/3032/3063 3070/2691/2722 2840/2690/2721
f 2841/3088/3119 2840/2690/2721 2953/2689/2720
f 2953/2689/2720 2952/3089/3120 2841/3088/3119
f 2842/2763/2794 2841/3088/3119 2844/3087/3118
f 2844/3087/3118 2843/2764/2795 2842/2763/2794
f 2842/2763/2794 2839/3033/3064 2840/2690/2721
f 2840/2690/2721 2841/3088/3119 2842/2763/2794
f 2843/2764/2795 2844/3087/3118 2845/2623/2654
f 2845/2623/2654 2846/2980/3011 2843/2764/2795
f 2848/2766/2797 2847/3156/3187 2854/3155/3186
f 2854/3155/3186 2853/2767/2798 2848/2766/2797
f 2850/2670/2701 2849/2941/2972 3112/2940/2971
f 3112/2940/2971 3111/2671/2702 2850/2670/2701
f 2848/2766/2797 2849/2941/2972 2850/2670/2701
f 2850/2670/2701 2847/3156/3187 2848/2766/2797
f 2852/2936/2967 2851/2657/2688 2866/2656/2687
f 2866/2656/2687 2865/2937/2968 2852/2936/2967
f 2853/2767/2798 2852/2936/2967 2856/2935/2966
f 2856/2935/2966 2855/2768/2799 2853/2767/2798
f 2853/2767/2798 2854/3155/3186 2851/2657/2688
f 2851/2657/2688 2852/2936/2967 2853/2767/2798
f 2857/2565/2596 2856/2935/2966 2860/2938/2969
f 2860/2938/2969 2859/2566/2597 2857/2565/2596
f 2855/2768/2799 2856/2935/2966 2857/2565/2596
f 2857/2565/2596 2858/2934/2965 2855/2768/2799
f 2861/2770/2801 2860/2938/2969 2865/2937/2968
f 2865/2937/2968 2864/2771/2802 2861/2770/2801
f 2863/2707/2738 2862/3173/3204 3091/3172/3203
f 3091/3172/3203 3094/2708/2739 2863/2707/2738
f 2861/2770/2801 2862/3173/3204 2863/2707/2738
f 2861/2770/2801 2863/2707/2738 2859/2566/2597
f 2861/2770/2801 2859/2566/2597 2860/2938/2969
f 2864/2771/2802 2865/2937/2968 2866/2656/2687
f 2866/2656/2687 2867/3154/3185 2864/2771/2802
f 2869/2603/2634 2868/2969/3000 2901/2968/2999
f 2901/2968/2999 2900/2604/2635 2869/2603/2634
f 2870/2988/3019 2869/2603/2634 2881/2602/2633
f 2881/2602/2633 2880/2989/3020 2870/2988/3019
f 2871/2773/2804 2870/2988/3019 2875/2987/3018
f 2875/2987/3018 2874/2774/2805 2871/2773/2804
f 2871/2773/2804 2868/2969/3000 2869/2603/2634
f 2869/2603/2634 2870/2988/3019 2871/2773/2804
f 2874/2774/2805 2873/2986/3017 2879/2985/3016
f 2879/2985/3016 2878/2775/2806 2874/2774/2805
f 2874/2774/2805 2875/2987/3018 2872/2587/2618
f 2872/2587/2618 2873/2986/3017 2874/2774/2805
f 2878/2775/2806 2879/2985/3016 2876/2693/2724
f 2876/2693/2724 2877/2972/3003 2878/2775/2806
f 2883/2777/2808 2882/3036/3067 2885/3035/3066
f 2885/3035/3066 2884/2778/2809 2883/2777/2808
f 2883/2777/2808 2880/2989/3020 2881/2602/2633
f 2881/2602/2633 2882/3036/3067 2883/2777/2808
f 2886/2601/2632 2885/3035/3066 2899/3038/3069
f 2899/3038/3069 2898/2598/2629 2886/2601/2632
f 2884/2778/2809 2885/3035/3066 2886/2601/2632
f 2886/2601/2632 2887/2976/3007 2884/2778/2809
f 2890/3150/3181 2889/2650/2681 2919/2654/2685
f 2919/2654/2685 2918/3147/3178 2890/3150/3181
f 2891/2780/2811 2890/3150/3181 2892/3149/3180
f 2892/3149/3180 2895/2781/2812 2891/2780/2811
f 2891/2780/2811 2888/3041/3072 2889/2650/2681
f 2889/2650/2681 2890/3150/3181 2891/2780/2811
f 2893/2673/2704 2892/3149/3180 2912/3148/3179
f 2912/3148/3179 2915/2674/2705 2893/2673/2704
f 2894/3028/3059 2893/2673/2704 3061/2675/2706
f 3061/2675/2706 3060/3029/3060 2894/3028/3059
f 2895/2781/2812 2894/3028/3059 2897/3027/3058
f 2897/3027/3058 2896/2782/2813 2895/2781/2812
f 2895/2781/2812 2892/3149/3180 2893/2673/2704
f 2893/2673/2704 2894/3028/3059 2895/2781/2812
f 2896/2782/2813 2897/3027/3058 2898/2598/2629
f 2898/2598/2629 2899/3038/3069 2896/2782/2813
f 2902/2784/2815 2901/2968/2999 2907/2967/2998
f 2907/2967/2998 2906/2785/2816 2902/2784/2815
f 2902/2784/2815 2903/3039/3070 2900/2604/2635
f 2900/2604/2635 2901/2968/2999 2902/2784/2815
f 2906/2785/2816 2907/2967/2998 2904/2581/2612
f 2904/2581/2612 2905/2966/2997 2906/2785/2816
f 2909/2646/2677 2908/3131/3162 3199/3134/3165
f 3199/3134/3165 3198/2647/2678 2909/2646/2677
f 2910/3146/3177 2909/2646/2677 3067/2649/2680
f 3067/2649/2680 3066/3143/3174 2910/3146/3177
f 2911/2787/2818 2910/3146/3177 2914/3145/3176
f 2914/3145/3176 2913/2788/2819 2911/2787/2818
f 2911/2787/2818 2908/3131/3162 2909/2646/2677
f 2909/2646/2677 2910/3146/3177 2911/2787/2818
f 2913/2788/2819 2912/3148/3179 2918/3147/3178
f 2918/3147/3178 2917/2789/2820 2913/2788/2819
f 2915/2674/2705 2914/3145/3176 3062/3144/3175
f 3062/3144/3175 3061/2675/2706 2915/2674/2705
f 2913/2788/2819 2914/3145/3176 2915/2674/2705
f 2915/2674/2705 2912/3148/3179 2913/2788/2819
f 2917/2789/2820 2916/3048/3079 2921/3047/3078
f 2921/3047/3078 2920/2790/2821 2917/2789/2820
f 2917/2789/2820 2918/3147/3178 2919/2654/2685
f 2919/2654/2685 2916/3048/3079 2917/2789/2820
f 2922/2608/2639 2921/3047/3078 3074/3050/3081
f 3074/3050/3081 3073/2606/2637 2922/2608/2639
f 2920/2790/2821 2921/3047/3078 2922/2608/2639
f 2922/2608/2639 2923/3046/3077 2920/2790/2821
f 2927/2792/2823 2926/3098/3129 2928/3097/3128
f 2928/3097/3128 2931/2793/2824 2927/2792/2823
f 2927/2792/2823 2924/2957/2988 2925/2627/2658
f 2925/2627/2658 2926/3098/3129 2927/2792/2823
f 2929/2633/2664 2928/3097/3128 3035/3096/3127
f 3035/3096/3127 3034/2634/2665 2929/2633/2664
f 2930/3052/3083 2929/2633/2664 3049/2632/2663
f 3049/2632/2663 3048/3053/3084 2930/3052/3083
f 2931/2793/2824 2930/3052/3083 2933/3051/3082
f 2933/3051/3082 2932/2794/2825 2931/2793/2824
f 2931/2793/2824 2928/3097/3128 2929/2633/2664
f 2929/2633/2664 2930/3052/3083 2931/2793/2824
f 2932/2794/2825 2933/3051/3082 2934/2610/2641
f 2934/2610/2641 2935/2960/2991 2932/2794/2825
f 2937/2682/2713 2936/3009/3040 2961/3008/3039
f 2961/3008/3039 2960/2683/2714 2937/2682/2713
f 2939/2796/2827 2938/3060/3091 2942/3059/3090
f 2942/3059/3090 2941/2797/2828 2939/2796/2827
f 2939/2796/2827 2936/3009/3040 2937/2682/2713
f 2937/2682/2713 2938/3060/3091 2939/2796/2827
f 2941/2797/2828 2940/3070/3101 2944/3069/3100
f 2944/3069/3100 2947/2798/2829 2941/2797/2828
f 2943/2612/2643 2942/3059/3090 3143/3062/3093
f 3143/3062/3093 3142/2613/2644 2943/2612/2643
f 2941/2797/2828 2942/3059/3090 2943/2612/2643
f 2943/2612/2643 2940/3070/3101 2941/2797/2828
f 2945/2629/2660 2944/3069/3100 3129/3068/3099
f 3129/3068/3099 3128/2630/2661 2945/2629/2660
f 2946/2996/3027 2945/2629/2660 2981/2631/2662
f 2981/2631/2662 2980/2997/3028 2946/2996/3027
f 2947/2798/2829 2946/2996/3027 2949/2995/3026
f 2949/2995/3026 2948/2799/2830 2947/2798/2829
f 2947/2798/2829 2944/3069/3100 2945/2629/2660
f 2945/2629/2660 2946/2996/3027 2947/2798/2829
f 2948/2799/2830 2949/2995/3026 2950/2589/2620
f 2950/2589/2620 2951/2994/3025 2948/2799/2830
f 2955/2801/2832 2954/3200/3231 2956/3199/3230
f 2956/3199/3230 2959/2802/2833 2955/2801/2832
f 2955/2801/2832 2952/3089/3120 2953/2689/2720
f 2953/2689/2720 2954/3200/3231 2955/2801/2832
f 2957/2686/2717 2956/3199/3230 3157/3202/3233
f 3157/3202/3233 3156/2687/2718 2957/2686/2717
f 2958/3196/3227 2957/2686/2717 3131/2685/2716
f 3131/2685/2716 3130/3197/3228 2958/3196/3227
f 2959/2802/2833 2958/3196/3227 2963/3195/3226
f 2963/3195/3226 2962/2803/2834 2959/2802/2833
f 2959/2802/2833 2956/3199/3230 2957/2686/2717
f 2957/2686/2717 2958/3196/3227 2959/2802/2833
f 2962/2803/2834 2961/3008/3039 2967/3007/3038
f 2967/3007/3038 2966/2804/2835 2962/2803/2834
f 2962/2803/2834 2963/3195/3226 2960/2683/2714
f 2960/2683/2714 2961/3008/3039 2962/2803/2834
f 2966/2804/2835 2967/3007/3038 2964/2592/2623
f 2964/2592/2623 2965/3006/3037 2966/2804/2835
f 2969/2615/2646 2968/3071/3102 3134/3074/3105
f 3134/3074/3105 3137/2616/2647 2969/2615/2646
f 2970/3082/3113 2969/2615/2646 3150/2617/2648
f 3150/2617/2648 3153/3079/3110 2970/3082/3113
f 2971/2806/2837 2970/3082/3113 2974/3081/3112
f 2974/3081/3112 2973/2807/2838 2971/2806/2837
f 2971/2806/2837 2968/3071/3102 2969/2615/2646
f 2969/2615/2646 2970/3082/3113 2971/2806/2837
f 2973/2807/2838 2972/3224/3255 2977/3223/3254
f 2977/3223/3254 2976/2808/2839 2973/2807/2838
f 2975/2721/2752 2974/3081/3112 3148/3080/3111
f 3148/3080/3111 3147/2722/2753 2975/2721/2752
f 2973/2807/2838 2974/3081/3112 2975/2721/2752
f 2975/2721/2752 2972/3224/3255 2973/2807/2838
f 2978/2719/2750 2977/3223/3254 3237/3226/3257
f 3237/3226/3257 3236/2720/2751 2978/2719/2750
f 2979/3084/3115 2978/2719/2750 3118/2718/2749
f 3118/2718/2749 3121/3085/3116 2979/3084/3115
f 2976/2808/2839 2977/3223/3254 2978/2719/2750
f 2978/2719/2750 2979/3084/3115 2976/2808/2839
f 2982/3102/3133 2981/2631/2662 3128/2630/2661
f 3128/2630/2661 3127/3099/3130 2982/3102/3133
f 2983/2810/2841 2982/3102/3133 2986/3101/3132
f 2986/3101/3132 2985/2811/2842 2983/2810/2841
f 2983/2810/2841 2980/2997/3028 2981/2631/2662
f 2981/2631/2662 2982/3102/3133 2983/2810/2841
f 2985/2811/2842 2984/3020/3051 2990/3019/3050
f 2990/3019/3050 2989/2812/2843 2985/2811/2842
f 2987/2681/2712 2986/3101/3132 3123/3100/3131
f 3123/3100/3131 3122/2679/2710 2987/2681/2712
f 2985/2811/2842 2986/3101/3132 2987/2681/2712
f 2987/2681/2712 2984/3020/3051 2985/2811/2842
f 2989/2812/2843 2988/3018/3049 2994/3017/3048
f 2994/3017/3048 2993/2813/2844 2989/2812/2843
f 2991/2596/2627 2990/3019/3050 3015/3022/3053
f 3015/3022/3053 3014/2597/2628 2991/2596/2627
f 2989/2812/2843 2990/3019/3050 2991/2596/2627
f 2991/2596/2627 2988/3018/3049 2989/2812/2843
f 2993/2813/2844 2992/2948/2979 2996/2947/2978
f 2996/2947/2978 2999/2814/2845 2993/2813/2844
f 2995/2636/2667 2994/3017/3048 3027/3016/3047
f 3027/3016/3047 3026/2637/2668 2995/2636/2667
f 2993/2813/2844 2994/3017/3048 2995/2636/2667
f 2995/2636/2667 2992/2948/2979 2993/2813/2844
f 2997/2575/2606 2996/2947/2978 3047/2950/2981
f 3047/2950/2981 3046/2576/2607 2997/2575/2606
f 2998/2946/2977 2997/2575/2606 3029/2574/2605
f 3029/2574/2605 3028/2943/2974 2998/2946/2977
f 2999/2814/2845 2998/2946/2977 3001/2945/2976
f 3001/2945/2976 3000/2815/2846 2999/2814/2845
f 2999/2814/2845 2996/2947/2978 2997/2575/2606
f 2997/2575/2606 2998/2946/2977 2999/2814/2845
f 3000/2815/2846 3001/2945/2976 3002/2625/2656
f 3002/2625/2656 3003/3000/3031 3000/2815/2846
f 3005/2717/2748 3004/3193/3224 3119/3192/3223
f 3119/3192/3223 3118/2718/2749 3005/2717/2748
f 3006/3208/3239 3005/2717/2748 3236/2720/2751
f 3236/2720/2751 3235/3209/3240 3006/3208/3239
f 3007/2817/2848 3006/3208/3239 3008/3207/3238
f 3008/3207/3238 3011/2818/2849 3007/2817/2848
f 3007/2817/2848 3004/3193/3224 3005/2717/2748
f 3005/2717/2748 3006/3208/3239 3007/2817/2848
f 3009/2698/2729 3008/3207/3238 3231/3210/3241
f 3231/3210/3241 3230/2699/2730 3009/2698/2729
f 3010/3024/3055 3009/2698/2729 3017/2697/2728
f 3017/2697/2728 3016/3025/3056 3010/3024/3055
f 3011/2818/2849 3010/3024/3055 3013/3023/3054
f 3013/3023/3054 3012/2819/2850 3011/2818/2849
f 3011/2818/2849 3008/3207/3238 3009/2698/2729
f 3009/2698/2729 3010/3024/3055 3011/2818/2849
f 3012/2819/2850 3013/3023/3054 3014/2597/2628
f 3014/2597/2628 3015/3022/3053 3012/2819/2850
f 3019/2821/2852 3018/3112/3143 3020/3111/3142
f 3020/3111/3142 3023/2822/2853 3019/2821/2852
f 3019/2821/2852 3016/3025/3056 3017/2697/2728
f 3017/2697/2728 3018/3112/3143 3019/2821/2852
f 3021/2639/2670 3020/3111/3142 3181/3114/3145
f 3181/3114/3145 3180/2640/2671 3021/2639/2670
f 3022/3108/3139 3021/2639/2670 3037/2642/2673
f 3037/2642/2673 3036/3109/3140 3022/3108/3139
f 3023/2822/2853 3022/3108/3139 3025/3107/3138
f 3025/3107/3138 3024/2823/2854 3023/2822/2853
f 3023/2822/2853 3020/3111/3142 3021/2639/2670
f 3021/2639/2670 3022/3108/3139 3023/2822/2853
f 3024/2823/2854 3025/3107/3138 3026/2637/2668
f 3026/2637/2668 3027/3016/3047 3024/2823/2854
f 3030/2954/2985 3029/2574/2605 3046/2576/2607
f 3046/2576/2607 3045/2951/2982 3030/2954/2985
f 3031/2825/2856 3030/2954/2985 3033/2953/2984
f 3033/2953/2984 3032/2826/2857 3031/2825/2856
f 3031/2825/2856 3028/2943/2974 3029/2574/2605
f 3029/2574/2605 3030/2954/2985 3031/2825/2856
f 3034/2634/2665 3033/2953/2984 3040/2952/2983
f 3040/2952/2983 3043/2635/2666 3034/2634/2665
f 3032/2826/2857 3033/2953/2984 3034/2634/2665
f 3034/2634/2665 3035/3096/3127 3032/2826/2857
f 3038/3104/3135 3037/2642/2673 3052/2641/2672
f 3052/2641/2672 3055/3105/3136 3038/3104/3135
f 3039/2828/2859 3038/3104/3135 3042/3103/3134
f 3042/3103/3134 3041/2829/2860 3039/2828/2859
f 3039/2828/2859 3036/3109/3140 3037/2642/2673
f 3037/2642/2673 3038/3104/3135 3039/2828/2859
f 3041/2829/2860 3040/2952/2983 3045/2951/2982
f 3045/2951/2982 3044/2830/2861 3041/2829/2860
f 3043/2635/2666 3042/3103/3134 3050/3106/3137
f 3050/3106/3137 3049/2632/2663 3043/2635/2666
f 3041/2829/2860 3042/3103/3134 3043/2635/2666
f 3043/2635/2666 3040/2952/2983 3041/2829/2860
f 3044/2830/2861 3045/2951/2982 3046/2576/2607
f 3046/2576/2607 3047/2950/2981 3044/2830/2861
f 3051/2832/2863 3050/3106/3137 3055/3105/3136
f 3055/3105/3136 3054/2833/2864 3051/2832/2863
f 3051/2832/2863 3048/3053/3084 3049/2632/2663
f 3049/2632/2663 3050/3106/3137 3051/2832/2863
f 3053/3118/3149 3052/2641/2672 3180/2640/2671
f 3180/2640/2671 3179/3115/3146 3053/3118/3149
f 3054/2833/2864 3053/3118/3149 3057/3117/3148
f 3057/3117/3148 3056/2834/2865 3054/2833/2864
f 3054/2833/2864 3055/3105/3136 3052/2641/2672
f 3052/2641/2672 3053/3118/3149 3054/2833/2864
f 3058/2667/2698 3057/3117/3148 3175/3116/3147
f 3175/3116/3147 3174/2668/2699 3058/2667/2698
f 3056/2834/2865 3057/3117/3148 3058/2667/2698
f 3058/2667/2698 3059/3056/3087 3056/2834/2865
f 3063/2836/2867 3062/3144/3175 3066/3143/3174
f 3066/3143/3174 3065/2837/2868 3063/2836/2867
f 3063/2836/2867 3060/3029/3060 3061/2675/2706
f 3061/2675/2706 3062/3144/3175 3063/2836/2867
f 3065/2837/2868 3064/3142/3173 3069/3141/3172
f 3069/3141/3172 3068/2838/2869 3065/2837/2868
f 3065/2837/2868 3066/3143/3174 3067/2649/2680
f 3067/2649/2680 3064/3142/3173 3065/2837/2868
f 3070/2691/2722 3069/3141/3172 3167/3140/3171
f 3167/3140/3171 3166/2692/2723 3070/2691/2722
f 3068/2838/2869 3069/3141/3172 3070/2691/2722
f 3070/2691/2722 3071/3032/3063 3068/2838/2869
f 3072/2929/2960 3073/2606/2637 3074/3050/3081
f 3076/2644/2675 3075/3123/3154 3103/3126/3157
f 3103/3126/3157 3106/2645/2676 3076/2644/2675
f 3077/3122/3153 3076/2644/2675 3222/2643/2674
f 3222/2643/2674 3225/3119/3150 3077/3122/3153
f 3078/2840/2871 3077/3122/3153 3079/3121/3152
f 3079/3121/3152 3082/2841/2872 3078/2840/2871
f 3078/2840/2871 3075/3123/3154 3076/2644/2675
f 3076/2644/2675 3077/3122/3153 3078/2840/2871
f 3080/2661/2692 3079/3121/3152 3219/3120/3151
f 3219/3120/3151 3218/2658/2689 3080/2661/2692
f 3081/3170/3201 3080/2661/2692 3088/2660/2691
f 3088/2660/2691 3087/3167/3198 3081/3170/3201
f 3082/2841/2872 3081/3170/3201 3084/3169/3200
f 3084/3169/3200 3083/2842/2873 3082/2841/2872
f 3082/2841/2872 3079/3121/3152 3080/2661/2692
f 3080/2661/2692 3081/3170/3201 3082/2841/2872
f 3083/2842/2873 3084/3169/3200 3085/2714/2745
f 3085/2714/2745 3086/3188/3219 3083/2842/2873
f 3090/2844/2875 3089/3166/3197 3093/3165/3196
f 3093/3165/3196 3092/2845/2876 3090/2844/2875
f 3090/2844/2875 3087/3167/3198 3088/2660/2691
f 3088/2660/2691 3089/3166/3197 3090/2844/2875
f 3092/2845/2876 3091/3172/3203 3098/3171/3202
f 3098/3171/3202 3097/2846/2877 3092/2845/2876
f 3094/2708/2739 3093/3165/3196 3207/3164/3195
f 3207/3164/3195 3206/2709/2740 3094/2708/2739
f 3092/2845/2876 3093/3165/3196 3094/2708/2739
f 3094/2708/2739 3091/3172/3203 3092/2845/2876
f 3097/2846/2877 3098/3171/3202 3095/2662/2693
f 3095/2662/2693 3096/3178/3209 3097/2846/2877
f 3100/2703/2734 3099/2901/2932 3184/2900/2931
f 3184/2900/2931 3183/2704/2735 3100/2703/2734
f 3101/3128/3159 3100/2703/2734 3226/2702/2733
f 3226/2702/2733 3229/3129/3160 3101/3128/3159
f 3102/2848/2879 3101/3128/3159 3105/3127/3158
f 3105/3127/3158 3104/2849/2880 3102/2848/2879
f 3102/2848/2879 3099/2901/2932 3100/2703/2734
f 3100/2703/2734 3101/3128/3159 3102/2848/2879
f 3104/2849/2880 3103/3126/3157 3110/3125/3156
f 3110/3125/3156 3109/2850/2881 3104/2849/2880
f 3106/2645/2676 3105/3127/3158 3223/3130/3161
f 3223/3130/3161 3222/2643/2674 3106/2645/2676
f 3104/2849/2880 3105/3127/3158 3106/2645/2676
f 3106/2645/2676 3103/3126/3157 3104/2849/2880
f 3109/2850/2881 3110/3125/3156 3107/2678/2709
f 3107/2678/2709 3108/3184/3215 3109/2850/2881
f 3111/2671/2702 3112/2940/2971 3113/2546/2577
f 3115/2852/2883 3114/3086/3117 3121/3085/3116
f 3121/3085/3116 3120/2853/2884 3115/2852/2883
f 3117/2619/2650 3116/3065/3096 3139/3064/3095
f 3139/3064/3095 3138/2620/2651 3117/2619/2650
f 3115/2852/2883 3116/3065/3096 3117/2619/2650
f 3117/2619/2650 3114/3086/3117 3115/2852/2883
f 3120/2853/2884 3119/3192/3223 3125/3191/3222
f 3125/3191/3222 3124/2854/2885 3120/2853/2884
f 3120/2853/2884 3121/3085/3116 3118/2718/2749
f 3118/2718/2749 3119/3192/3223 3120/2853/2884
f 3124/2854/2885 3123/3100/3131 3127/3099/3130
f 3127/3099/3130 3126/2855/2886 3124/2854/2885
f 3124/2854/2885 3125/3191/3222 3122/2679/2710
f 3122/2679/2710 3123/3100/3131 3124/2854/2885
f 3126/2855/2886 3127/3099/3130 3128/2630/2661
f 3128/2630/2661 3129/3068/3099 3126/2855/2886
f 3132/3076/3107 3131/2685/2716 3156/2687/2718
f 3156/2687/2718 3155/3077/3108 3132/3076/3107
f 3133/2857/2888 3132/3076/3107 3136/3075/3106
f 3136/3075/3106 3135/2858/2889 3133/2857/2888
f 3133/2857/2888 3130/3197/3228 3131/2685/2716
f 3131/2685/2716 3132/3076/3107 3133/2857/2888
f 3135/2858/2889 3134/3074/3105 3141/3073/3104
f 3141/3073/3104 3140/2859/2890 3135/2858/2889
f 3137/2616/2647 3136/3075/3106 3151/3078/3109
f 3151/3078/3109 3150/2617/2648 3137/2616/2647
f 3135/2858/2889 3136/3075/3106 3137/2616/2647
f 3137/2616/2647 3134/3074/3105 3135/2858/2889
f 3140/2859/2890 3139/3064/3095 3145/3063/3094
f 3145/3063/3094 3144/2860/2891 3140/2859/2890
f 3140/2859/2890 3141/3073/3104 3138/2620/2651
f 3138/2620/2651 3139/3064/3095 3140/2859/2890
f 3144/2860/2891 3145/3063/3094 3142/2613/2644
f 3142/2613/2644 3143/3062/3093 3144/2860/2891
f 3147/2722/2753 3146/3205/3236 3163/3204/3235
f 3163/3204/3235 3162/2723/2754 3147/2722/2753
f 3149/2862/2893 3148/3080/3111 3153/3079/3110
f 3153/3079/3110 3152/2863/2894 3149/2862/2893
f 3149/2862/2893 3146/3205/3236 3147/2722/2753
f 3147/2722/2753 3148/3080/3111 3149/2862/2893
f 3152/2863/2894 3151/3078/3109 3155/3077/3108
f 3155/3077/3108 3154/2864/2895 3152/2863/2894
f 3152/2863/2894 3153/3079/3110 3150/2617/2648
f 3150/2617/2648 3151/3078/3109 3152/2863/2894
f 3154/2864/2895 3155/3077/3108 3156/2687/2718
f 3156/2687/2718 3157/3202/3233 3154/2864/2895
f 3159/2726/2757 3158/3137/3168 3194/3136/3167
f 3194/3136/3167 3197/2727/2758 3159/2726/2757
f 3160/3228/3259 3159/2726/2757 3211/2725/2756
f 3211/2725/2756 3210/3229/3260 3160/3228/3259
f 3161/2866/2897 3160/3228/3259 3165/3227/3258
f 3165/3227/3258 3164/2867/2898 3161/2866/2897
f 3161/2866/2897 3158/3137/3168 3159/2726/2757
f 3159/2726/2757 3160/3228/3259 3161/2866/2897
f 3164/2867/2898 3163/3204/3235 3169/3203/3234
f 3169/3203/3234 3168/2868/2899 3164/2867/2898
f 3164/2867/2898 3165/3227/3258 3162/2723/2754
f 3162/2723/2754 3163/3204/3235 3164/2867/2898
f 3168/2868/2899 3169/3203/3234 3166/2692/2723
f 3166/2692/2723 3167/3140/3171 3168/2868/2899
f 3171/2701/2732 3170/3213/3244 3227/3212/3243
f 3227/3212/3243 3226/2702/2733 3171/2701/2732
f 3172/3180/3211 3171/2701/2732 3183/2704/2735
f 3183/2704/2735 3182/3181/3212 3172/3180/3211
f 3173/2870/2901 3172/3180/3211 3177/3179/3210
f 3177/3179/3210 3176/2871/2902 3173/2870/2901
f 3173/2870/2901 3170/3213/3244 3171/2701/2732
f 3171/2701/2732 3172/3180/3211 3173/2870/2901
f 3176/2871/2902 3175/3116/3147 3179/3115/3146
f 3179/3115/3146 3178/2872/2903 3176/2871/2902
f 3176/2871/2902 3177/3179/3210 3174/2668/2699
f 3174/2668/2699 3175/3116/3147 3176/2871/2902
f 3178/2872/2903 3179/3115/3146 3180/2640/2671
f 3180/2640/2671 3181/3114/3145 3178/2872/2903
f 3185/2874/2905 3184/2900/2931 3189/2899/2930
f 3189/2899/2930 3188/2875/2906 3185/2874/2905
f 3185/2874/2905 3182/3181/3212 3183/2704/2735
f 3183/2704/2735 3184/2900/2931 3185/2874/2905
f 3188/2875/2906 3189/2899/2930 3186/2550/2581
f 3186/2550/2581 3187/2898/2929 3188/2875/2906
f 3191/2712/2743 3190/3217/3248 3204/3216/3247
f 3204/3216/3247 3203/2713/2744 3191/2712/2743
f 3192/3222/3253 3191/2712/2743 3214/2711/2742
f 3214/2711/2742 3217/3219/3250 3192/3222/3253
f 3193/2877/2908 3192/3222/3253 3196/3221/3252
f 3196/3221/3252 3195/2878/2909 3193/2877/2908
f 3193/2877/2908 3190/3217/3248 3191/2712/2743
f 3191/2712/2743 3192/3222/3253 3193/2877/2908
f 3195/2878/2909 3194/3136/3167 3201/3135/3166
f 3201/3135/3166 3200/2879/2910 3195/2878/2909
f 3197/2727/2758 3196/3221/3252 3212/3220/3251
f 3212/3220/3251 3211/2725/2756 3197/2727/2758
f 3195/2878/2909 3196/3221/3252 3197/2727/2758
f 3197/2727/2758 3194/3136/3167 3195/2878/2909
f 3200/2879/2910 3201/3135/3166 3198/2647/2678
f 3198/2647/2678 3199/3134/3165 3200/2879/2910
f 3203/2713/2744 3202/3161/3192 3215/3160/3191
f 3215/3160/3191 3214/2711/2742 3203/2713/2744
f 3205/2881/2912 3204/3216/3247 3209/3215/3246
f 3209/3215/3246 3208/2882/2913 3205/2881/2912
f 3205/2881/2912 3202/3161/3192 3203/2713/2744
f 3203/2713/2744 3204/3216/3247 3205/2881/2912
f 3208/2882/2913 3209/3215/3246 3206/2709/2740
f 3206/2709/2740 3207/3164/3195 3208/2882/2913
f 3213/2884/2915 3212/3220/3251 3217/3219/3250
f 3217/3219/3250 3216/2885/2916 3213/2884/2915
f 3213/2884/2915 3210/3229/3260 3211/2725/2756
f 3211/2725/2756 3212/3220/3251 3213/2884/2915
f 3216/2885/2916 3215/3160/3191 3221/3159/3190
f 3221/3159/3190 3220/2886/2917 3216/2885/2916
f 3216/2885/2916 3217/3219/3250 3214/2711/2742
f 3214/2711/2742 3215/3160/3191 3216/2885/2916
f 3220/2886/2917 3219/3120/3151 3225/3119/3150
f 3225/3119/3150 3224/2887/2918 3220/2886/2917
f 3220/2886/2917 3221/3159/3190 3218/2658/2689
f 3218/2658/2689 3219/3120/3151 3220/2886/2917
f 3224/2887/2918 3223/3130/3161 3229/3129/3160
f 3229/3129/3160 3228/2888/2919 3224/2887/2918
f 3224/2887/2918 3225/3119/3150 3222/2643/2674
f 3222/2643/2674 3223/3130/3161 3224/2887/2918
f 3228/2888/2919 3227/3212/3243 3233/3211/3242
f 3233/3211/3242 3232/2889/2920 3228/2888/2919
f 3228/2888/2919 3229/3129/3160 3226/2702/2733
f 3226/2702/2733 3227/3212/3243 3228/2888/2919
f 3232/2889/2920 3231/3210/3241 3235/3209/3240
f 3235/3209/3240 3234/2890/2921 3232/2889/2920
f 3232/2889/2920 3233/3211/3242 3230/2699/2730
f 3230/2699/2730 3231/3210/3241 3232/2889/2920
f 3234/2890/2921 3235/3209/3240 3236/2720/2751
f 3236/2720/2751 3237/3226/3257 3234/2890/2921
f 3241/3231/3262 3285/3232/3263 3246/3233/3264
f 3303/3234/3265 3295/3235/3266 3315/3236/3267
f 3263/3237/3268 3300/3238/3269 3250/3239/3270
f 3287/3240/3271 3279/3241/3272 3332/3242/3273
f 3271/3243/3274 3306/3244/3275 3254/3245/3276
f 3291/3246/3277 3327/3247/3278 3318/3248/3279
f 3242/3249/3280 3268/3250/3281 3310/3251/3282
f 3277/3252/3283 3324/3253/3284 3258/3254/3285
f 3239/3255/3286 3265/3256/3287 3266/3257/3288
f 3244/3258/3289 3273/3259/3290 3275/3260/3291
f 3244/3258/3289 3275/3260/3291 3281/3261/3292
f 3244/3258/3289 3281/3261/3292 3283/3262/3293
f 3248/3263/3294 3289/3264/3295 3293/3265/3296
f 3248/3263/3294 3293/3265/3296 3297/3266/3297
f 3248/3263/3294 3297/3266/3297 3298/3267/3298
f 3252/3268/3299 3305/3269/3300 3308/3270/3301
f 3308/3270/3301 3312/3271/3302 3252/3268/3299
f 3256/3272/3303 3317/3273/3304 3320/3274/3305
f 3320/3274/3305 3322/3275/3306 3256/3272/3303
f 3260/3276/3307 3329/3277/3308 3330/3278/3309
f 3240/3279/3310 3269/3280/3311 3245/3281/3312
f 3245/3281/3312 3282/3282/3313 3240/3279/3310
f 3284/3283/3314 3280/3284/3315 3286/3285/3316
f 3286/3285/3316 3247/3286/3317 3284/3283/3314
f 3249/3287/3318 3301/3288/3319 3262/3289/3320
f 3262/3289/3320 3238/3290/3321 3249/3287/3318
f 3302/3291/3322 3251/3292/3323 3299/3293/3324
f 3299/3293/3324 3296/3294/3325 3302/3291/3322
f 3290/3295/3326 3288/3296/3327 3331/3297/3328
f 3331/3297/3328 3328/3298/3329 3290/3295/3326
f 3326/3299/3330 3259/3300/3331 3323/3301/3332
f 3323/3301/3332 3319/3302/3333 3326/3299/3330
f 3314/3303/3334 3255/3304/3335 3309/3305/3336
f 3309/3305/3336 3304/3306/3337 3314/3303/3334
f 3253/3307/3338 3311/3308/3339 3267/3309/3340
f 3267/3309/3340 3264/3310/3341 3253/3307/3338
f 3276/3311/3342 3272/3312/3343 3257/3313/3344
f 3257/3313/3344 3325/3314/3345 3276/3311/3342
f 3294/3315/3346 3292/3316/3347 3321/3317/3348
f 3321/3317/3348 3316/3318/3349 3294/3315/3346
f 3270/3319/3350 3243/3320/3351 3313/3321/3352
f 3313/3321/3352 3307/3322/3353 3270/3319/3350
f 3278/3323/3354 3274/3324/3355 3261/3325/3356
f 3261/3325/3356 3333/3326/3357 3278/3323/3354
f 3238/3290/3321 3241/3231/3262 3246/3233/3264
f 3246/3233/3264 3249/3287/3318 3238/3290/3321
f 3239/3255/3286 3238/3290/3321 3262/3289/3320
f 3262/3289/3320 3265/3256/3287 3239/3255/3286
f 3240/3279/3310 3239/3255/3286 3266/3257/3288
f 3266/3257/3288 3269/3280/3311 3240/3279/3310
f 3241/3231/3262 3240/3279/3310 3282/3282/3313
f 3282/3282/3313 3285/3232/3263 3241/3231/3262
f 3239/3255/3286 3240/3279/3310 3241/3231/3262
f 3241/3231/3262 3238/3290/3321 3239/3255/3286
f 3242/3249/3280 3245/3281/3312 3269/3280/3311
f 3269/3280/3311 3268/3250/3281 3242/3249/3280
f 3243/3320/3351 3242/3249/3280 3310/3251/3282
f 3310/3251/3282 3313/3321/3352 3243/3320/3351
f 3244/3258/3289 3243/3320/3351 3270/3319/3350
f 3270/3319/3350 3273/3259/3290 3244/3258/3289
f 3245/3281/3312 3244/3258/3289 3283/3262/3293
f 3283/3262/3293 3282/3282/3313 3245/3281/3312
f 3244/3258/3289 3245/3281/3312 3242/3249/3280
f 3242/3249/3280 3243/3320/3351 3244/3258/3289
f 3247/3286/3317 3246/3233/3264 3285/3232/3263
f 3285/3232/3263 3284/3283/3314 3247/3286/3317
f 3248/3263/3294 3247/3286/3317 3286/3285/3316
f 3286/3285/3316 3289/3264/3295 3248/3263/3294
f 3249/3287/3318 3248/3263/3294 3298/3267/3298
f 3298/3267/3298 3301/3288/3319 3249/3287/3318
f 3248/3263/3294 3249/3287/3318 3246/3233/3264
f 3246/3233/3264 3247/3286/3317 3248/3263/3294
f 3250/3239/3270 3253/3307/3338 3264/3310/3341
f 3264/3310/3341 3263/3237/3268 3250/3239/3270
f 3251/3292/3323 3250/3239/3270 3300/3238/3269
f 3300/3238/3269 3299/3293/3324 3251/3292/3323
f 3252/3268/3299 3251/3292/3323 3302/3291/3322
f 3302/3291/3322 3305/3269/3300 3252/3268/3299
f 3253/3307/3338 3252/3268/3299 3312/3271/3302
f 3312/3271/3302 3311/3308/3339 3253/3307/3338
f 3252/3268/3299 3253/3307/3338 3250/3239/3270
f 3250/3239/3270 3251/3292/3323 3252/3268/3299
f 3254/3245/3276 3257/3313/3344 3272/3312/3343
f 3272/3312/3343 3271/3243/3274 3254/3245/3276
f 3255/3304/3335 3254/3245/3276 3306/3244/3275
f 3306/3244/3275 3309/3305/3336 3255/3304/3335
f 3256/3272/3303 3255/3304/3335 3314/3303/3334
f 3314/3303/3334 3317/3273/3304 3256/3272/3303
f 3257/3313/3344 3256/3272/3303 3322/3275/3306
f 3322/3275/3306 3325/3314/3345 3257/3313/3344
f 3256/3272/3303 3257/3313/3344 3254/3245/3276
f 3254/3245/3276 3255/3304/3335 3256/3272/3303
f 3258/3254/3285 3261/3325/3356 3274/3324/3355
f 3274/3324/3355 3277/3252/3283 3258/3254/3285
f 3259/3300/3331 3258/3254/3285 3324/3253/3284
f 3324/3253/3284 3323/3301/3332 3259/3300/3331
f 3260/3276/3307 3259/3300/3331 3326/3299/3330
f 3326/3299/3330 3329/3277/3308 3260/3276/3307
f 3261/3325/3356 3260/3276/3307 3330/3278/3309
f 3330/3278/3309 3333/3326/3357 3261/3325/3356
f 3260/3276/3307 3261/3325/3356 3258/3254/3285
f 3258/3254/3285 3259/3300/3331 3260/3276/3307
f 3263/3237/3268 3262/3289/3320 3301/3288/3319
f 3301/3288/3319 3300/3238/3269 3263/3237/3268
f 3265/3256/3287 3264/3310/3341 3267/3309/3340
f 3267/3309/3340 3266/3257/3288 3265/3256/3287
f 3265/3256/3287 3262/3289/3320 3263/3237/3268
f 3263/3237/3268 3264/3310/3341 3265/3256/3287
f 3268/3250/3281 3267/3309/3340 3311/3308/3339
f 3311/3308/3339 3310/3251/3282 3268/3250/3281
f 3266/3257/3288 3267/3309/3340 3268/3250/3281
f 3268/3250/3281 3269/3280/3311 3266/3257/3288
f 3271/3243/3274 3270/3319/3350 3307/3322/3353
f 3307/3322/3353 3306/3244/3275 3271/3243/3274
f 3273/3259/3290 3272/3312/3343 3276/3311/3342
f 3276/3311/3342 3275/3260/3291 3273/3259/3290
f 3273/3259/3290 3270/3319/3350 3271/3243/3274
f 3271/3243/3274 3272/3312/3343 3273/3259/3290
f 3275/3260/3291 3274/3324/3355 3278/3323/3354
f 3278/3323/3354 3281/3261/3292 3275/3260/3291
f 3277/3252/3283 3276/3311/3342 3325/3314/3345
f 3325/3314/3345 3324/3253/3284 3277/3252/3283
f 3275/3260/3291 3276/3311/3342 3277/3252/3283
f 3277/3252/3283 3274/3324/3355 3275/3260/3291
f 3279/3241/3272 3278/3323/3354 3333/3326/3357
f 3333/3326/3357 3332/3242/3273 3279/3241/3272
f 3280/3284/3315 3279/3241/3272 3287/3240/3271
f 3287/3240/3271 3286/3285/3316 3280/3284/3315
f 3281/3261/3292 3280/3284/3315 3284/3283/3314
f 3284/3283/3314 3283/3262/3293 3281/3261/3292
f 3281/3261/3292 3278/3323/3354 3279/3241/3272
f 3279/3241/3272 3280/3284/3315 3281/3261/3292
f 3283/3262/3293 3284/3283/3314 3285/3232/3263
f 3285/3232/3263 3282/3282/3313 3283/3262/3293
f 3288/3296/3327 3287/3240/3271 3332/3242/3273
f 3332/3242/3273 3331/3297/3328 3288/3296/3327
f 3289/3264/3295 3288/3296/3327 3290/3295/3326
f 3290/3295/3326 3293/3265/3296 3289/3264/3295
f 3289/3264/3295 3286/3285/3316 3287/3240/3271
f 3287/3240/3271 3288/3296/3327 3289/3264/3295
f 3291/3246/3277 3290/3295/3326 3328/3298/3329
f 3328/3298/3329 3327/3247/3278 3291/3246/3277
f 3292/3316/3347 3291/3246/3277 3318/3248/3279
f 3318/3248/3279 3321/3317/3348 3292/3316/3347
f 3293/3265/3296 3292/3316/3347 3294/3315/3346
f 3294/3315/3346 3297/3266/3297 3293/3265/3296
f 3293/3265/3296 3290/3295/3326 3291/3246/3277
f 3291/3246/3277 3292/3316/3347 3293/3265/3296
f 3295/3235/3266 3294/3315/3346 3316/3318/3349
f 3316/3318/3349 3315/3236/3267 3295/3235/3266
f 3296/3294/3325 3295/3235/3266 3303/3234/3265
f 3303/3234/3265 3302/3291/3322 3296/3294/3325
f 3297/3266/3297 3296/3294/3325 3299/3293/3324
f 3299/3293/3324 3298/3267/3298 3297/3266/3297
f 3297/3266/3297 3294/3315/3346 3295/3235/3266
f 3295/3235/3266 3296/3294/3325 3297/3266/3297
f 3298/3267/3298 3299/3293/3324 3300/3238/3269
f 3300/3238/3269 3301/3288/3319 3298/3267/3298
f 3304/3306/3337 3303/3234/3265 3315/3236/3267
f 3315/3236/3267 3314/3303/3334 3304/3306/3337
f 3305/3269/3300 3304/3306/3337 3309/3305/3336
f 3309/3305/3336 3308/3270/3301 3305/3269/3300
f 3305/3269/3300 3302/3291/3322 3303/3234/3265
f 3303/3234/3265 3304/3306/3337 3305/3269/3300
f 3308/3270/3301 3307/3322/3353 3313/3321/3352
f 3313/3321/3352 3312/3271/3302 3308/3270/3301
f 3308/3270/3301 3309/3305/3336 3306/3244/3275
f 3306/3244/3275 3307/3322/3353 3308/3270/3301
f 3312/3271/3302 3313/3321/3352 3310/3251/3282
f 3310/3251/3282 3311/3308/3339 3312/3271/3302
f 3317/3273/3304 3316/3318/3349 3321/3317/3348
f 3321/3317/3348 3320/3274/3305 3317/3273/3304
f 3317/3273/3304 3314/3303/3334 3315/3236/3267
f 3315/3236/3267 3316/3318/3349 3317/3273/3304
f 3319/3302/3333 3318/3248/3279 3327/3247/3278
f 3327/3247/3278 3326/3299/3330 3319/3302/3333
f 3320/3274/3305 3319/3302/3333 3323/3301/3332
f 3323/3301/3332 3322/3275/3306 3320/3274/3305
f 3320/3274/3305 3321/3317/3348 3318/3248/3279
f 3318/3248/3279 3319/3302/3333 3320/3274/3305
f 3322/3275/3306 3323/3301/3332 3324/3253/3284
f 3324/3253/3284 3325/3314/3345 3322/3275/3306
f 3329/3277/3308 3328/3298/3329 3331/3297/3328
f 3331/3297/3328 3330/3278/3309 3329/3277/3308
f 3329/3277/3308 3326/3299/3330 3327/3247/3278
f 3327/3247/3278 3328/3298/3329 3329/3277/3308
f 3330/3278/3309 3331/3297/3328 3332/3242/3273
f 3332/3242/3273 3333/3326/3357 3330/3278/3309
f 3469/3327/3358 3895/3328/3359 3474/3329/3360
f 3469/3327/3358 3474/3329/3360 3513/3330/3361
f 3513/3330/3361 3550/3331/3362 3968/3332/3363
f 3469/3327/3358 3513/3330/3361 3968/3332/3363
f 3523/3333/3364 3576/3334/3365 3349/3335/3366
f 3349/3335/3366 3336/3336/3367 3523/3333/3364
f 3530/3337/3368 3581/3338/3369 3361/3339/3370
f 3361/3339/3370 3517/3340/3371 3530/3337/3368
f 3538/3341/3372 3591/3342/3373 3456/3343/3374
f 3538/3341/3372 3456/3343/3374 3365/3344/3375
f 3538/3341/3372 3365/3344/3375 3525/3345/3376
f 3533/3346/3377 3639/3347/3378 3641/3348/3379
f 3641/3348/3379 3370/3349/3380 3533/3346/3377
f 3384/3350/3381 3345/3351/3382 3341/3352/3383
f 3384/3350/3381 3341/3352/3383 3340/3353/3384
f 3340/3353/3384 3514/3354/3385 3473/3355/3386
f 3384/3350/3381 3340/3353/3384 3473/3355/3386
f 3811/3356/3387 3779/3357/3388 3828/3358/3389
f 3580/3359/3390 3412/3360/3391 3350/3361/3392
f 3584/3362/3393 3686/3363/3394 3392/3364/3395
f 3392/3364/3395 3362/3365/3396 3584/3362/3393
f 3396/3366/3397 3383/3367/3398 3606/3368/3399
f 3606/3368/3399 3654/3369/3400 3396/3366/3397
f 3600/3370/3401 3732/3371/3402 3428/3372/3403
f 3615/3373/3404 3746/3374/3405 3416/3375/3406
f 3416/3375/3406 3594/3376/3407 3615/3373/3404
f 3436/3377/3408 3773/3378/3409 3796/3379/3410
f 3680/3380/3411 3452/3381/3412 3618/3382/3413
f 3618/3382/3413 3668/3383/3414 3680/3380/3411
f 3663/3384/3415 3651/3385/3416 3682/3386/3417
f 3682/3386/3417 3400/3387/3418 3663/3384/3415
f 3855/3388/3419 3586/3389/3420 3704/3390/3421
f 3541/3391/3422 3716/3392/3423 3448/3393/3424
f 3725/3394/3425 3924/3395/3426 3476/3396/3427
f 3751/3397/3428 3919/3398/3429 3932/3399/3430
f 3426/3400/3431 3899/3401/3432 3920/3402/3433
f 3420/3403/3434 3612/3404/3435 3627/3405/3436
f 3603/3406/3437 3784/3407/3438 3440/3408/3439
f 3603/3406/3437 3440/3408/3439 3707/3409/3440
f 3603/3406/3437 3707/3409/3440 3573/3410/3441
f 3727/3411/3442 3910/3412/3443 3763/3413/3444
f 3831/3414/3445 3711/3415/3446 3816/3416/3447
f 3816/3416/3447 3825/3417/3448 3831/3414/3445
f 3777/3418/3449 3808/3419/3450 3444/3420/3451
f 3803/3421/3452 3962/3422/3453 3834/3423/3454
f 3834/3423/3454 3819/3424/3455 3803/3421/3452
f 4004/3425/3456 3858/3426/3457 3888/3427/3458
f 3691/3428/3459 3980/3429/3460 3488/3430/3461
f 3488/3430/3461 3849/3431/3462 3691/3428/3459
f 3671/3432/3463 3404/3433/3464 3366/3434/3465
f 3671/3432/3463 3366/3434/3465 3459/3435/3466
f 3671/3432/3463 3459/3435/3466 3701/3436/3467
f 3566/3437/3468 3648/3438/3469 3633/3439/3470
f 4000/3440/3471 3504/3441/3472 3870/3442/3473
f 3870/3442/3473 3862/3443/3474 4000/3440/3471
f 3877/3444/3475 3388/3445/3476 3563/3446/3477
f 3496/3447/3478 3547/3448/3479 3840/3449/3480
f 3840/3449/3480 3956/3450/3481 3496/3447/3478
f 3357/3451/3482 3632/3452/3483 3893/3453/3484
f 3893/3453/3484 3468/3454/3485 3357/3451/3482
f 3675/3455/3486 3697/3456/3487 3843/3457/3488
f 3460/3458/3489 3553/3459/3490 3889/3460/3491
f 3904/3461/3492 3432/3462/3493 3769/3463/3494
f 3719/3464/3495 3742/3465/3496 3480/3466/3497
f 3913/3467/3498 3739/3468/3499 3938/3469/3500
f 3484/3470/3501 3735/3471/3502 3622/3472/3503
f 3484/3470/3501 3622/3472/3503 3852/3473/3504
f 3484/3470/3501 3852/3473/3504 3948/3474/3505
f 3658/3475/3506 3376/3476/3507 3375/3477/3508
f 3375/3477/3508 3569/3478/3509 3658/3475/3506
f 3799/3479/3510 3791/3480/3511 4012/3481/3512
f 4012/3481/3512 3492/3482/3513 3799/3479/3510
f 3953/3483/3514 4008/3484/3515 3882/3485/3516
f 3882/3485/3516 3965/3486/3517 3953/3483/3514
f 3408/3487/3518 3371/3488/3519 3645/3489/3520
f 3408/3487/3518 3645/3489/3520 3876/3490/3521
f 3408/3487/3518 3876/3490/3521 3988/3491/3522
f 3408/3487/3518 3988/3491/3522 3500/3492/3523
f 3996/3493/3524 3973/3494/3525 3985/3495/3526
f 3867/3496/3527 3464/3497/3528 3559/3498/3529
f 3787/3499/3530 3900/3500/3531 3760/3501/3532
f 3760/3501/3532 4018/3502/3533 3787/3499/3530
f 3757/3503/3534 3929/3504/3535 3944/3505/3536
f 3944/3505/3536 3508/3506/3537 3757/3503/3534
f 3993/3507/3538 3941/3508/3539 3979/3509/3540
f 3338/3510/3541 3519/3511/3542 3521/3512/3543
f 3343/3513/3544 3527/3514/3545 3528/3515/3546
f 3347/3516/3547 3535/3517/3548 3536/3518/3549
f 3352/3519/3550 3543/3520/3551 3545/3521/3552
f 3545/3521/3552 3548/3522/3553 3352/3519/3550
f 3355/3523/3554 3555/3524/3555 3557/3525/3556
f 3355/3523/3554 3557/3525/3556 3561/3526/3557
f 3355/3523/3554 3561/3526/3557 3564/3527/3558
f 3359/3528/3559 3571/3529/3560 3575/3530/3561
f 3575/3530/3561 3578/3531/3562 3359/3528/3559
f 3368/3532/3563 3588/3533/3564 3589/3534/3565
f 3373/3535/3566 3596/3536/3567 3598/3537/3568
f 3598/3537/3568 3601/3538/3569 3373/3535/3566
f 3378/3539/3570 3608/3540/3571 3610/3541/3572
f 3610/3541/3572 3613/3542/3573 3378/3539/3570
f 3381/3543/3574 3620/3544/3575 3624/3545/3576
f 3624/3545/3576 3625/3546/3577 3381/3543/3574
f 3386/3547/3578 3630/3548/3579 3635/3549/3580
f 3635/3549/3580 3637/3550/3581 3386/3547/3578
f 3390/3551/3582 3643/3552/3583 3646/3553/3584
f 3394/3554/3585 3653/3555/3586 3656/3556/3587
f 3656/3556/3587 3660/3557/3588 3394/3554/3585
f 3398/3558/3589 3665/3559/3590 3666/3560/3591
f 3402/3561/3592 3673/3562/3593 3677/3563/3594
f 3677/3563/3594 3678/3564/3595 3402/3561/3592
f 3406/3565/3596 3684/3566/3597 3688/3567/3598
f 3410/3568/3599 3693/3569/3600 3695/3570/3601
f 3410/3568/3599 3695/3570/3601 3699/3571/3602
f 3410/3568/3599 3699/3571/3602 3702/3572/3603
f 3414/3573/3604 3709/3574/3605 3713/3575/3606
f 3713/3575/3606 3714/3576/3607 3414/3573/3604
f 3418/3577/3608 3721/3578/3609 3723/3579/3610
f 3418/3577/3608 3723/3579/3610 3729/3580/3611
f 3418/3577/3608 3729/3580/3611 3730/3581/3612
f 3422/3582/3613 3737/3583/3614 3741/3584/3615
f 3422/3582/3613 3741/3584/3615 3744/3585/3616
f 3422/3582/3613 3744/3585/3616 3748/3586/3617
f 3424/3587/3618 3753/3588/3619 3755/3589/3620
f 3755/3589/3620 3758/3590/3621 3424/3587/3618
f 3430/3591/3622 3765/3592/3623 3767/3593/3624
f 3430/3591/3622 3767/3593/3624 3771/3594/3625
f 3430/3591/3622 3771/3594/3625 3775/3595/3626
f 3430/3591/3622 3775/3595/3626 3781/3596/3627
f 3430/3591/3622 3781/3596/3627 3782/3597/3628
f 3434/3598/3629 3789/3599/3630 3793/3600/3631
f 3793/3600/3631 3794/3601/3632 3434/3598/3629
f 3438/3602/3633 3801/3603/3634 3805/3604/3635
f 3805/3604/3635 3806/3605/3636 3438/3602/3633
f 3442/3606/3637 3813/3607/3638 3814/3608/3639
f 3446/3609/3640 3821/3610/3641 3823/3611/3642
f 3823/3611/3642 3826/3612/3643 3446/3609/3640
f 3450/3613/3644 3833/3614/3645 3836/3615/3646
f 3836/3615/3646 3838/3616/3647 3450/3613/3644
f 3454/3617/3648 3845/3618/3649 3847/3619/3650
f 3847/3619/3650 3850/3620/3651 3454/3617/3648
f 3462/3621/3652 3860/3622/3653 3864/3623/3654
f 3864/3623/3654 3865/3624/3655 3462/3621/3652
f 3466/3625/3656 3872/3626/3657 3874/3627/3658
f 3874/3627/3658 3879/3628/3659 3466/3625/3656
f 3471/3629/3660 3884/3630/3661 3886/3631/3662
f 3886/3631/3662 3891/3632/3663 3471/3629/3660
f 3478/3633/3664 3897/3634/3665 3902/3635/3666
f 3478/3633/3664 3902/3635/3666 3906/3636/3667
f 3478/3633/3664 3906/3636/3667 3908/3637/3668
f 3482/3638/3669 3915/3639/3670 3917/3640/3671
f 3482/3638/3669 3917/3640/3671 3922/3641/3672
f 3482/3638/3669 3922/3641/3672 3926/3642/3673
f 3486/3643/3674 3931/3644/3675 3934/3645/3676
f 3934/3645/3676 3936/3646/3677 3486/3643/3674
f 3490/3647/3678 3943/3648/3679 3946/3649/3680
f 3946/3649/3680 3950/3650/3681 3490/3647/3678
f 3494/3651/3682 3955/3652/3683 3958/3653/3684
f 3958/3653/3684 3960/3654/3685 3494/3651/3682
f 3498/3655/3686 3967/3656/3687 3970/3657/3688
f 3502/3658/3689 3975/3659/3690 3977/3660/3691
f 3977/3660/3691 3982/3661/3692 3502/3658/3689
f 3506/3662/3693 3987/3663/3694 3990/3664/3695
f 3510/3665/3696 3995/3666/3697 3998/3667/3698
f 3510/3665/3696 3998/3667/3698 4002/3668/3699
f 3510/3665/3696 4002/3668/3699 4006/3669/3700
f 3510/3665/3696 4006/3669/3700 4010/3670/3701
f 3510/3665/3696 4010/3670/3701 4014/3671/3702
f 3510/3665/3696 4014/3671/3702 4016/3672/3703
f 3512/3673/3704 3334/3674/3705 3353/3675/3706
f 3353/3675/3706 3551/3676/3707 3512/3673/3704
f 3549/3677/3708 3544/3678/3709 3499/3679/3710
f 3499/3679/3710 3969/3680/3711 3549/3677/3708
f 3971/3681/3712 3966/3682/3713 3881/3683/3714
f 3881/3683/3714 3470/3684/3715 3971/3681/3712
f 3335/3685/3716 3515/3686/3717 3339/3687/3718
f 3339/3687/3718 3520/3688/3719 3335/3685/3716
f 3522/3689/3720 3518/3690/3721 3360/3691/3722
f 3360/3691/3722 3577/3692/3723 3522/3689/3720
f 3516/3693/3724 3337/3694/3725 3344/3695/3726
f 3344/3695/3726 3531/3696/3727 3516/3693/3724
f 3529/3697/3728 3526/3698/3729 3364/3699/3730
f 3364/3699/3730 3582/3700/3731 3529/3697/3728
f 3524/3701/3732 3342/3702/3733 3348/3703/3734
f 3348/3703/3734 3539/3704/3735 3524/3701/3732
f 3537/3705/3736 3534/3706/3737 3369/3707/3738
f 3369/3707/3738 3592/3708/3739 3537/3705/3736
f 3590/3709/3740 3587/3710/3741 3854/3711/3742
f 3854/3711/3742 3457/3712/3743 3590/3709/3740
f 3532/3713/3744 3346/3714/3745 3387/3715/3746
f 3387/3715/3746 3640/3716/3747 3532/3713/3744
f 3638/3717/3748 3634/3718/3749 3647/3719/3750
f 3647/3719/3750 3642/3720/3751 3638/3717/3748
f 3475/3721/3752 3894/3722/3753 3631/3723/3754
f 3631/3723/3754 3385/3724/3755 3475/3721/3752
f 3810/3725/3756 3441/3726/3757 3783/3727/3758
f 3783/3727/3758 3780/3728/3759 3810/3725/3756
f 3778/3729/3760 3774/3730/3761 3447/3731/3762
f 3447/3731/3762 3829/3732/3763 3778/3729/3760
f 3827/3733/3764 3822/3734/3765 3815/3735/3766
f 3815/3735/3766 3812/3736/3767 3827/3733/3764
f 3579/3737/3768 3574/3738/3769 3706/3739/3770
f 3706/3739/3770 3413/3740/3771 3579/3737/3768
f 3415/3741/3772 3717/3742/3773 3540/3743/3774
f 3540/3743/3774 3351/3744/3775 3415/3741/3772
f 3583/3745/3776 3363/3746/3777 3407/3747/3778
f 3407/3747/3778 3687/3748/3779 3583/3745/3776
f 3689/3749/3780 3683/3750/3781 3650/3751/3782
f 3650/3751/3782 3393/3752/3783 3689/3749/3780
f 3395/3753/3784 3659/3754/3785 3568/3755/3786
f 3568/3755/3786 3358/3756/3787 3395/3753/3784
f 3399/3757/3788 3669/3758/3789 3617/3759/3790
f 3617/3759/3790 3380/3760/3791 3399/3757/3788
f 3382/3761/3792 3628/3762/3793 3611/3763/3794
f 3611/3763/3794 3607/3764/3795 3382/3761/3792
f 3605/3765/3796 3377/3766/3797 3661/3767/3798
f 3661/3767/3798 3655/3768/3799 3605/3765/3796
f 3657/3769/3800 3652/3770/3801 3662/3771/3802
f 3662/3771/3802 3397/3772/3803 3657/3769/3800
f 3599/3773/3804 3595/3774/3805 3419/3775/3806
f 3419/3775/3806 3733/3776/3807 3599/3773/3804
f 3731/3777/3808 3728/3778/3809 3762/3779/3810
f 3762/3779/3810 3429/3780/3811 3731/3777/3808
f 3431/3781/3812 3785/3782/3813 3602/3783/3814
f 3602/3783/3814 3597/3784/3815 3431/3781/3812
f 3614/3785/3816 3609/3786/3817 3423/3787/3818
f 3423/3787/3818 3747/3788/3819 3614/3785/3816
f 3749/3789/3820 3743/3790/3821 3718/3791/3822
f 3718/3791/3822 3417/3792/3823 3749/3789/3820
f 3593/3793/3824 3372/3794/3825 3379/3795/3826
f 3379/3795/3826 3616/3796/3827 3593/3793/3824
f 3439/3797/3828 3809/3798/3829 3776/3799/3830
f 3776/3799/3830 3770/3800/3831 3439/3797/3828
f 3772/3801/3832 3766/3802/3833 3435/3803/3834
f 3435/3803/3834 3797/3804/3835 3772/3801/3832
f 3795/3805/3836 3792/3806/3837 3798/3807/3838
f 3798/3807/3838 3437/3808/3839 3795/3805/3836
f 3679/3809/3840 3676/3810/3841 3842/3811/3842
f 3842/3811/3842 3453/3812/3843 3679/3809/3840
f 3455/3813/3844 3853/3814/3845 3621/3815/3846
f 3621/3815/3846 3619/3816/3847 3455/3813/3844
f 3667/3817/3848 3664/3818/3849 3403/3819/3850
f 3403/3819/3850 3681/3820/3851 3667/3817/3848
f 3685/3821/3852 3405/3822/3853 3670/3823/3854
f 3670/3823/3854 3401/3824/3855 3685/3821/3852
f 3585/3825/3856 3367/3826/3857 3411/3827/3858
f 3411/3827/3858 3705/3828/3859 3585/3825/3856
f 3703/3829/3860 3698/3830/3861 3458/3831/3862
f 3458/3831/3862 3856/3832/3863 3703/3829/3860
f 3715/3833/3864 3712/3834/3865 3830/3835/3866
f 3830/3835/3866 3449/3836/3867 3715/3833/3864
f 3451/3837/3868 3841/3838/3869 3546/3839/3870
f 3546/3839/3870 3542/3840/3871 3451/3837/3868
f 3724/3841/3872 3720/3842/3873 3483/3843/3874
f 3483/3843/3874 3925/3844/3875 3724/3841/3872
f 3927/3845/3876 3921/3846/3877 3898/3847/3878
f 3898/3847/3878 3477/3848/3879 3927/3845/3876
f 3479/3849/3880 3911/3850/3881 3726/3851/3882
f 3726/3851/3882 3722/3852/3883 3479/3849/3880
f 3750/3853/3884 3427/3854/3885 3923/3855/3886
f 3923/3855/3886 3916/3856/3887 3750/3853/3884
f 3918/3857/3888 3914/3858/3889 3937/3859/3890
f 3937/3859/3890 3933/3860/3891 3918/3857/3888
f 3935/3861/3892 3930/3862/3893 3756/3863/3894
f 3756/3863/3894 3752/3864/3895 3935/3861/3892
f 3425/3865/3896 3761/3866/3897 3903/3867/3898
f 3903/3867/3898 3896/3868/3899 3425/3865/3896
f 3626/3869/3900 3623/3870/3901 3734/3871/3902
f 3734/3871/3902 3421/3872/3903 3626/3869/3900
f 3572/3873/3904 3570/3874/3905 3374/3875/3906
f 3374/3875/3906 3604/3876/3907 3572/3873/3904
f 3443/3877/3908 3817/3878/3909 3710/3879/3910
f 3710/3879/3910 3708/3880/3911 3443/3877/3908
f 3909/3881/3912 3905/3882/3913 3768/3883/3914
f 3768/3883/3914 3764/3884/3915 3909/3881/3912
f 3824/3885/3916 3820/3886/3917 3837/3887/3918
f 3837/3887/3918 3832/3888/3919 3824/3885/3916
f 3807/3889/3920 3804/3890/3921 3818/3891/3922
f 3818/3891/3922 3445/3892/3923 3807/3889/3920
f 3802/3893/3924 3800/3894/3925 3495/3895/3926
f 3495/3895/3926 3963/3896/3927 3802/3893/3924
f 3961/3897/3928 3957/3898/3929 3839/3899/3930
f 3839/3899/3930 3835/3900/3931 3961/3897/3928
f 4007/3901/3932 4001/3902/3933 3861/3903/3934
f 3861/3903/3934 3859/3904/3935 4007/3901/3932
f 3857/3905/3936 3461/3906/3937 3892/3907/3938
f 3892/3907/3938 3885/3908/3939 3857/3905/3936
f 3887/3909/3940 3883/3910/3941 4011/3911/3942
f 4011/3911/3942 4005/3912/3943 3887/3909/3940
f 3690/3913/3944 3409/3914/3945 3503/3915/3946
f 3503/3915/3946 3981/3916/3947 3690/3913/3944
f 3983/3917/3948 3976/3918/3949 3940/3919/3950
f 3940/3919/3950 3489/3920/3951 3983/3917/3948
f 3491/3921/3952 3949/3922/3953 3851/3923/3954
f 3851/3923/3954 3846/3924/3955 3491/3921/3952
f 3848/3925/3956 3844/3926/3957 3696/3927/3958
f 3696/3927/3958 3692/3928/3959 3848/3925/3956
f 3700/3929/3960 3694/3930/3961 3674/3931/3962
f 3674/3931/3962 3672/3932/3963 3700/3929/3960
f 3565/3933/3964 3560/3934/3965 3391/3935/3966
f 3391/3935/3966 3649/3936/3967 3565/3933/3964
f 3636/3937/3968 3629/3938/3969 3356/3939/3970
f 3356/3939/3970 3567/3940/3971 3636/3937/3968
f 4003/3941/3972 3997/3942/3973 3984/3943/3974
f 3984/3943/3974 3505/3944/3975 4003/3941/3972
f 3507/3945/3976 3989/3946/3977 3875/3947/3978
f 3875/3947/3978 3871/3948/3979 3507/3945/3976
f 3869/3949/3980 3465/3950/3981 3866/3951/3982
f 3866/3951/3982 3863/3952/3983 3869/3949/3980
f 3880/3953/3984 3873/3954/3985 3644/3955/3986
f 3644/3955/3986 3389/3956/3987 3880/3953/3984
f 3562/3957/3988 3556/3958/3989 3467/3959/3990
f 3467/3959/3990 3878/3960/3991 3562/3957/3988
f 3959/3961/3992 3954/3962/3993 3964/3963/3994
f 3964/3963/3994 3497/3964/3995 3959/3961/3992
f 3472/3965/3996 3890/3966/3997 3552/3967/3998
f 3552/3967/3998 3354/3968/3999 3472/3965/3996
f 3463/3969/4000 3868/3970/4001 3558/3971/4002
f 3558/3971/4002 3554/3972/4003 3463/3969/4000
f 3907/3973/4004 3901/3974/4005 3786/3975/4006
f 3786/3975/4006 3433/3976/4007 3907/3973/4004
f 3745/3977/4008 3740/3978/4009 3912/3979/4010
f 3912/3979/4010 3481/3980/4011 3745/3977/4008
f 3738/3981/4012 3736/3982/4013 3487/3983/4014
f 3487/3983/4014 3939/3984/4015 3738/3981/4012
f 3951/3985/4016 3945/3986/4017 3928/3987/4018
f 3928/3987/4018 3485/3988/4019 3951/3985/4016
f 3790/3989/4020 3788/3990/4021 4017/3991/4022
f 4017/3991/4022 4013/3992/4023 3790/3989/4020
f 4015/3993/4024 4009/3994/4025 3952/3995/4026
f 3952/3995/4026 3493/3996/4027 4015/3993/4024
f 3991/3997/4028 3986/3998/4029 3972/3999/4030
f 3972/3999/4030 3501/4000/4031 3991/3997/4028
f 3999/4001/4032 3994/4002/4033 3978/4003/4034
f 3978/4003/4034 3974/4004/4035 3999/4001/4032
f 3759/4005/4036 3754/4006/4037 3511/4007/4038
f 3511/4007/4038 4019/4008/4039 3759/4005/4036
f 3947/4009/4040 3942/4010/4041 3992/4011/4042
f 3992/4011/4042 3509/4012/4043 3947/4009/4040
f 3334/3674/3705 3336/3336/3367 3349/3335/3366
f 3349/3335/3366 3353/3675/3706 3334/3674/3705
f 3335/3685/3716 3334/3674/3705 3512/3673/3704
f 3512/3673/3704 3515/3686/3717 3335/3685/3716
f 3336/3336/3367 3335/3685/3716 3520/3688/3719
f 3520/3688/3719 3523/3333/3364 3336/3336/3367
f 3334/3674/3705 3335/3685/3716 3336/3336/3367
f 3337/3694/3725 3340/3353/3384 3341/3352/3383
f 3341/3352/3383 3344/3695/3726 3337/3694/3725
f 3338/3510/3541 3337/3694/3725 3516/3693/3724
f 3516/3693/3724 3519/3511/3542 3338/3510/3541
f 3339/3687/3718 3338/3510/3541 3521/3512/3543
f 3521/3512/3543 3520/3688/3719 3339/3687/3718
f 3340/3353/3384 3339/3687/3718 3515/3686/3717
f 3515/3686/3717 3514/3354/3385 3340/3353/3384
f 3338/3510/3541 3339/3687/3718 3340/3353/3384
f 3340/3353/3384 3337/3694/3725 3338/3510/3541
f 3342/3702/3733 3341/3352/3383 3345/3351/3382
f 3345/3351/3382 3348/3703/3734 3342/3702/3733
f 3343/3513/3544 3342/3702/3733 3524/3701/3732
f 3524/3701/3732 3527/3514/3545 3343/3513/3544
f 3344/3695/3726 3343/3513/3544 3528/3515/3546
f 3528/3515/3546 3531/3696/3727 3344/3695/3726
f 3343/3513/3544 3344/3695/3726 3341/3352/3383
f 3341/3352/3383 3342/3702/3733 3343/3513/3544
f 3346/3714/3745 3345/3351/3382 3384/3350/3381
f 3384/3350/3381 3387/3715/3746 3346/3714/3745
f 3347/3516/3547 3346/3714/3745 3532/3713/3744
f 3532/3713/3744 3535/3517/3548 3347/3516/3547
f 3348/3703/3734 3347/3516/3547 3536/3518/3549
f 3536/3518/3549 3539/3704/3735 3348/3703/3734
f 3347/3516/3547 3348/3703/3734 3345/3351/3382
f 3345/3351/3382 3346/3714/3745 3347/3516/3547
f 3350/3361/3392 3349/3335/3366 3576/3334/3365
f 3576/3334/3365 3580/3359/3390 3350/3361/3392
f 3351/3744/3775 3350/3361/3392 3412/3360/3391
f 3412/3360/3391 3415/3741/3772 3351/3744/3775
f 3352/3519/3550 3351/3744/3775 3540/3743/3774
f 3540/3743/3774 3543/3520/3551 3352/3519/3550
f 3353/3675/3706 3352/3519/3550 3548/3522/3553
f 3548/3522/3553 3551/3676/3707 3353/3675/3706
f 3350/3361/3392 3351/3744/3775 3352/3519/3550
f 3350/3361/3392 3352/3519/3550 3353/3675/3706
f 3350/3361/3392 3353/3675/3706 3349/3335/3366
f 3354/3968/3999 3357/3451/3482 3468/3454/3485
f 3468/3454/3485 3472/3965/3996 3354/3968/3999
f 3355/3523/3554 3354/3968/3999 3552/3967/3998
f 3552/3967/3998 3555/3524/3555 3355/3523/3554
f 3356/3939/3970 3355/3523/3554 3564/3527/3558
f 3564/3527/3558 3567/3940/3971 3356/3939/3970
f 3357/3451/3482 3356/3939/3970 3629/3938/3969
f 3629/3938/3969 3632/3452/3483 3357/3451/3482
f 3355/3523/3554 3356/3939/3970 3357/3451/3482
f 3357/3451/3482 3354/3968/3999 3355/3523/3554
f 3358/3756/3787 3362/3365/3396 3392/3364/3395
f 3392/3364/3395 3395/3753/3784 3358/3756/3787
f 3359/3528/3559 3358/3756/3787 3568/3755/3786
f 3568/3755/3786 3571/3529/3560 3359/3528/3559
f 3360/3691/3722 3359/3528/3559 3578/3531/3562
f 3578/3531/3562 3577/3692/3723 3360/3691/3722
f 3361/3339/3370 3360/3691/3722 3518/3690/3721
f 3518/3690/3721 3517/3340/3371 3361/3339/3370
f 3362/3365/3396 3361/3339/3370 3581/3338/3369
f 3581/3338/3369 3584/3362/3393 3362/3365/3396
f 3361/3339/3370 3362/3365/3396 3358/3756/3787
f 3361/3339/3370 3358/3756/3787 3359/3528/3559
f 3361/3339/3370 3359/3528/3559 3360/3691/3722
f 3363/3746/3777 3366/3434/3465 3404/3433/3464
f 3404/3433/3464 3407/3747/3778 3363/3746/3777
f 3364/3699/3730 3363/3746/3777 3583/3745/3776
f 3583/3745/3776 3582/3700/3731 3364/3699/3730
f 3365/3344/3375 3364/3699/3730 3526/3698/3729
f 3526/3698/3729 3525/3345/3376 3365/3344/3375
f 3366/3434/3465 3365/3344/3375 3456/3343/3374
f 3456/3343/3374 3459/3435/3466 3366/3434/3465
f 3363/3746/3777 3364/3699/3730 3365/3344/3375
f 3365/3344/3375 3366/3434/3465 3363/3746/3777
f 3367/3826/3857 3371/3488/3519 3408/3487/3518
f 3408/3487/3518 3411/3827/3858 3367/3826/3857
f 3368/3532/3563 3367/3826/3857 3585/3825/3856
f 3585/3825/3856 3588/3533/3564 3368/3532/3563
f 3369/3707/3738 3368/3532/3563 3589/3534/3565
f 3589/3534/3565 3592/3708/3739 3369/3707/3738
f 3370/3349/3380 3369/3707/3738 3534/3706/3737
f 3534/3706/3737 3533/3346/3377 3370/3349/3380
f 3371/3488/3519 3370/3349/3380 3641/3348/3379
f 3641/3348/3379 3645/3489/3520 3371/3488/3519
f 3371/3488/3519 3367/3826/3857 3368/3532/3563
f 3371/3488/3519 3368/3532/3563 3369/3707/3738
f 3371/3488/3519 3369/3707/3738 3370/3349/3380
f 3372/3794/3825 3375/3477/3508 3376/3476/3507
f 3376/3476/3507 3379/3795/3826 3372/3794/3825
f 3373/3535/3566 3372/3794/3825 3593/3793/3824
f 3593/3793/3824 3596/3536/3567 3373/3535/3566
f 3374/3875/3906 3373/3535/3566 3601/3538/3569
f 3601/3538/3569 3604/3876/3907 3374/3875/3906
f 3375/3477/3508 3374/3875/3906 3570/3874/3905
f 3570/3874/3905 3569/3478/3509 3375/3477/3508
f 3373/3535/3566 3374/3875/3906 3375/3477/3508
f 3375/3477/3508 3372/3794/3825 3373/3535/3566
f 3377/3766/3797 3376/3476/3507 3658/3475/3506
f 3658/3475/3506 3661/3767/3798 3377/3766/3797
f 3378/3539/3570 3377/3766/3797 3605/3765/3796
f 3605/3765/3796 3608/3540/3571 3378/3539/3570
f 3379/3795/3826 3378/3539/3570 3613/3542/3573
f 3613/3542/3573 3616/3796/3827 3379/3795/3826
f 3378/3539/3570 3379/3795/3826 3376/3476/3507
f 3376/3476/3507 3377/3766/3797 3378/3539/3570
f 3380/3760/3791 3383/3367/3398 3396/3366/3397
f 3396/3366/3397 3399/3757/3788 3380/3760/3791
f 3381/3543/3574 3380/3760/3791 3617/3759/3790
f 3617/3759/3790 3620/3544/3575 3381/3543/3574
f 3382/3761/3792 3381/3543/3574 3625/3546/3577
f 3625/3546/3577 3628/3762/3793 3382/3761/3792
f 3383/3367/3398 3382/3761/3792 3607/3764/3795
f 3607/3764/3795 3606/3368/3399 3383/3367/3398
f 3381/3543/3574 3382/3761/3792 3383/3367/3398
f 3383/3367/3398 3380/3760/3791 3381/3543/3574
f 3385/3724/3755 3384/3350/3381 3473/3355/3386
f 3473/3355/3386 3475/3721/3752 3385/3724/3755
f 3386/3547/3578 3385/3724/3755 3631/3723/3754
f 3631/3723/3754 3630/3548/3579 3386/3547/3578
f 3387/3715/3746 3386/3547/3578 3637/3550/3581
f 3637/3550/3581 3640/3716/3747 3387/3715/3746
f 3386/3547/3578 3387/3715/3746 3384/3350/3381
f 3384/3350/3381 3385/3724/3755 3386/3547/3578
f 3388/3445/3476 3391/3935/3966 3560/3934/3965
f 3560/3934/3965 3563/3446/3477 3388/3445/3476
f 3389/3956/3987 3388/3445/3476 3877/3444/3475
f 3877/3444/3475 3880/3953/3984 3389/3956/3987
f 3390/3551/3582 3389/3956/3987 3644/3955/3986
f 3644/3955/3986 3643/3552/3583 3390/3551/3582
f 3391/3935/3966 3390/3551/3582 3646/3553/3584
f 3646/3553/3584 3649/3936/3967 3391/3935/3966
f 3390/3551/3582 3391/3935/3966 3388/3445/3476
f 3388/3445/3476 3389/3956/3987 3390/3551/3582
f 3393/3752/3783 3392/3364/3395 3686/3363/3394
f 3686/3363/3394 3689/3749/3780 3393/3752/3783
f 3394/3554/3585 3393/3752/3783 3650/3751/3782
f 3650/3751/3782 3653/3555/3586 3394/3554/3585
f 3395/3753/3784 3394/3554/3585 3660/3557/3588
f 3660/3557/3588 3659/3754/3785 3395/3753/3784
f 3394/3554/3585 3395/3753/3784 3392/3364/3395
f 3392/3364/3395 3393/3752/3783 3394/3554/3585
f 3397/3772/3803 3396/3366/3397 3654/3369/3400
f 3654/3369/3400 3657/3769/3800 3397/3772/3803
f 3398/3558/3589 3397/3772/3803 3662/3771/3802
f 3662/3771/3802 3665/3559/3590 3398/3558/3589
f 3399/3757/3788 3398/3558/3589 3666/3560/3591
f 3666/3560/3591 3669/3758/3789 3399/3757/3788
f 3398/3558/3589 3399/3757/3788 3396/3366/3397
f 3396/3366/3397 3397/3772/3803 3398/3558/3589
f 3400/3387/3418 3403/3819/3850 3664/3818/3849
f 3664/3818/3849 3663/3384/3415 3400/3387/3418
f 3401/3824/3855 3400/3387/3418 3682/3386/3417
f 3682/3386/3417 3685/3821/3852 3401/3824/3855
f 3402/3561/3592 3401/3824/3855 3670/3823/3854
f 3670/3823/3854 3673/3562/3593 3402/3561/3592
f 3403/3819/3850 3402/3561/3592 3678/3564/3595
f 3678/3564/3595 3681/3820/3851 3403/3819/3850
f 3402/3561/3592 3403/3819/3850 3400/3387/3418
f 3400/3387/3418 3401/3824/3855 3402/3561/3592
f 3405/3822/3853 3404/3433/3464 3671/3432/3463
f 3671/3432/3463 3670/3823/3854 3405/3822/3853
f 3406/3565/3596 3405/3822/3853 3685/3821/3852
f 3685/3821/3852 3684/3566/3597 3406/3565/3596
f 3407/3747/3778 3406/3565/3596 3688/3567/3598
f 3688/3567/3598 3687/3748/3779 3407/3747/3778
f 3406/3565/3596 3407/3747/3778 3404/3433/3464
f 3404/3433/3464 3405/3822/3853 3406/3565/3596
f 3409/3914/3945 3408/3487/3518 3500/3492/3523
f 3500/3492/3523 3503/3915/3946 3409/3914/3945
f 3410/3568/3599 3409/3914/3945 3690/3913/3944
f 3690/3913/3944 3693/3569/3600 3410/3568/3599
f 3411/3827/3858 3410/3568/3599 3702/3572/3603
f 3702/3572/3603 3705/3828/3859 3411/3827/3858
f 3410/3568/3599 3411/3827/3858 3408/3487/3518
f 3408/3487/3518 3409/3914/3945 3410/3568/3599
f 3413/3740/3771 3412/3360/3391 3580/3359/3390
f 3580/3359/3390 3579/3737/3768 3413/3740/3771
f 3414/3573/3604 3413/3740/3771 3706/3739/3770
f 3706/3739/3770 3709/3574/3605 3414/3573/3604
f 3415/3741/3772 3414/3573/3604 3714/3576/3607
f 3714/3576/3607 3717/3742/3773 3415/3741/3772
f 3414/3573/3604 3415/3741/3772 3412/3360/3391
f 3412/3360/3391 3413/3740/3771 3414/3573/3604
f 3416/3375/3406 3419/3775/3806 3595/3774/3805
f 3595/3774/3805 3594/3376/3407 3416/3375/3406
f 3417/3792/3823 3416/3375/3406 3746/3374/3405
f 3746/3374/3405 3749/3789/3820 3417/3792/3823
f 3418/3577/3608 3417/3792/3823 3718/3791/3822
f 3718/3791/3822 3721/3578/3609 3418/3577/3608
f 3419/3775/3806 3418/3577/3608 3730/3581/3612
f 3730/3581/3612 3733/3776/3807 3419/3775/3806
f 3418/3577/3608 3419/3775/3806 3416/3375/3406
f 3416/3375/3406 3417/3792/3823 3418/3577/3608
f 3420/3403/3434 3423/3787/3818 3609/3786/3817
f 3609/3786/3817 3612/3404/3435 3420/3403/3434
f 3421/3872/3903 3420/3403/3434 3627/3405/3436
f 3627/3405/3436 3626/3869/3900 3421/3872/3903
f 3422/3582/3613 3421/3872/3903 3734/3871/3902
f 3734/3871/3902 3737/3583/3614 3422/3582/3613
f 3423/3787/3818 3422/3582/3613 3748/3586/3617
f 3748/3586/3617 3747/3788/3819 3423/3787/3818
f 3422/3582/3613 3423/3787/3818 3420/3403/3434
f 3420/3403/3434 3421/3872/3903 3422/3582/3613
f 3424/3587/3618 3427/3854/3885 3750/3853/3884
f 3750/3853/3884 3753/3588/3619 3424/3587/3618
f 3425/3865/3896 3424/3587/3618 3758/3590/3621
f 3758/3590/3621 3761/3866/3897 3425/3865/3896
f 3426/3400/3431 3425/3865/3896 3896/3868/3899
f 3896/3868/3899 3899/3401/3432 3426/3400/3431
f 3427/3854/3885 3426/3400/3431 3920/3402/3433
f 3920/3402/3433 3923/3855/3886 3427/3854/3885
f 3424/3587/3618 3425/3865/3896 3426/3400/3431
f 3426/3400/3431 3427/3854/3885 3424/3587/3618
f 3428/3372/3403 3431/3781/3812 3597/3784/3815
f 3597/3784/3815 3600/3370/3401 3428/3372/3403
f 3429/3780/3811 3428/3372/3403 3732/3371/3402
f 3732/3371/3402 3731/3777/3808 3429/3780/3811
f 3430/3591/3622 3429/3780/3811 3762/3779/3810
f 3762/3779/3810 3765/3592/3623 3430/3591/3622
f 3431/3781/3812 3430/3591/3622 3782/3597/3628
f 3782/3597/3628 3785/3782/3813 3431/3781/3812
f 3430/3591/3622 3431/3781/3812 3428/3372/3403
f 3428/3372/3403 3429/3780/3811 3430/3591/3622
f 3432/3462/3493 3435/3803/3834 3766/3802/3833
f 3766/3802/3833 3769/3463/3494 3432/3462/3493
f 3433/3976/4007 3432/3462/3493 3904/3461/3492
f 3904/3461/3492 3907/3973/4004 3433/3976/4007
f 3434/3598/3629 3433/3976/4007 3786/3975/4006
f 3786/3975/4006 3789/3599/3630 3434/3598/3629
f 3435/3803/3834 3434/3598/3629 3794/3601/3632
f 3794/3601/3632 3797/3804/3835 3435/3803/3834
f 3434/3598/3629 3435/3803/3834 3432/3462/3493
f 3432/3462/3493 3433/3976/4007 3434/3598/3629
f 3436/3377/3408 3439/3797/3828 3770/3800/3831
f 3770/3800/3831 3773/3378/3409 3436/3377/3408
f 3437/3808/3839 3436/3377/3408 3796/3379/3410
f 3796/3379/3410 3795/3805/3836 3437/3808/3839
f 3438/3602/3633 3437/3808/3839 3798/3807/3838
f 3798/3807/3838 3801/3603/3634 3438/3602/3633
f 3439/3797/3828 3438/3602/3633 3806/3605/3636
f 3806/3605/3636 3809/3798/3829 3439/3797/3828
f 3438/3602/3633 3439/3797/3828 3436/3377/3408
f 3436/3377/3408 3437/3808/3839 3438/3602/3633
f 3440/3408/3439 3443/3877/3908 3708/3880/3911
f 3708/3880/3911 3707/3409/3440 3440/3408/3439
f 3441/3726/3757 3440/3408/3439 3784/3407/3438
f 3784/3407/3438 3783/3727/3758 3441/3726/3757
f 3442/3606/3637 3441/3726/3757 3810/3725/3756
f 3810/3725/3756 3813/3607/3638 3442/3606/3637
f 3443/3877/3908 3442/3606/3637 3814/3608/3639
f 3814/3608/3639 3817/3878/3909 3443/3877/3908
f 3442/3606/3637 3443/3877/3908 3440/3408/3439
f 3440/3408/3439 3441/3726/3757 3442/3606/3637
f 3444/3420/3451 3447/3731/3762 3774/3730/3761
f 3774/3730/3761 3777/3418/3449 3444/3420/3451
f 3445/3892/3923 3444/3420/3451 3808/3419/3450
f 3808/3419/3450 3807/3889/3920 3445/3892/3923
f 3446/3609/3640 3445/3892/3923 3818/3891/3922
f 3818/3891/3922 3821/3610/3641 3446/3609/3640
f 3447/3731/3762 3446/3609/3640 3826/3612/3643
f 3826/3612/3643 3829/3732/3763 3447/3731/3762
f 3446/3609/3640 3447/3731/3762 3444/3420/3451
f 3444/3420/3451 3445/3892/3923 3446/3609/3640
f 3448/3393/3424 3451/3837/3868 3542/3840/3871
f 3542/3840/3871 3541/3391/3422 3448/3393/3424
f 3449/3836/3867 3448/3393/3424 3716/3392/3423
f 3716/3392/3423 3715/3833/3864 3449/3836/3867
f 3450/3613/3644 3449/3836/3867 3830/3835/3866
f 3830/3835/3866 3833/3614/3645 3450/3613/3644
f 3451/3837/3868 3450/3613/3644 3838/3616/3647
f 3838/3616/3647 3841/3838/3869 3451/3837/3868
f 3450/3613/3644 3451/3837/3868 3448/3393/3424
f 3448/3393/3424 3449/3836/3867 3450/3613/3644
f 3452/3381/3412 3455/3813/3844 3619/3816/3847
f 3619/3816/3847 3618/3382/3413 3452/3381/3412
f 3453/3812/3843 3452/3381/3412 3680/3380/3411
f 3680/3380/3411 3679/3809/3840 3453/3812/3843
f 3454/3617/3648 3453/3812/3843 3842/3811/3842
f 3842/3811/3842 3845/3618/3649 3454/3617/3648
f 3455/3813/3844 3454/3617/3648 3850/3620/3651
f 3850/3620/3651 3853/3814/3845 3455/3813/3844
f 3454/3617/3648 3455/3813/3844 3452/3381/3412
f 3452/3381/3412 3453/3812/3843 3454/3617/3648
f 3457/3712/3743 3456/3343/3374 3591/3342/3373
f 3591/3342/3373 3590/3709/3740 3457/3712/3743
f 3458/3831/3862 3457/3712/3743 3854/3711/3742
f 3854/3711/3742 3856/3832/3863 3458/3831/3862
f 3459/3435/3466 3458/3831/3862 3698/3830/3861
f 3698/3830/3861 3701/3436/3467 3459/3435/3466
f 3458/3831/3862 3459/3435/3466 3456/3343/3374
f 3456/3343/3374 3457/3712/3743 3458/3831/3862
f 3460/3458/3489 3463/3969/4000 3554/3972/4003
f 3554/3972/4003 3553/3459/3490 3460/3458/3489
f 3461/3906/3937 3460/3458/3489 3889/3460/3491
f 3889/3460/3491 3892/3907/3938 3461/3906/3937
f 3462/3621/3652 3461/3906/3937 3857/3905/3936
f 3857/3905/3936 3860/3622/3653 3462/3621/3652
f 3463/3969/4000 3462/3621/3652 3865/3624/3655
f 3865/3624/3655 3868/3970/4001 3463/3969/4000
f 3462/3621/3652 3463/3969/4000 3460/3458/3489
f 3460/3458/3489 3461/3906/3937 3462/3621/3652
f 3464/3497/3528 3467/3959/3990 3556/3958/3989
f 3556/3958/3989 3559/3498/3529 3464/3497/3528
f 3465/3950/3981 3464/3497/3528 3867/3496/3527
f 3867/3496/3527 3866/3951/3982 3465/3950/3981
f 3466/3625/3656 3465/3950/3981 3869/3949/3980
f 3869/3949/3980 3872/3626/3657 3466/3625/3656
f 3467/3959/3990 3466/3625/3656 3879/3628/3659
f 3879/3628/3659 3878/3960/3991 3467/3959/3990
f 3466/3625/3656 3467/3959/3990 3464/3497/3528
f 3464/3497/3528 3465/3950/3981 3466/3625/3656
f 3469/3327/3358 3468/3454/3485 3893/3453/3484
f 3893/3453/3484 3895/3328/3359 3469/3327/3358
f 3470/3684/3715 3469/3327/3358 3968/3332/3363
f 3968/3332/3363 3971/3681/3712 3470/3684/3715
f 3471/3629/3660 3470/3684/3715 3881/3683/3714
f 3881/3683/3714 3884/3630/3661 3471/3629/3660
f 3472/3965/3996 3471/3629/3660 3891/3632/3663
f 3891/3632/3663 3890/3966/3997 3472/3965/3996
f 3469/3327/3358 3470/3684/3715 3471/3629/3660
f 3469/3327/3358 3471/3629/3660 3472/3965/3996
f 3469/3327/3358 3472/3965/3996 3468/3454/3485
f 3474/3329/3360 3473/3355/3386 3514/3354/3385
f 3514/3354/3385 3513/3330/3361 3474/3329/3360
f 3475/3721/3752 3474/3329/3360 3895/3328/3359
f 3895/3328/3359 3894/3722/3753 3475/3721/3752
f 3473/3355/3386 3474/3329/3360 3475/3721/3752
f 3476/3396/3427 3479/3849/3880 3722/3852/3883
f 3722/3852/3883 3725/3394/3425 3476/3396/3427
f 3477/3848/3879 3476/3396/3427 3924/3395/3426
f 3924/3395/3426 3927/3845/3876 3477/3848/3879
f 3478/3633/3664 3477/3848/3879 3898/3847/3878
f 3898/3847/3878 3897/3634/3665 3478/3633/3664
f 3479/3849/3880 3478/3633/3664 3908/3637/3668
f 3908/3637/3668 3911/3850/3881 3479/3849/3880
f 3478/3633/3664 3479/3849/3880 3476/3396/3427
f 3476/3396/3427 3477/3848/3879 3478/3633/3664
f 3480/3466/3497 3483/3843/3874 3720/3842/3873
f 3720/3842/3873 3719/3464/3495 3480/3466/3497
f 3481/3980/4011 3480/3466/3497 3742/3465/3496
f 3742/3465/3496 3745/3977/4008 3481/3980/4011
f 3482/3638/3669 3481/3980/4011 3912/3979/4010
f 3912/3979/4010 3915/3639/3670 3482/3638/3669
f 3483/3843/3874 3482/3638/3669 3926/3642/3673
f 3926/3642/3673 3925/3844/3875 3483/3843/3874
f 3482/3638/3669 3483/3843/3874 3480/3466/3497
f 3480/3466/3497 3481/3980/4011 3482/3638/3669
f 3484/3470/3501 3487/3983/4014 3736/3982/4013
f 3736/3982/4013 3735/3471/3502 3484/3470/3501
f 3485/3988/4019 3484/3470/3501 3948/3474/3505
f 3948/3474/3505 3951/3985/4016 3485/3988/4019
f 3486/3643/3674 3485/3988/4019 3928/3987/4018
f 3928/3987/4018 3931/3644/3675 3486/3643/3674
f 3487/3983/4014 3486/3643/3674 3936/3646/3677
f 3936/3646/3677 3939/3984/4015 3487/3983/4014
f 3486/3643/3674 3487/3983/4014 3484/3470/3501
f 3484/3470/3501 3485/3988/4019 3486/3643/3674
f 3488/3430/3461 3491/3921/3952 3846/3924/3955
f 3846/3924/3955 3849/3431/3462 3488/3430/3461
f 3489/3920/3951 3488/3430/3461 3980/3429/3460
f 3980/3429/3460 3983/3917/3948 3489/3920/3951
f 3490/3647/3678 3489/3920/3951 3940/3919/3950
f 3940/3919/3950 3943/3648/3679 3490/3647/3678
f 3491/3921/3952 3490/3647/3678 3950/3650/3681
f 3950/3650/3681 3949/3922/3953 3491/3921/3952
f 3490/3647/3678 3491/3921/3952 3488/3430/3461
f 3488/3430/3461 3489/3920/3951 3490/3647/3678
f 3492/3482/3513 3495/3895/3926 3800/3894/3925
f 3800/3894/3925 3799/3479/3510 3492/3482/3513
f 3493/3996/4027 3492/3482/3513 4012/3481/3512
f 4012/3481/3512 4015/3993/4024 3493/3996/4027
f 3494/3651/3682 3493/3996/4027 3952/3995/4026
f 3952/3995/4026 3955/3652/3683 3494/3651/3682
f 3495/3895/3926 3494/3651/3682 3960/3654/3685
f 3960/3654/3685 3963/3896/3927 3495/3895/3926
f 3494/3651/3682 3495/3895/3926 3492/3482/3513
f 3492/3482/3513 3493/3996/4027 3494/3651/3682
f 3496/3447/3478 3499/3679/3710 3544/3678/3709
f 3544/3678/3709 3547/3448/3479 3496/3447/3478
f 3497/3964/3995 3496/3447/3478 3956/3450/3481
f 3956/3450/3481 3959/3961/3992 3497/3964/3995
f 3498/3655/3686 3497/3964/3995 3964/3963/3994
f 3964/3963/3994 3967/3656/3687 3498/3655/3686
f 3499/3679/3710 3498/3655/3686 3970/3657/3688
f 3970/3657/3688 3969/3680/3711 3499/3679/3710
f 3498/3655/3686 3499/3679/3710 3496/3447/3478
f 3496/3447/3478 3497/3964/3995 3498/3655/3686
f 3501/4000/4031 3500/3492/3523 3988/3491/3522
f 3988/3491/3522 3991/3997/4028 3501/4000/4031
f 3502/3658/3689 3501/4000/4031 3972/3999/4030
f 3972/3999/4030 3975/3659/3690 3502/3658/3689
f 3503/3915/3946 3502/3658/3689 3982/3661/3692
f 3982/3661/3692 3981/3916/3947 3503/3915/3946
f 3502/3658/3689 3503/3915/3946 3500/3492/3523
f 3500/3492/3523 3501/4000/4031 3502/3658/3689
f 3504/3441/3472 3507/3945/3976 3871/3948/3979
f 3871/3948/3979 3870/3442/3473 3504/3441/3472
f 3505/3944/3975 3504/3441/3472 4000/3440/3471
f 4000/3440/3471 4003/3941/3972 3505/3944/3975
f 3506/3662/3693 3505/3944/3975 3984/3943/3974
f 3984/3943/3974 3987/3663/3694 3506/3662/3693
f 3507/3945/3976 3506/3662/3693 3990/3664/3695
f 3990/3664/3695 3989/3946/3977 3507/3945/3976
f 3506/3662/3693 3507/3945/3976 3504/3441/3472
f 3504/3441/3472 3505/3944/3975 3506/3662/3693
f 3508/3506/3537 3511/4007/4038 3754/4006/4037
f 3754/4006/4037 3757/3503/3534 3508/3506/3537
f 3509/4012/4043 3508/3506/3537 3944/3505/3536
f 3944/3505/3536 3947/4009/4040 3509/4012/4043
f 3510/3665/3696 3509/4012/4043 3992/4011/4042
f 3992/4011/4042 3995/3666/3697 3510/3665/3696
f 3511/4007/4038 3510/3665/3696 4016/3672/3703
f 4016/3672/3703 4019/4008/4039 3511/4007/4038
f 3510/3665/3696 3511/4007/4038 3508/3506/3537
f 3508/3506/3537 3509/4012/4043 3510/3665/3696
f 3513/3330/3361 3512/3673/3704 3551/3676/3707
f 3551/3676/3707 3550/3331/3362 3513/3330/3361
f 3515/3686/3717 3512/3673/3704 3513/3330/3361
f 3513/3330/3361 3514/3354/3385 3515/3686/3717
f 3517/3340/3371 3516/3693/3724 3531/3696/3727
f 3531/3696/3727 3530/3337/3368 3517/3340/3371
f 3519/3511/3542 3518/3690/3721 3522/3689/3720
f 3522/3689/3720 3521/3512/3543 3519/3511/3542
f 3519/3511/3542 3516/3693/3724 3517/3340/3371
f 3517/3340/3371 3518/3690/3721 3519/3511/3542
f 3523/3333/3364 3522/3689/3720 3577/3692/3723
f 3577/3692/3723 3576/3334/3365 3523/3333/3364
f 3521/3512/3543 3522/3689/3720 3523/3333/3364
f 3523/3333/3364 3520/3688/3719 3521/3512/3543
f 3525/3345/3376 3524/3701/3732 3539/3704/3735
f 3539/3704/3735 3538/3341/3372 3525/3345/3376
f 3527/3514/3545 3526/3698/3729 3529/3697/3728
f 3529/3697/3728 3528/3515/3546 3527/3514/3545
f 3527/3514/3545 3524/3701/3732 3525/3345/3376
f 3525/3345/3376 3526/3698/3729 3527/3514/3545
f 3530/3337/3368 3529/3697/3728 3582/3700/3731
f 3582/3700/3731 3581/3338/3369 3530/3337/3368
f 3528/3515/3546 3529/3697/3728 3530/3337/3368
f 3530/3337/3368 3531/3696/3727 3528/3515/3546
f 3533/3346/3377 3532/3713/3744 3640/3716/3747
f 3640/3716/3747 3639/3347/3378 3533/3346/3377
f 3535/3517/3548 3534/3706/3737 3537/3705/3736
f 3537/3705/3736 3536/3518/3549 3535/3517/3548
f 3535/3517/3548 3532/3713/3744 3533/3346/3377
f 3533/3346/3377 3534/3706/3737 3535/3517/3548
f 3538/3341/3372 3537/3705/3736 3592/3708/3739
f 3592/3708/3739 3591/3342/3373 3538/3341/3372
f 3536/3518/3549 3537/3705/3736 3538/3341/3372
f 3538/3341/3372 3539/3704/3735 3536/3518/3549
f 3541/3391/3422 3540/3743/3774 3717/3742/3773
f 3717/3742/3773 3716/3392/3423 3541/3391/3422
f 3543/3520/3551 3542/3840/3871 3546/3839/3870
f 3546/3839/3870 3545/3521/3552 3543/3520/3551
f 3543/3520/3551 3540/3743/3774 3541/3391/3422
f 3541/3391/3422 3542/3840/3871 3543/3520/3551
f 3545/3521/3552 3544/3678/3709 3549/3677/3708
f 3549/3677/3708 3548/3522/3553 3545/3521/3552
f 3547/3448/3479 3546/3839/3870 3841/3838/3869
f 3841/3838/3869 3840/3449/3480 3547/3448/3479
f 3545/3521/3552 3546/3839/3870 3547/3448/3479
f 3547/3448/3479 3544/3678/3709 3545/3521/3552
f 3550/3331/3362 3549/3677/3708 3969/3680/3711
f 3969/3680/3711 3968/3332/3363 3550/3331/3362
f 3548/3522/3553 3549/3677/3708 3550/3331/3362
f 3550/3331/3362 3551/3676/3707 3548/3522/3553
f 3553/3459/3490 3552/3967/3998 3890/3966/3997
f 3890/3966/3997 3889/3460/3491 3553/3459/3490
f 3555/3524/3555 3554/3972/4003 3558/3971/4002
f 3558/3971/4002 3557/3525/3556 3555/3524/3555
f 3555/3524/3555 3552/3967/3998 3553/3459/3490
f 3553/3459/3490 3554/3972/4003 3555/3524/3555
f 3557/3525/3556 3556/3958/3989 3562/3957/3988
f 3562/3957/3988 3561/3526/3557 3557/3525/3556
f 3559/3498/3529 3558/3971/4002 3868/3970/4001
f 3868/3970/4001 3867/3496/3527 3559/3498/3529
f 3557/3525/3556 3558/3971/4002 3559/3498/3529
f 3559/3498/3529 3556/3958/3989 3557/3525/3556
f 3561/3526/3557 3560/3934/3965 3565/3933/3964
f 3565/3933/3964 3564/3527/3558 3561/3526/3557
f 3563/3446/3477 3562/3957/3988 3878/3960/3991
f 3878/3960/3991 3877/3444/3475 3563/3446/3477
f 3561/3526/3557 3562/3957/3988 3563/3446/3477
f 3563/3446/3477 3560/3934/3965 3561/3526/3557
f 3566/3437/3468 3565/3933/3964 3649/3936/3967
f 3649/3936/3967 3648/3438/3469 3566/3437/3468
f 3567/3940/3971 3566/3437/3468 3633/3439/3470
f 3633/3439/3470 3636/3937/3968 3567/3940/3971
f 3564/3527/3558 3565/3933/3964 3566/3437/3468
f 3566/3437/3468 3567/3940/3971 3564/3527/3558
f 3569/3478/3509 3568/3755/3786 3659/3754/3785
f 3659/3754/3785 3658/3475/3506 3569/3478/3509
f 3571/3529/3560 3570/3874/3905 3572/3873/3904
f 3572/3873/3904 3575/3530/3561 3571/3529/3560
f 3571/3529/3560 3568/3755/3786 3569/3478/3509
f 3569/3478/3509 3570/3874/3905 3571/3529/3560
f 3573/3410/3441 3572/3873/3904 3604/3876/3907
f 3604/3876/3907 3603/3406/3437 3573/3410/3441
f 3574/3738/3769 3573/3410/3441 3707/3409/3440
f 3707/3409/3440 3706/3739/3770 3574/3738/3769
f 3575/3530/3561 3574/3738/3769 3579/3737/3768
f 3579/3737/3768 3578/3531/3562 3575/3530/3561
f 3575/3530/3561 3572/3873/3904 3573/3410/3441
f 3573/3410/3441 3574/3738/3769 3575/3530/3561
f 3580/3359/3390 3576/3334/3365 3577/3692/3723
f 3580/3359/3390 3577/3692/3723 3578/3531/3562
f 3580/3359/3390 3578/3531/3562 3579/3737/3768
f 3584/3362/3393 3583/3745/3776 3687/3748/3779
f 3687/3748/3779 3686/3363/3394 3584/3362/3393
f 3583/3745/3776 3584/3362/3393 3581/3338/3369
f 3581/3338/3369 3582/3700/3731 3583/3745/3776
f 3586/3389/3420 3585/3825/3856 3705/3828/3859
f 3705/3828/3859 3704/3390/3421 3586/3389/3420
f 3587/3710/3741 3586/3389/3420 3855/3388/3419
f 3855/3388/3419 3854/3711/3742 3587/3710/3741
f 3588/3533/3564 3587/3710/3741 3590/3709/3740
f 3590/3709/3740 3589/3534/3565 3588/3533/3564
f 3588/3533/3564 3585/3825/3856 3586/3389/3420
f 3586/3389/3420 3587/3710/3741 3588/3533/3564
f 3589/3534/3565 3590/3709/3740 3591/3342/3373
f 3591/3342/3373 3592/3708/3739 3589/3534/3565
f 3594/3376/3407 3593/3793/3824 3616/3796/3827
f 3616/3796/3827 3615/3373/3404 3594/3376/3407
f 3596/3536/3567 3595/3774/3805 3599/3773/3804
f 3599/3773/3804 3598/3537/3568 3596/3536/3567
f 3596/3536/3567 3593/3793/3824 3594/3376/3407
f 3594/3376/3407 3595/3774/3805 3596/3536/3567
f 3598/3537/3568 3597/3784/3815 3602/3783/3814
f 3602/3783/3814 3601/3538/3569 3598/3537/3568
f 3600/3370/3401 3599/3773/3804 3733/3776/3807
f 3733/3776/3807 3732/3371/3402 3600/3370/3401
f 3598/3537/3568 3599/3773/3804 3600/3370/3401
f 3600/3370/3401 3597/3784/3815 3598/3537/3568
f 3603/3406/3437 3602/3783/3814 3785/3782/3813
f 3785/3782/3813 3784/3407/3438 3603/3406/3437
f 3601/3538/3569 3602/3783/3814 3603/3406/3437
f 3603/3406/3437 3604/3876/3907 3601/3538/3569
f 3606/3368/3399 3605/3765/3796 3655/3768/3799
f 3655/3768/3799 3654/3369/3400 3606/3368/3399
f 3608/3540/3571 3607/3764/3795 3611/3763/3794
f 3611/3763/3794 3610/3541/3572 3608/3540/3571
f 3608/3540/3571 3605/3765/3796 3606/3368/3399
f 3606/3368/3399 3607/3764/3795 3608/3540/3571
f 3610/3541/3572 3609/3786/3817 3614/3785/3816
f 3614/3785/3816 3613/3542/3573 3610/3541/3572
f 3612/3404/3435 3611/3763/3794 3628/3762/3793
f 3628/3762/3793 3627/3405/3436 3612/3404/3435
f 3610/3541/3572 3611/3763/3794 3612/3404/3435
f 3612/3404/3435 3609/3786/3817 3610/3541/3572
f 3615/3373/3404 3614/3785/3816 3747/3788/3819
f 3747/3788/3819 3746/3374/3405 3615/3373/3404
f 3613/3542/3573 3614/3785/3816 3615/3373/3404
f 3615/3373/3404 3616/3796/3827 3613/3542/3573
f 3618/3382/3413 3617/3759/3790 3669/3758/3789
f 3669/3758/3789 3668/3383/3414 3618/3382/3413
f 3620/3544/3575 3619/3816/3847 3621/3815/3846
f 3621/3815/3846 3624/3545/3576 3620/3544/3575
f 3620/3544/3575 3617/3759/3790 3618/3382/3413
f 3618/3382/3413 3619/3816/3847 3620/3544/3575
f 3622/3472/3503 3621/3815/3846 3853/3814/3845
f 3853/3814/3845 3852/3473/3504 3622/3472/3503
f 3623/3870/3901 3622/3472/3503 3735/3471/3502
f 3735/3471/3502 3734/3871/3902 3623/3870/3901
f 3624/3545/3576 3623/3870/3901 3626/3869/3900
f 3626/3869/3900 3625/3546/3577 3624/3545/3576
f 3624/3545/3576 3621/3815/3846 3622/3472/3503
f 3622/3472/3503 3623/3870/3901 3624/3545/3576
f 3625/3546/3577 3626/3869/3900 3627/3405/3436
f 3627/3405/3436 3628/3762/3793 3625/3546/3577
f 3630/3548/3579 3629/3938/3969 3636/3937/3968
f 3636/3937/3968 3635/3549/3580 3630/3548/3579
f 3632/3452/3483 3631/3723/3754 3894/3722/3753
f 3894/3722/3753 3893/3453/3484 3632/3452/3483
f 3630/3548/3579 3631/3723/3754 3632/3452/3483
f 3632/3452/3483 3629/3938/3969 3630/3548/3579
f 3634/3718/3749 3633/3439/3470 3648/3438/3469
f 3648/3438/3469 3647/3719/3750 3634/3718/3749
f 3635/3549/3580 3634/3718/3749 3638/3717/3748
f 3638/3717/3748 3637/3550/3581 3635/3549/3580
f 3635/3549/3580 3636/3937/3968 3633/3439/3470
f 3633/3439/3470 3634/3718/3749 3635/3549/3580
f 3639/3347/3378 3638/3717/3748 3642/3720/3751
f 3642/3720/3751 3641/3348/3379 3639/3347/3378
f 3637/3550/3581 3638/3717/3748 3639/3347/3378
f 3639/3347/3378 3640/3716/3747 3637/3550/3581
f 3643/3552/3583 3642/3720/3751 3647/3719/3750
f 3647/3719/3750 3646/3553/3584 3643/3552/3583
f 3645/3489/3520 3644/3955/3986 3873/3954/3985
f 3873/3954/3985 3876/3490/3521 3645/3489/3520
f 3643/3552/3583 3644/3955/3986 3645/3489/3520
f 3643/3552/3583 3645/3489/3520 3641/3348/3379
f 3643/3552/3583 3641/3348/3379 3642/3720/3751
f 3646/3553/3584 3647/3719/3750 3648/3438/3469
f 3648/3438/3469 3649/3936/3967 3646/3553/3584
f 3651/3385/3416 3650/3751/3782 3683/3750/3781
f 3683/3750/3781 3682/3386/3417 3651/3385/3416
f 3652/3770/3801 3651/3385/3416 3663/3384/3415
f 3663/3384/3415 3662/3771/3802 3652/3770/3801
f 3653/3555/3586 3652/3770/3801 3657/3769/3800
f 3657/3769/3800 3656/3556/3587 3653/3555/3586
f 3653/3555/3586 3650/3751/3782 3651/3385/3416
f 3651/3385/3416 3652/3770/3801 3653/3555/3586
f 3656/3556/3587 3655/3768/3799 3661/3767/3798
f 3661/3767/3798 3660/3557/3588 3656/3556/3587
f 3656/3556/3587 3657/3769/3800 3654/3369/3400
f 3654/3369/3400 3655/3768/3799 3656/3556/3587
f 3660/3557/3588 3661/3767/3798 3658/3475/3506
f 3658/3475/3506 3659/3754/3785 3660/3557/3588
f 3665/3559/3590 3664/3818/3849 3667/3817/3848
f 3667/3817/3848 3666/3560/3591 3665/3559/3590
f 3665/3559/3590 3662/3771/3802 3663/3384/3415
f 3663/3384/3415 3664/3818/3849 3665/3559/3590
f 3668/3383/3414 3667/3817/3848 3681/3820/3851
f 3681/3820/3851 3680/3380/3411 3668/3383/3414
f 3666/3560/3591 3667/3817/3848 3668/3383/3414
f 3668/3383/3414 3669/3758/3789 3666/3560/3591
f 3672/3932/3963 3671/3432/3463 3701/3436/3467
f 3701/3436/3467 3700/3929/3960 3672/3932/3963
f 3673/3562/3593 3672/3932/3963 3674/3931/3962
f 3674/3931/3962 3677/3563/3594 3673/3562/3593
f 3673/3562/3593 3670/3823/3854 3671/3432/3463
f 3671/3432/3463 3672/3932/3963 3673/3562/3593
f 3675/3455/3486 3674/3931/3962 3694/3930/3961
f 3694/3930/3961 3697/3456/3487 3675/3455/3486
f 3676/3810/3841 3675/3455/3486 3843/3457/3488
f 3843/3457/3488 3842/3811/3842 3676/3810/3841
f 3677/3563/3594 3676/3810/3841 3679/3809/3840
f 3679/3809/3840 3678/3564/3595 3677/3563/3594
f 3677/3563/3594 3674/3931/3962 3675/3455/3486
f 3675/3455/3486 3676/3810/3841 3677/3563/3594
f 3678/3564/3595 3679/3809/3840 3680/3380/3411
f 3680/3380/3411 3681/3820/3851 3678/3564/3595
f 3684/3566/3597 3683/3750/3781 3689/3749/3780
f 3689/3749/3780 3688/3567/3598 3684/3566/3597
f 3684/3566/3597 3685/3821/3852 3682/3386/3417
f 3682/3386/3417 3683/3750/3781 3684/3566/3597
f 3688/3567/3598 3689/3749/3780 3686/3363/3394
f 3686/3363/3394 3687/3748/3779 3688/3567/3598
f 3691/3428/3459 3690/3913/3944 3981/3916/3947
f 3981/3916/3947 3980/3429/3460 3691/3428/3459
f 3692/3928/3959 3691/3428/3459 3849/3431/3462
f 3849/3431/3462 3848/3925/3956 3692/3928/3959
f 3693/3569/3600 3692/3928/3959 3696/3927/3958
f 3696/3927/3958 3695/3570/3601 3693/3569/3600
f 3693/3569/3600 3690/3913/3944 3691/3428/3459
f 3691/3428/3459 3692/3928/3959 3693/3569/3600
f 3695/3570/3601 3694/3930/3961 3700/3929/3960
f 3700/3929/3960 3699/3571/3602 3695/3570/3601
f 3697/3456/3487 3696/3927/3958 3844/3926/3957
f 3844/3926/3957 3843/3457/3488 3697/3456/3487
f 3695/3570/3601 3696/3927/3958 3697/3456/3487
f 3697/3456/3487 3694/3930/3961 3695/3570/3601
f 3699/3571/3602 3698/3830/3861 3703/3829/3860
f 3703/3829/3860 3702/3572/3603 3699/3571/3602
f 3699/3571/3602 3700/3929/3960 3701/3436/3467
f 3701/3436/3467 3698/3830/3861 3699/3571/3602
f 3704/3390/3421 3703/3829/3860 3856/3832/3863
f 3856/3832/3863 3855/3388/3419 3704/3390/3421
f 3702/3572/3603 3703/3829/3860 3704/3390/3421
f 3704/3390/3421 3705/3828/3859 3702/3572/3603
f 3709/3574/3605 3708/3880/3911 3710/3879/3910
f 3710/3879/3910 3713/3575/3606 3709/3574/3605
f 3709/3574/3605 3706/3739/3770 3707/3409/3440
f 3707/3409/3440 3708/3880/3911 3709/3574/3605
f 3711/3415/3446 3710/3879/3910 3817/3878/3909
f 3817/3878/3909 3816/3416/3447 3711/3415/3446
f 3712/3834/3865 3711/3415/3446 3831/3414/3445
f 3831/3414/3445 3830/3835/3866 3712/3834/3865
f 3713/3575/3606 3712/3834/3865 3715/3833/3864
f 3715/3833/3864 3714/3576/3607 3713/3575/3606
f 3713/3575/3606 3710/3879/3910 3711/3415/3446
f 3711/3415/3446 3712/3834/3865 3713/3575/3606
f 3714/3576/3607 3715/3833/3864 3716/3392/3423
f 3716/3392/3423 3717/3742/3773 3714/3576/3607
f 3719/3464/3495 3718/3791/3822 3743/3790/3821
f 3743/3790/3821 3742/3465/3496 3719/3464/3495
f 3721/3578/3609 3720/3842/3873 3724/3841/3872
f 3724/3841/3872 3723/3579/3610 3721/3578/3609
f 3721/3578/3609 3718/3791/3822 3719/3464/3495
f 3719/3464/3495 3720/3842/3873 3721/3578/3609
f 3723/3579/3610 3722/3852/3883 3726/3851/3882
f 3726/3851/3882 3729/3580/3611 3723/3579/3610
f 3725/3394/3425 3724/3841/3872 3925/3844/3875
f 3925/3844/3875 3924/3395/3426 3725/3394/3425
f 3723/3579/3610 3724/3841/3872 3725/3394/3425
f 3725/3394/3425 3722/3852/3883 3723/3579/3610
f 3727/3411/3442 3726/3851/3882 3911/3850/3881
f 3911/3850/3881 3910/3412/3443 3727/3411/3442
f 3728/3778/3809 3727/3411/3442 3763/3413/3444
f 3763/3413/3444 3762/3779/3810 3728/3778/3809
f 3729/3580/3611 3728/3778/3809 3731/3777/3808
f 3731/3777/3808 3730/3581/3612 3729/3580/3611
f 3729/3580/3611 3726/3851/3882 3727/3411/3442
f 3727/3411/3442 3728/3778/3809 3729/3580/3611
f 3730/3581/3612 3731/3777/3808 3732/3371/3402
f 3732/3371/3402 3733/3776/3807 3730/3581/3612
f 3737/3583/3614 3736/3982/4013 3738/3981/4012
f 3738/3981/4012 3741/3584/3615 3737/3583/3614
f 3737/3583/3614 3734/3871/3902 3735/3471/3502
f 3735/3471/3502 3736/3982/4013 3737/3583/3614
f 3739/3468/3499 3738/3981/4012 3939/3984/4015
f 3939/3984/4015 3938/3469/3500 3739/3468/3499
f 3740/3978/4009 3739/3468/3499 3913/3467/3498
f 3913/3467/3498 3912/3979/4010 3740/3978/4009
f 3741/3584/3615 3740/3978/4009 3745/3977/4008
f 3745/3977/4008 3744/3585/3616 3741/3584/3615
f 3741/3584/3615 3738/3981/4012 3739/3468/3499
f 3739/3468/3499 3740/3978/4009 3741/3584/3615
f 3744/3585/3616 3743/3790/3821 3749/3789/3820
f 3749/3789/3820 3748/3586/3617 3744/3585/3616
f 3744/3585/3616 3745/3977/4008 3742/3465/3496
f 3742/3465/3496 3743/3790/3821 3744/3585/3616
f 3748/3586/3617 3749/3789/3820 3746/3374/3405
f 3746/3374/3405 3747/3788/3819 3748/3586/3617
f 3751/3397/3428 3750/3853/3884 3916/3856/3887
f 3916/3856/3887 3919/3398/3429 3751/3397/3428
f 3752/3864/3895 3751/3397/3428 3932/3399/3430
f 3932/3399/3430 3935/3861/3892 3752/3864/3895
f 3753/3588/3619 3752/3864/3895 3756/3863/3894
f 3756/3863/3894 3755/3589/3620 3753/3588/3619
f 3753/3588/3619 3750/3853/3884 3751/3397/3428
f 3751/3397/3428 3752/3864/3895 3753/3588/3619
f 3755/3589/3620 3754/4006/4037 3759/4005/4036
f 3759/4005/4036 3758/3590/3621 3755/3589/3620
f 3757/3503/3534 3756/3863/3894 3930/3862/3893
f 3930/3862/3893 3929/3504/3535 3757/3503/3534
f 3755/3589/3620 3756/3863/3894 3757/3503/3534
f 3757/3503/3534 3754/4006/4037 3755/3589/3620
f 3760/3501/3532 3759/4005/4036 4019/4008/4039
f 4019/4008/4039 4018/3502/3533 3760/3501/3532
f 3761/3866/3897 3760/3501/3532 3900/3500/3531
f 3900/3500/3531 3903/3867/3898 3761/3866/3897
f 3758/3590/3621 3759/4005/4036 3760/3501/3532
f 3760/3501/3532 3761/3866/3897 3758/3590/3621
f 3764/3884/3915 3763/3413/3444 3910/3412/3443
f 3910/3412/3443 3909/3881/3912 3764/3884/3915
f 3765/3592/3623 3764/3884/3915 3768/3883/3914
f 3768/3883/3914 3767/3593/3624 3765/3592/3623
f 3765/3592/3623 3762/3779/3810 3763/3413/3444
f 3763/3413/3444 3764/3884/3915 3765/3592/3623
f 3767/3593/3624 3766/3802/3833 3772/3801/3832
f 3772/3801/3832 3771/3594/3625 3767/3593/3624
f 3769/3463/3494 3768/3883/3914 3905/3882/3913
f 3905/3882/3913 3904/3461/3492 3769/3463/3494
f 3767/3593/3624 3768/3883/3914 3769/3463/3494
f 3769/3463/3494 3766/3802/3833 3767/3593/3624
f 3771/3594/3625 3770/3800/3831 3776/3799/3830
f 3776/3799/3830 3775/3595/3626 3771/3594/3625
f 3773/3378/3409 3772/3801/3832 3797/3804/3835
f 3797/3804/3835 3796/3379/3410 3773/3378/3409
f 3771/3594/3625 3772/3801/3832 3773/3378/3409
f 3773/3378/3409 3770/3800/3831 3771/3594/3625
f 3775/3595/3626 3774/3730/3761 3778/3729/3760
f 3778/3729/3760 3781/3596/3627 3775/3595/3626
f 3777/3418/3449 3776/3799/3830 3809/3798/3829
f 3809/3798/3829 3808/3419/3450 3777/3418/3449
f 3775/3595/3626 3776/3799/3830 3777/3418/3449
f 3777/3418/3449 3774/3730/3761 3775/3595/3626
f 3779/3357/3388 3778/3729/3760 3829/3732/3763
f 3829/3732/3763 3828/3358/3389 3779/3357/3388
f 3780/3728/3759 3779/3357/3388 3811/3356/3387
f 3811/3356/3387 3810/3725/3756 3780/3728/3759
f 3781/3596/3627 3780/3728/3759 3783/3727/3758
f 3783/3727/3758 3782/3597/3628 3781/3596/3627
f 3781/3596/3627 3778/3729/3760 3779/3357/3388
f 3779/3357/3388 3780/3728/3759 3781/3596/3627
f 3782/3597/3628 3783/3727/3758 3784/3407/3438
f 3784/3407/3438 3785/3782/3813 3782/3597/3628
f 3787/3499/3530 3786/3975/4006 3901/3974/4005
f 3901/3974/4005 3900/3500/3531 3787/3499/3530
f 3788/3990/4021 3787/3499/3530 4018/3502/3533
f 4018/3502/3533 4017/3991/4022 3788/3990/4021
f 3789/3599/3630 3788/3990/4021 3790/3989/4020
f 3790/3989/4020 3793/3600/3631 3789/3599/3630
f 3789/3599/3630 3786/3975/4006 3787/3499/3530
f 3787/3499/3530 3788/3990/4021 3789/3599/3630
f 3791/3480/3511 3790/3989/4020 4013/3992/4023
f 4013/3992/4023 4012/3481/3512 3791/3480/3511
f 3792/3806/3837 3791/3480/3511 3799/3479/3510
f 3799/3479/3510 3798/3807/3838 3792/3806/3837
f 3793/3600/3631 3792/3806/3837 3795/3805/3836
f 3795/3805/3836 3794/3601/3632 3793/3600/3631
f 3793/3600/3631 3790/3989/4020 3791/3480/3511
f 3791/3480/3511 3792/3806/3837 3793/3600/3631
f 3794/3601/3632 3795/3805/3836 3796/3379/3410
f 3796/3379/3410 3797/3804/3835 3794/3601/3632
f 3801/3603/3634 3800/3894/3925 3802/3893/3924
f 3802/3893/3924 3805/3604/3635 3801/3603/3634
f 3801/3603/3634 3798/3807/3838 3799/3479/3510
f 3799/3479/3510 3800/3894/3925 3801/3603/3634
f 3803/3421/3452 3802/3893/3924 3963/3896/3927
f 3963/3896/3927 3962/3422/3453 3803/3421/3452
f 3804/3890/3921 3803/3421/3452 3819/3424/3455
f 3819/3424/3455 3818/3891/3922 3804/3890/3921
f 3805/3604/3635 3804/3890/3921 3807/3889/3920
f 3807/3889/3920 3806/3605/3636 3805/3604/3635
f 3805/3604/3635 3802/3893/3924 3803/3421/3452
f 3803/3421/3452 3804/3890/3921 3805/3604/3635
f 3806/3605/3636 3807/3889/3920 3808/3419/3450
f 3808/3419/3450 3809/3798/3829 3806/3605/3636
f 3812/3736/3767 3811/3356/3387 3828/3358/3389
f 3828/3358/3389 3827/3733/3764 3812/3736/3767
f 3813/3607/3638 3812/3736/3767 3815/3735/3766
f 3815/3735/3766 3814/3608/3639 3813/3607/3638
f 3813/3607/3638 3810/3725/3756 3811/3356/3387
f 3811/3356/3387 3812/3736/3767 3813/3607/3638
f 3816/3416/3447 3815/3735/3766 3822/3734/3765
f 3822/3734/3765 3825/3417/3448 3816/3416/3447
f 3814/3608/3639 3815/3735/3766 3816/3416/3447
f 3816/3416/3447 3817/3878/3909 3814/3608/3639
f 3820/3886/3917 3819/3424/3455 3834/3423/3454
f 3834/3423/3454 3837/3887/3918 3820/3886/3917
f 3821/3610/3641 3820/3886/3917 3824/3885/3916
f 3824/3885/3916 3823/3611/3642 3821/3610/3641
f 3821/3610/3641 3818/3891/3922 3819/3424/3455
f 3819/3424/3455 3820/3886/3917 3821/3610/3641
f 3823/3611/3642 3822/3734/3765 3827/3733/3764
f 3827/3733/3764 3826/3612/3643 3823/3611/3642
f 3825/3417/3448 3824/3885/3916 3832/3888/3919
f 3832/3888/3919 3831/3414/3445 3825/3417/3448
f 3823/3611/3642 3824/3885/3916 3825/3417/3448
f 3825/3417/3448 3822/3734/3765 3823/3611/3642
f 3826/3612/3643 3827/3733/3764 3828/3358/3389
f 3828/3358/3389 3829/3732/3763 3826/3612/3643
f 3833/3614/3645 3832/3888/3919 3837/3887/3918
f 3837/3887/3918 3836/3615/3646 3833/3614/3645
f 3833/3614/3645 3830/3835/3866 3831/3414/3445
f 3831/3414/3445 3832/3888/3919 3833/3614/3645
f 3835/3900/3931 3834/3423/3454 3962/3422/3453
f 3962/3422/3453 3961/3897/3928 3835/3900/3931
f 3836/3615/3646 3835/3900/3931 3839/3899/3930
f 3839/3899/3930 3838/3616/3647 3836/3615/3646
f 3836/3615/3646 3837/3887/3918 3834/3423/3454
f 3834/3423/3454 3835/3900/3931 3836/3615/3646
f 3840/3449/3480 3839/3899/3930 3957/3898/3929
f 3957/3898/3929 3956/3450/3481 3840/3449/3480
f 3838/3616/3647 3839/3899/3930 3840/3449/3480
f 3840/3449/3480 3841/3838/3869 3838/3616/3647
f 3845/3618/3649 3844/3926/3957 3848/3925/3956
f 3848/3925/3956 3847/3619/3650 3845/3618/3649
f 3845/3618/3649 3842/3811/3842 3843/3457/3488
f 3843/3457/3488 3844/3926/3957 3845/3618/3649
f 3847/3619/3650 3846/3924/3955 3851/3923/3954
f 3851/3923/3954 3850/3620/3651 3847/3619/3650
f 3847/3619/3650 3848/3925/3956 3849/3431/3462
f 3849/3431/3462 3846/3924/3955 3847/3619/3650
f 3852/3473/3504 3851/3923/3954 3949/3922/3953
f 3949/3922/3953 3948/3474/3505 3852/3473/3504
f 3850/3620/3651 3851/3923/3954 3852/3473/3504
f 3852/3473/3504 3853/3814/3845 3850/3620/3651
f 3854/3711/3742 3855/3388/3419 3856/3832/3863
f 3858/3426/3457 3857/3905/3936 3885/3908/3939
f 3885/3908/3939 3888/3427/3458 3858/3426/3457
f 3859/3904/3935 3858/3426/3457 4004/3425/3456
f 4004/3425/3456 4007/3901/3932 3859/3904/3935
f 3860/3622/3653 3859/3904/3935 3861/3903/3934
f 3861/3903/3934 3864/3623/3654 3860/3622/3653
f 3860/3622/3653 3857/3905/3936 3858/3426/3457
f 3858/3426/3457 3859/3904/3935 3860/3622/3653
f 3862/3443/3474 3861/3903/3934 4001/3902/3933
f 4001/3902/3933 4000/3440/3471 3862/3443/3474
f 3863/3952/3983 3862/3443/3474 3870/3442/3473
f 3870/3442/3473 3869/3949/3980 3863/3952/3983
f 3864/3623/3654 3863/3952/3983 3866/3951/3982
f 3866/3951/3982 3865/3624/3655 3864/3623/3654
f 3864/3623/3654 3861/3903/3934 3862/3443/3474
f 3862/3443/3474 3863/3952/3983 3864/3623/3654
f 3865/3624/3655 3866/3951/3982 3867/3496/3527
f 3867/3496/3527 3868/3970/4001 3865/3624/3655
f 3872/3626/3657 3871/3948/3979 3875/3947/3978
f 3875/3947/3978 3874/3627/3658 3872/3626/3657
f 3872/3626/3657 3869/3949/3980 3870/3442/3473
f 3870/3442/3473 3871/3948/3979 3872/3626/3657
f 3874/3627/3658 3873/3954/3985 3880/3953/3984
f 3880/3953/3984 3879/3628/3659 3874/3627/3658
f 3876/3490/3521 3875/3947/3978 3989/3946/3977
f 3989/3946/3977 3988/3491/3522 3876/3490/3521
f 3874/3627/3658 3875/3947/3978 3876/3490/3521
f 3876/3490/3521 3873/3954/3985 3874/3627/3658
f 3879/3628/3659 3880/3953/3984 3877/3444/3475
f 3877/3444/3475 3878/3960/3991 3879/3628/3659
f 3882/3485/3516 3881/3683/3714 3966/3682/3713
f 3966/3682/3713 3965/3486/3517 3882/3485/3516
f 3883/3910/3941 3882/3485/3516 4008/3484/3515
f 4008/3484/3515 4011/3911/3942 3883/3910/3941
f 3884/3630/3661 3883/3910/3941 3887/3909/3940
f 3887/3909/3940 3886/3631/3662 3884/3630/3661
f 3884/3630/3661 3881/3683/3714 3882/3485/3516
f 3882/3485/3516 3883/3910/3941 3884/3630/3661
f 3886/3631/3662 3885/3908/3939 3892/3907/3938
f 3892/3907/3938 3891/3632/3663 3886/3631/3662
f 3888/3427/3458 3887/3909/3940 4005/3912/3943
f 4005/3912/3943 4004/3425/3456 3888/3427/3458
f 3886/3631/3662 3887/3909/3940 3888/3427/3458
f 3888/3427/3458 3885/3908/3939 3886/3631/3662
f 3891/3632/3663 3892/3907/3938 3889/3460/3491
f 3889/3460/3491 3890/3966/3997 3891/3632/3663
f 3893/3453/3484 3894/3722/3753 3895/3328/3359
f 3897/3634/3665 3896/3868/3899 3903/3867/3898
f 3903/3867/3898 3902/3635/3666 3897/3634/3665
f 3899/3401/3432 3898/3847/3878 3921/3846/3877
f 3921/3846/3877 3920/3402/3433 3899/3401/3432
f 3897/3634/3665 3898/3847/3878 3899/3401/3432
f 3899/3401/3432 3896/3868/3899 3897/3634/3665
f 3902/3635/3666 3901/3974/4005 3907/3973/4004
f 3907/3973/4004 3906/3636/3667 3902/3635/3666
f 3902/3635/3666 3903/3867/3898 3900/3500/3531
f 3900/3500/3531 3901/3974/4005 3902/3635/3666
f 3906/3636/3667 3905/3882/3913 3909/3881/3912
f 3909/3881/3912 3908/3637/3668 3906/3636/3667
f 3906/3636/3667 3907/3973/4004 3904/3461/3492
f 3904/3461/3492 3905/3882/3913 3906/3636/3667
f 3908/3637/3668 3909/3881/3912 3910/3412/3443
f 3910/3412/3443 3911/3850/3881 3908/3637/3668
f 3914/3858/3889 3913/3467/3498 3938/3469/3500
f 3938/3469/3500 3937/3859/3890 3914/3858/3889
f 3915/3639/3670 3914/3858/3889 3918/3857/3888
f 3918/3857/3888 3917/3640/3671 3915/3639/3670
f 3915/3639/3670 3912/3979/4010 3913/3467/3498
f 3913/3467/3498 3914/3858/3889 3915/3639/3670
f 3917/3640/3671 3916/3856/3887 3923/3855/3886
f 3923/3855/3886 3922/3641/3672 3917/3640/3671
f 3919/3398/3429 3918/3857/3888 3933/3860/3891
f 3933/3860/3891 3932/3399/3430 3919/3398/3429
f 3917/3640/3671 3918/3857/3888 3919/3398/3429
f 3919/3398/3429 3916/3856/3887 3917/3640/3671
f 3922/3641/3672 3921/3846/3877 3927/3845/3876
f 3927/3845/3876 3926/3642/3673 3922/3641/3672
f 3922/3641/3672 3923/3855/3886 3920/3402/3433
f 3920/3402/3433 3921/3846/3877 3922/3641/3672
f 3926/3642/3673 3927/3845/3876 3924/3395/3426
f 3924/3395/3426 3925/3844/3875 3926/3642/3673
f 3929/3504/3535 3928/3987/4018 3945/3986/4017
f 3945/3986/4017 3944/3505/3536 3929/3504/3535
f 3931/3644/3675 3930/3862/3893 3935/3861/3892
f 3935/3861/3892 3934/3645/3676 3931/3644/3675
f 3931/3644/3675 3928/3987/4018 3929/3504/3535
f 3929/3504/3535 3930/3862/3893 3931/3644/3675
f 3934/3645/3676 3933/3860/3891 3937/3859/3890
f 3937/3859/3890 3936/3646/3677 3934/3645/3676
f 3934/3645/3676 3935/3861/3892 3932/3399/3430
f 3932/3399/3430 3933/3860/3891 3934/3645/3676
f 3936/3646/3677 3937/3859/3890 3938/3469/3500
f 3938/3469/3500 3939/3984/4015 3936/3646/3677
f 3941/3508/3539 3940/3919/3950 3976/3918/3949
f 3976/3918/3949 3979/3509/3540 3941/3508/3539
f 3942/4010/4041 3941/3508/3539 3993/3507/3538
f 3993/3507/3538 3992/4011/4042 3942/4010/4041
f 3943/3648/3679 3942/4010/4041 3947/4009/4040
f 3947/4009/4040 3946/3649/3680 3943/3648/3679
f 3943/3648/3679 3940/3919/3950 3941/3508/3539
f 3941/3508/3539 3942/4010/4041 3943/3648/3679
f 3946/3649/3680 3945/3986/4017 3951/3985/4016
f 3951/3985/4016 3950/3650/3681 3946/3649/3680
f 3946/3649/3680 3947/4009/4040 3944/3505/3536
f 3944/3505/3536 3945/3986/4017 3946/3649/3680
f 3950/3650/3681 3951/3985/4016 3948/3474/3505
f 3948/3474/3505 3949/3922/3953 3950/3650/3681
f 3953/3483/3514 3952/3995/4026 4009/3994/4025
f 4009/3994/4025 4008/3484/3515 3953/3483/3514
f 3954/3962/3993 3953/3483/3514 3965/3486/3517
f 3965/3486/3517 3964/3963/3994 3954/3962/3993
f 3955/3652/3683 3954/3962/3993 3959/3961/3992
f 3959/3961/3992 3958/3653/3684 3955/3652/3683
f 3955/3652/3683 3952/3995/4026 3953/3483/3514
f 3953/3483/3514 3954/3962/3993 3955/3652/3683
f 3958/3653/3684 3957/3898/3929 3961/3897/3928
f 3961/3897/3928 3960/3654/3685 3958/3653/3684
f 3958/3653/3684 3959/3961/3992 3956/3450/3481
f 3956/3450/3481 3957/3898/3929 3958/3653/3684
f 3960/3654/3685 3961/3897/3928 3962/3422/3453
f 3962/3422/3453 3963/3896/3927 3960/3654/3685
f 3967/3656/3687 3966/3682/3713 3971/3681/3712
f 3971/3681/3712 3970/3657/3688 3967/3656/3687
f 3967/3656/3687 3964/3963/3994 3965/3486/3517
f 3965/3486/3517 3966/3682/3713 3967/3656/3687
f 3970/3657/3688 3971/3681/3712 3968/3332/3363
f 3968/3332/3363 3969/3680/3711 3970/3657/3688
f 3973/3494/3525 3972/3999/4030 3986/3998/4029
f 3986/3998/4029 3985/3495/3526 3973/3494/3525
f 3974/4004/4035 3973/3494/3525 3996/3493/3524
f 3996/3493/3524 3999/4001/4032 3974/4004/4035
f 3975/3659/3690 3974/4004/4035 3978/4003/4034
f 3978/4003/4034 3977/3660/3691 3975/3659/3690
f 3975/3659/3690 3972/3999/4030 3973/3494/3525
f 3973/3494/3525 3974/4004/4035 3975/3659/3690
f 3977/3660/3691 3976/3918/3949 3983/3917/3948
f 3983/3917/3948 3982/3661/3692 3977/3660/3691
f 3979/3509/3540 3978/4003/4034 3994/4002/4033
f 3994/4002/4033 3993/3507/3538 3979/3509/3540
f 3977/3660/3691 3978/4003/4034 3979/3509/3540
f 3979/3509/3540 3976/3918/3949 3977/3660/3691
f 3982/3661/3692 3983/3917/3948 3980/3429/3460
f 3980/3429/3460 3981/3916/3947 3982/3661/3692
f 3985/3495/3526 3984/3943/3974 3997/3942/3973
f 3997/3942/3973 3996/3493/3524 3985/3495/3526
f 3987/3663/3694 3986/3998/4029 3991/3997/4028
f 3991/3997/4028 3990/3664/3695 3987/3663/3694
f 3987/3663/3694 3984/3943/3974 3985/3495/3526
f 3985/3495/3526 3986/3998/4029 3987/3663/3694
f 3990/3664/3695 3991/3997/4028 3988/3491/3522
f 3988/3491/3522 3989/3946/3977 3990/3664/3695
f 3995/3666/3697 3994/4002/4033 3999/4001/4032
f 3999/4001/4032 3998/3667/3698 3995/3666/3697
f 3995/3666/3697 3992/4011/4042 3993/3507/3538
f 3993/3507/3538 3994/4002/4033 3995/3666/3697
f 3998/3667/3698 3997/3942/3973 4003/3941/3972
f 4003/3941/3972 4002/3668/3699 3998/3667/3698
f 3998/3667/3698 3999/4001/4032 3996/3493/3524
f 3996/3493/3524 3997/3942/3973 3998/3667/3698
f 4002/3668/3699 4001/3902/3933 4007/3901/3932
f 4007/3901/3932 4006/3669/3700 4002/3668/3699
f 4002/3668/3699 4003/3941/3972 4000/3440/3471
f 4000/3440/3471 4001/3902/3933 4002/3668/3699
f 4006/3669/3700 4005/3912/3943 4011/3911/3942
f 4011/3911/3942 4010/3670/3701 4006/3669/3700
f 4006/3669/3700 4007/3901/3932 4004/3425/3456
f 4004/3425/3456 4005/3912/3943 4006/3669/3700
f 4010/3670/3701 4009/3994/4025 4015/3993/4024
f 4015/3993/4024 4014/3671/3702 4010/3670/3701
f 4010/3670/3701 4011/3911/3942 4008/3484/3515
f 4008/3484/3515 4009/3994/4025 4010/3670/3701
f 4014/3671/3702 4013/3992/4023 4017/3991/4022
f 4017/3991/4022 4016/3672/3703 4014/3671/3702
f 4014/3671/3702 4015/3993/4024 4012/3481/3512
f 4012/3481/3512 4013/3992/4023 4014/3671/3702
f 4016/3672/3703 4017/3991/4022 4018/3502/3533
f 4018/3502/3533 4019/4008/4039 4016/3672/3703
f 4032/4013/4044 4039/4014/4044 4028/4015/4044
f 4028/4015/4045 4020/4016/4045 4032/4013/4045
f 4034/4017/4046 4042/4018/4046 4025/4019/4046
f 4025/4019/4047 4031/4020/4047 4034/4017/4047
f 4035/4021/4048 4045/4022/4048 4026/4023/4048
f 4026/4023/4049 4033/4024/4049 4035/4021/4049
f 4029/4025/4050 4048/4026/4050 4027/4027/4050
f 4027/4027/4051 4023/4028/4051 4029/4025/4051
f 4022/4029/4052 4021/4030/4052 4030/4031/4052
f 4030/4031/4052 4036/4032/4052 4022/4029/4052
f 4047/4033/4053 4024/4034/4053 4043/4035/4053
f 4038/4036/4054 4024/4034/4054 4046/4037/4054
f 4041/4038/4055 4024/4034/4055 4037/4039/4055
f 4024/4034/4056 4040/4040/4056 4044/4041/4056
f 4020/4016/4057 4029/4025/4057 4030/4031/4057
f 4021/4030/4058 4031/4020/4058 4032/4013/4058
f 4022/4029/4059 4033/4024/4059 4034/4017/4059
f 4023/4028/4060 4035/4021/4060 4036/4032/4060
f 4025/4019/4061 4037/4039/4061 4038/4036/4061
f 4038/4036/4062 4039/4014/4062 4025/4019/4062
f 4026/4023/4063 4040/4040/4063 4041/4038/4063
f 4041/4038/4064 4042/4018/4064 4026/4023/4064
f 4027/4027/4065 4043/4035/4065 4044/4041/4065
f 4044/4041/4066 4045/4022/4066 4027/4027/4066
f 4028/4015/4067 4046/4037/4067 4047/4033/4067
f 4047/4033/4068 4048/4026/4068 4028/4015/4068
f 4020/4016/4069 4030/4031/4069 4021/4030/4069
f 4021/4030/4070 4032/4013/4070 4020/4016/4070
f 4032/4013/4071 4031/4020/4071 4025/4019/4071
f 4025/4019/4072 4039/4014/4072 4032/4013/4072
f 4031/4020/4073 4021/4030/4073 4022/4029/4073
f 4022/4029/4074 4034/4017/4074 4031/4020/4074
f 4034/4017/4075 4033/4024/4075 4026/4023/4075
f 4026/4023/4076 4042/4018/4076 4034/4017/4076
f 4033/4024/4077 4022/4029/4077 4036/4032/4077
f 4036/4032/4078 4035/4021/4078 4033/4024/4078
f 4035/4021/4079 4023/4028/4079 4027/4027/4079
f 4027/4027/4080 4045/4022/4080 4035/4021/4080
f 4023/4028/4081 4036/4032/4081 4030/4031/4081
f 4030/4031/4082 4029/4025/4082 4023/4028/4082
f 4028/4015/4083 4048/4026/4083 4029/4025/4083
f 4029/4025/4084 4020/4016/4084 4028/4015/4084
f 4047/4033/4085 4046/4037/4085 4024/4034/4085
f 4038/4036/4086 4037/4039/4086 4024/4034/4086
f 4041/4038/4087 4040/4040/4087 4024/4034/4087
f 4039/4014/4088 4038/4036/4088 4046/4037/4088
f 4046/4037/4089 4028/4015/4089 4039/4014/4089
f 4042/4018/4090 4041/4038/4090 4037/4039/4090
f 4037/4039/4091 4025/4019/4091 4042/4018/4091
f 4045/4022/4092 4044/4041/4092 4040/4040/4092
f 4040/4040/4093 4026/4023/4093 4045/4022/4093
f 4048/4026/4094 4047/4033/4094 4043/4035/4094
f 4043/4035/4095 4027/4027/4095 4048/4026/4095
f 4024/4034/4096 4044/4041/4096 4043/4035/4096
f 4052/4042/4097 4079/4043/4098 4056/4044/4099
f 4066/4045/4100 4081/4046/4101 4059/4047/4102
f 4072/4048/4103 4084/4049/4104 4062/4050/4105
f 4075/4051/4106 4086/4052/4107 4053/4053/4108
f 4054/4054/4109 4088/4055/4110 4063/4056/4111
f 4063/4056/4111 4083/4057/4112 4060/4058/4113
f 4060/4058/4113 4080/4059/4114 4057/4060/4115
f 4063/4056/4111 4060/4058/4113 4057/4060/4115
f 4054/4054/4109 4063/4056/4111 4057/4060/4115
f 4054/4054/4109 4057/4060/4115 4078/4061/4116
f 4050/4062/4117 4068/4063/4118 4070/4064/4119
f 4070/4064/4119 4073/4065/4120 4050/4062/4117
f 4051/4066/4121 4076/4067/4122 4055/4068/4123
f 4055/4068/4123 4077/4069/4124 4051/4066/4121
f 4058/4070/4125 4082/4071/4126 4065/4072/4127
f 4065/4072/4127 4049/4073/4128 4058/4070/4125
f 4061/4074/4129 4085/4075/4130 4071/4076/4131
f 4071/4076/4131 4067/4077/4132 4061/4074/4129
f 4064/4078/4133 4087/4079/4134 4074/4080/4135
f 4074/4080/4135 4069/4081/4136 4064/4078/4133
f 4049/4073/4128 4052/4042/4097 4056/4044/4099
f 4056/4044/4099 4058/4070/4125 4049/4073/4128
f 4050/4062/4117 4049/4073/4128 4065/4072/4127
f 4065/4072/4127 4068/4063/4118 4050/4062/4117
f 4051/4066/4121 4050/4062/4117 4073/4065/4120
f 4073/4065/4120 4076/4067/4122 4051/4066/4121
f 4052/4042/4097 4051/4066/4121 4077/4069/4124
f 4077/4069/4124 4079/4043/4098 4052/4042/4097
f 4050/4062/4117 4051/4066/4121 4052/4042/4097
f 4052/4042/4097 4049/4073/4128 4050/4062/4117
f 4053/4053/4108 4055/4068/4123 4076/4067/4122
f 4076/4067/4122 4075/4051/4106 4053/4053/4108
f 4054/4054/4109 4053/4053/4108 4086/4052/4107
f 4086/4052/4107 4088/4055/4110 4054/4054/4109
f 4055/4068/4123 4054/4054/4109 4078/4061/4116
f 4078/4061/4116 4077/4069/4124 4055/4068/4123
f 4053/4053/4108 4054/4054/4109 4055/4068/4123
f 4057/4060/4115 4056/4044/4099 4079/4043/4098
f 4079/4043/4098 4078/4061/4116 4057/4060/4115
f 4058/4070/4125 4057/4060/4115 4080/4059/4114
f 4080/4059/4114 4082/4071/4126 4058/4070/4125
f 4056/4044/4099 4057/4060/4115 4058/4070/4125
f 4059/4047/4102 4061/4074/4129 4067/4077/4132
f 4067/4077/4132 4066/4045/4100 4059/4047/4102
f 4060/4058/4113 4059/4047/4102 4081/4046/4101
f 4081/4046/4101 4080/4059/4114 4060/4058/4113
f 4061/4074/4129 4060/4058/4113 4083/4057/4112
f 4083/4057/4112 4085/4075/4130 4061/4074/4129
f 4059/4047/4102 4060/4058/4113 4061/4074/4129
f 4062/4050/4105 4064/4078/4133 4069/4081/4136
f 4069/4081/4136 4072/4048/4103 4062/4050/4105
f 4063/4056/4111 4062/4050/4105 4084/4049/4104
f 4084/4049/4104 4083/4057/4112 4063/4056/4111
f 4064/4078/4133 4063/4056/4111 4088/4055/4110
f 4088/4055/4110 4087/4079/4134 4064/4078/4133
f 4062/4050/4105 4063/4056/4111 4064/4078/4133
f 4066/4045/4100 4065/4072/4127 4082/4071/4126
f 4082/4071/4126 4081/4046/4101 4066/4045/4100
f 4068/4063/4118 4067/4077/4132 4071/4076/4131
f 4071/4076/4131 4070/4064/4119 4068/4063/4118
f 4068/4063/4118 4065/4072/4127 4066/4045/4100
f 4066/4045/4100 4067/4077/4132 4068/4063/4118
f 4070/4064/4119 4069/4081/4136 4074/4080/4135
f 4074/4080/4135 4073/4065/4120 4070/4064/4119
f 4072/4048/4103 4071/4076/4131 4085/4075/4130
f 4085/4075/4130 4084/4049/4104 4072/4048/4103
f 4070/4064/4119 4071/4076/4131 4072/4048/4103
f 4072/4048/4103 4069/4081/4136 4070/4064/4119
f 4075/4051/4106 4074/4080/4135 4087/4079/4134
f 4087/4079/4134 4086/4052/4107 4075/4051/4106
f 4073/4065/4120 4074/4080/4135 4075/4051/4106
f 4075/4051/4106 4076/4067/4122 4073/4065/4120
f 4077/4069/4124 4078/4061/4116 4079/4043/4098
f 4080/4059/4114 4081/4046/4101 4082/4071/4126
f 4083/4057/4112 4084/4049/4104 4085/4075/4130
f 4086/4052/4107 4087/4079/4134 4088/4055/4110
f 4089/4082/4137 4150/4083/4138 4258/4084/4139
f 4258/4084/4139 4094/4085/4140 4089/4082/4137
f 4097/4086/4141 4180/4087/4142 4138/4088/4143
f 4138/4088/4143 4278/4089/4144 4097/4086/4141
f 4186/4090/4145 4183/4091/4146 4142/4092/4147
f 4142/4092/4147 4287/4093/4148 4186/4090/4145
f 4177/4094/4149 4100/4095/4150 4146/4096/4151
f 4177/4094/4149 4146/4096/4151 4167/4097/4152
f 4177/4094/4149 4167/4097/4152 4301/4098/4153
f 4187/4099/4154 4099/4100/4155 4178/4101/4156
f 4178/4101/4156 4091/4102/4157 4092/4103/4158
f 4092/4103/4158 4179/4104/4159 4095/4105/4160
f 4178/4101/4156 4092/4103/4158 4095/4105/4160
f 4187/4099/4154 4178/4101/4156 4095/4105/4160
f 4187/4099/4154 4095/4105/4160 4182/4106/4161
f 4189/4107/4162 4118/4108/4163 4223/4109/4164
f 4223/4109/4164 4215/4110/4165 4189/4107/4162
f 4105/4111/4166 4233/4112/4167 4194/4113/4168
f 4109/4114/4169 4204/4115/4170 4104/4116/4171
f 4197/4117/4172 4127/4118/4173 4244/4119/4174
f 4244/4119/4174 4232/4120/4175 4197/4117/4172
f 4206/4121/4176 4133/4122/4177 4126/4123/4178
f 4126/4123/4178 4198/4124/4179 4206/4121/4176
f 4134/4125/4180 4248/4126/4181 4212/4127/4182
f 4212/4127/4182 4117/4128/4183 4134/4125/4180
f 4122/4129/4184 4307/4130/4185 4218/4131/4186
f 4218/4131/4186 4226/4132/4187 4122/4129/4184
f 4128/4133/4188 4250/4134/4189 4292/4135/4190
f 4292/4135/4190 4243/4136/4191 4128/4133/4188
f 4271/4137/4192 4254/4138/4193 4129/4139/4194
f 4129/4139/4194 4130/4140/4195 4271/4137/4192
f 4283/4141/4196 4260/4142/4197 4163/4143/4198
f 4295/4144/4199 4336/4145/4200 4321/4146/4201
f 4295/4144/4199 4321/4146/4201 4304/4147/4202
f 4295/4144/4199 4304/4147/4202 4238/4148/4203
f 4113/4149/4204 4154/4150/4205 4137/4151/4206
f 4312/4152/4207 4327/4153/4208 4349/4154/4209
f 4333/4155/4210 4264/4156/4211 4344/4157/4212
f 4316/4158/4213 4341/4159/4214 4280/4160/4215
f 4280/4160/4215 4324/4161/4216 4316/4158/4213
f 4136/4162/4217 4155/4163/4218 4159/4164/4219
f 4159/4164/4219 4175/4165/4220 4136/4162/4217
f 4171/4166/4221 4267/4167/4222 4247/4168/4223
f 4247/4168/4223 4135/4169/4224 4171/4166/4221
f 4102/4170/4225 4192/4171/4226 4191/4172/4227
f 4107/4173/4228 4202/4174/4229 4200/4175/4230
f 4111/4176/4231 4213/4177/4232 4210/4178/4233
f 4210/4178/4233 4208/4179/4234 4111/4176/4231
f 4115/4180/4235 4221/4181/4236 4220/4182/4237
f 4120/4183/4238 4235/4184/4239 4230/4185/4240
f 4230/4185/4240 4228/4186/4241 4120/4183/4238
f 4124/4187/4242 4241/4188/4243 4240/4189/4244
f 4140/4190/4245 4256/4191/4246 4252/4192/4247
f 4144/4193/4248 4276/4194/4249 4273/4195/4250
f 4144/4193/4248 4273/4195/4250 4269/4196/4251
f 4144/4193/4248 4269/4196/4251 4266/4197/4252
f 4144/4193/4248 4266/4197/4252 4262/4198/4253
f 4148/4199/4254 4289/4200/4255 4285/4201/4256
f 4285/4201/4256 4282/4202/4257 4148/4199/4254
f 4152/4203/4258 4299/4204/4259 4297/4205/4260
f 4297/4205/4260 4294/4206/4261 4152/4203/4258
f 4157/4207/4262 4309/4208/4263 4306/4209/4264
f 4161/4210/4265 4319/4211/4266 4318/4212/4267
f 4318/4212/4267 4314/4213/4268 4161/4210/4265
f 4165/4214/4269 4331/4215/4270 4329/4216/4271
f 4329/4216/4271 4326/4217/4272 4165/4214/4269
f 4169/4218/4273 4339/4219/4274 4338/4220/4275
f 4173/4221/4276 4347/4222/4277 4346/4223/4278
f 4093/4224/4279 4255/4225/4280 4141/4226/4281
f 4141/4226/4281 4181/4227/4282 4093/4224/4279
f 4096/4228/4283 4275/4229/4284 4145/4230/4285
f 4145/4230/4285 4184/4231/4286 4096/4228/4283
f 4185/4232/4287 4288/4233/4288 4149/4234/4289
f 4149/4234/4289 4098/4235/4290 4185/4232/4287
f 4231/4236/4291 4245/4237/4292 4125/4238/4293
f 4125/4238/4293 4227/4239/4294 4231/4236/4291
f 4121/4240/4295 4190/4241/4296 4193/4242/4297
f 4193/4242/4297 4234/4243/4298 4121/4240/4295
f 4108/4244/4299 4195/4245/4300 4103/4246/4301
f 4103/4246/4301 4201/4247/4302 4108/4244/4299
f 4112/4248/4303 4101/4249/4304 4188/4250/4305
f 4188/4250/4305 4216/4251/4306 4112/4248/4303
f 4196/4252/4307 4229/4253/4308 4236/4254/4309
f 4236/4254/4309 4106/4255/4310 4196/4252/4307
f 4205/4256/4311 4199/4257/4312 4203/4258/4313
f 4203/4258/4313 4110/4259/4314 4205/4256/4311
f 4116/4260/4315 4209/4261/4316 4214/4262/4317
f 4214/4262/4317 4224/4263/4318 4116/4260/4315
f 4225/4264/4319 4219/4265/4320 4222/4266/4321
f 4222/4266/4321 4119/4267/4322 4225/4264/4319
f 4242/4268/4323 4293/4269/4324 4298/4270/4325
f 4298/4270/4325 4239/4271/4326 4242/4268/4323
f 4132/4272/4327 4207/4273/4328 4211/4274/4329
f 4211/4274/4329 4249/4275/4330 4132/4272/4327
f 4237/4276/4331 4305/4277/4332 4310/4278/4333
f 4310/4278/4333 4123/4279/4334 4237/4276/4331
f 4274/4280/4335 4131/4281/4336 4246/4282/4337
f 4246/4282/4337 4268/4283/4338 4274/4280/4335
f 4286/4284/4339 4164/4285/4340 4323/4286/4341
f 4323/4286/4341 4281/4287/4342 4286/4284/4339
f 4153/4288/4343 4090/4289/4344 4176/4290/4345
f 4176/4290/4345 4302/4291/4346 4153/4288/4343
f 4257/4292/4347 4151/4293/4348 4291/4294/4349
f 4291/4294/4349 4251/4295/4350 4257/4292/4347
f 4277/4296/4351 4139/4297/4352 4253/4298/4353
f 4253/4298/4353 4272/4299/4354 4277/4296/4351
f 4290/4300/4355 4143/4301/4356 4259/4302/4357
f 4259/4302/4357 4284/4303/4358 4290/4300/4355
f 4300/4304/4359 4168/4305/4360 4335/4306/4361
f 4335/4306/4361 4296/4307/4362 4300/4304/4359
f 4217/4308/4363 4308/4309/4364 4158/4310/4365
f 4158/4310/4365 4114/4311/4366 4217/4308/4363
f 4303/4312/4367 4322/4313/4368 4162/4314/4369
f 4162/4314/4369 4156/4315/4370 4303/4312/4367
f 4332/4316/4371 4345/4317/4372 4348/4318/4373
f 4348/4318/4373 4328/4319/4374 4332/4316/4371
f 4315/4320/4375 4325/4321/4376 4330/4322/4377
f 4330/4322/4377 4313/4323/4378 4315/4320/4375
f 4166/4324/4379 4261/4325/4380 4263/4326/4381
f 4263/4326/4381 4334/4327/4382 4166/4324/4379
f 4170/4328/4383 4147/4329/4384 4279/4330/4385
f 4279/4330/4385 4342/4331/4386 4170/4328/4383
f 4320/4332/4387 4337/4333/4388 4340/4334/4389
f 4340/4334/4389 4317/4335/4390 4320/4332/4387
f 4311/4336/4391 4350/4337/4392 4174/4338/4393
f 4174/4338/4393 4160/4339/4394 4311/4336/4391
f 4343/4340/4395 4265/4341/4396 4270/4342/4397
f 4270/4342/4397 4172/4343/4398 4343/4340/4395
f 4089/4082/4137 4094/4085/4140 4092/4103/4158
f 4092/4103/4158 4091/4102/4157 4089/4082/4137
f 4090/4289/4344 4153/4288/4343 4150/4083/4138
f 4150/4083/4138 4089/4082/4137 4090/4289/4344
f 4091/4102/4157 4178/4101/4156 4176/4290/4345
f 4176/4290/4345 4090/4289/4344 4091/4102/4157
f 4089/4082/4137 4091/4102/4157 4090/4289/4344
f 4093/4224/4279 4181/4227/4282 4179/4104/4159
f 4179/4104/4159 4092/4103/4158 4093/4224/4279
f 4094/4085/4140 4258/4084/4139 4255/4225/4280
f 4255/4225/4280 4093/4224/4279 4094/4085/4140
f 4092/4103/4158 4094/4085/4140 4093/4224/4279
f 4095/4105/4160 4179/4104/4159 4180/4087/4142
f 4180/4087/4142 4097/4086/4141 4095/4105/4160
f 4096/4228/4283 4184/4231/4286 4182/4106/4161
f 4182/4106/4161 4095/4105/4160 4096/4228/4283
f 4097/4086/4141 4278/4089/4144 4275/4229/4284
f 4275/4229/4284 4096/4228/4283 4097/4086/4141
f 4095/4105/4160 4097/4086/4141 4096/4228/4283
f 4098/4235/4290 4149/4234/4289 4146/4096/4151
f 4146/4096/4151 4100/4095/4150 4098/4235/4290
f 4099/4100/4155 4187/4099/4154 4185/4232/4287
f 4185/4232/4287 4098/4235/4290 4099/4100/4155
f 4100/4095/4150 4177/4094/4149 4178/4101/4156
f 4178/4101/4156 4099/4100/4155 4100/4095/4150
f 4098/4235/4290 4100/4095/4150 4099/4100/4155
f 4101/4249/4304 4112/4248/4303 4109/4114/4169
f 4109/4114/4169 4104/4116/4171 4101/4249/4304
f 4102/4170/4225 4191/4172/4227 4188/4250/4305
f 4188/4250/4305 4101/4249/4304 4102/4170/4225
f 4103/4246/4301 4195/4245/4300 4192/4171/4226
f 4192/4171/4226 4102/4170/4225 4103/4246/4301
f 4104/4116/4171 4204/4115/4170 4201/4247/4302
f 4201/4247/4302 4103/4246/4301 4104/4116/4171
f 4102/4170/4225 4101/4249/4304 4104/4116/4171
f 4104/4116/4171 4103/4246/4301 4102/4170/4225
f 4105/4111/4166 4194/4113/4168 4195/4245/4300
f 4195/4245/4300 4108/4244/4299 4105/4111/4166
f 4106/4255/4310 4236/4254/4309 4233/4112/4167
f 4233/4112/4167 4105/4111/4166 4106/4255/4310
f 4107/4173/4228 4200/4175/4230 4196/4252/4307
f 4196/4252/4307 4106/4255/4310 4107/4173/4228
f 4108/4244/4299 4201/4247/4302 4202/4174/4229
f 4202/4174/4229 4107/4173/4228 4108/4244/4299
f 4107/4173/4228 4106/4255/4310 4105/4111/4166
f 4105/4111/4166 4108/4244/4299 4107/4173/4228
f 4110/4259/4314 4203/4258/4313 4204/4115/4170
f 4204/4115/4170 4109/4114/4169 4110/4259/4314
f 4111/4176/4231 4208/4179/4234 4205/4256/4311
f 4205/4256/4311 4110/4259/4314 4111/4176/4231
f 4112/4248/4303 4216/4251/4306 4213/4177/4232
f 4213/4177/4232 4111/4176/4231 4112/4248/4303
f 4111/4176/4231 4110/4259/4314 4109/4114/4169
f 4109/4114/4169 4112/4248/4303 4111/4176/4231
f 4113/4149/4204 4137/4151/4206 4134/4125/4180
f 4134/4125/4180 4117/4128/4183 4113/4149/4204
f 4114/4311/4366 4158/4310/4365 4154/4150/4205
f 4154/4150/4205 4113/4149/4204 4114/4311/4366
f 4115/4180/4235 4220/4182/4237 4217/4308/4363
f 4217/4308/4363 4114/4311/4366 4115/4180/4235
f 4116/4260/4315 4224/4263/4318 4221/4181/4236
f 4221/4181/4236 4115/4180/4235 4116/4260/4315
f 4117/4128/4183 4212/4127/4182 4209/4261/4316
f 4209/4261/4316 4116/4260/4315 4117/4128/4183
f 4113/4149/4204 4117/4128/4183 4116/4260/4315
f 4113/4149/4204 4116/4260/4315 4115/4180/4235
f 4113/4149/4204 4115/4180/4235 4114/4311/4366
f 4118/4108/4163 4189/4107/4162 4190/4241/4296
f 4190/4241/4296 4121/4240/4295 4118/4108/4163
f 4119/4267/4322 4222/4266/4321 4223/4109/4164
f 4223/4109/4164 4118/4108/4163 4119/4267/4322
f 4120/4183/4238 4228/4186/4241 4225/4264/4319
f 4225/4264/4319 4119/4267/4322 4120/4183/4238
f 4121/4240/4295 4234/4243/4298 4235/4184/4239
f 4235/4184/4239 4120/4183/4238 4121/4240/4295
f 4120/4183/4238 4119/4267/4322 4118/4108/4163
f 4118/4108/4163 4121/4240/4295 4120/4183/4238
f 4122/4129/4184 4226/4132/4187 4227/4239/4294
f 4227/4239/4294 4125/4238/4293 4122/4129/4184
f 4123/4279/4334 4310/4278/4333 4307/4130/4185
f 4307/4130/4185 4122/4129/4184 4123/4279/4334
f 4124/4187/4242 4240/4189/4244 4237/4276/4331
f 4237/4276/4331 4123/4279/4334 4124/4187/4242
f 4125/4238/4293 4245/4237/4292 4241/4188/4243
f 4241/4188/4243 4124/4187/4242 4125/4238/4293
f 4124/4187/4242 4123/4279/4334 4122/4129/4184
f 4122/4129/4184 4125/4238/4293 4124/4187/4242
f 4126/4123/4178 4133/4122/4177 4130/4140/4195
f 4130/4140/4195 4129/4139/4194 4126/4123/4178
f 4127/4118/4173 4197/4117/4172 4198/4124/4179
f 4198/4124/4179 4126/4123/4178 4127/4118/4173
f 4128/4133/4188 4243/4136/4191 4244/4119/4174
f 4244/4119/4174 4127/4118/4173 4128/4133/4188
f 4129/4139/4194 4254/4138/4193 4250/4134/4189
f 4250/4134/4189 4128/4133/4188 4129/4139/4194
f 4128/4133/4188 4127/4118/4173 4126/4123/4178
f 4126/4123/4178 4129/4139/4194 4128/4133/4188
f 4131/4281/4336 4274/4280/4335 4271/4137/4192
f 4271/4137/4192 4130/4140/4195 4131/4281/4336
f 4132/4272/4327 4249/4275/4330 4246/4282/4337
f 4246/4282/4337 4131/4281/4336 4132/4272/4327
f 4133/4122/4177 4206/4121/4176 4207/4273/4328
f 4207/4273/4328 4132/4272/4327 4133/4122/4177
f 4132/4272/4327 4131/4281/4336 4130/4140/4195
f 4130/4140/4195 4133/4122/4177 4132/4272/4327
f 4135/4169/4224 4247/4168/4223 4248/4126/4181
f 4248/4126/4181 4134/4125/4180 4135/4169/4224
f 4136/4162/4217 4175/4165/4220 4171/4166/4221
f 4171/4166/4221 4135/4169/4224 4136/4162/4217
f 4137/4151/4206 4154/4150/4205 4155/4163/4218
f 4155/4163/4218 4136/4162/4217 4137/4151/4206
f 4137/4151/4206 4136/4162/4217 4135/4169/4224
f 4135/4169/4224 4134/4125/4180 4137/4151/4206
f 4138/4088/4143 4180/4087/4142 4181/4227/4282
f 4181/4227/4282 4141/4226/4281 4138/4088/4143
f 4139/4297/4352 4277/4296/4351 4278/4089/4144
f 4278/4089/4144 4138/4088/4143 4139/4297/4352
f 4140/4190/4245 4252/4192/4247 4253/4298/4353
f 4253/4298/4353 4139/4297/4352 4140/4190/4245
f 4141/4226/4281 4255/4225/4280 4256/4191/4246
f 4256/4191/4246 4140/4190/4245 4141/4226/4281
f 4140/4190/4245 4139/4297/4352 4138/4088/4143
f 4138/4088/4143 4141/4226/4281 4140/4190/4245
f 4142/4092/4147 4183/4091/4146 4184/4231/4286
f 4184/4231/4286 4145/4230/4285 4142/4092/4147
f 4143/4301/4356 4290/4300/4355 4287/4093/4148
f 4287/4093/4148 4142/4092/4147 4143/4301/4356
f 4144/4193/4248 4262/4198/4253 4259/4302/4357
f 4259/4302/4357 4143/4301/4356 4144/4193/4248
f 4145/4230/4285 4275/4229/4284 4276/4194/4249
f 4276/4194/4249 4144/4193/4248 4145/4230/4285
f 4144/4193/4248 4143/4301/4356 4142/4092/4147
f 4142/4092/4147 4145/4230/4285 4144/4193/4248
f 4147/4329/4384 4170/4328/4383 4167/4097/4152
f 4167/4097/4152 4146/4096/4151 4147/4329/4384
f 4148/4199/4254 4282/4202/4257 4279/4330/4385
f 4279/4330/4385 4147/4329/4384 4148/4199/4254
f 4149/4234/4289 4288/4233/4288 4289/4200/4255
f 4289/4200/4255 4148/4199/4254 4149/4234/4289
f 4148/4199/4254 4147/4329/4384 4146/4096/4151
f 4146/4096/4151 4149/4234/4289 4148/4199/4254
f 4151/4293/4348 4257/4292/4347 4258/4084/4139
f 4258/4084/4139 4150/4083/4138 4151/4293/4348
f 4152/4203/4258 4294/4206/4261 4291/4294/4349
f 4291/4294/4349 4151/4293/4348 4152/4203/4258
f 4153/4288/4343 4302/4291/4346 4299/4204/4259
f 4299/4204/4259 4152/4203/4258 4153/4288/4343
f 4152/4203/4258 4151/4293/4348 4150/4083/4138
f 4150/4083/4138 4153/4288/4343 4152/4203/4258
f 4156/4315/4370 4162/4314/4369 4159/4164/4219
f 4159/4164/4219 4155/4163/4218 4156/4315/4370
f 4157/4207/4262 4306/4209/4264 4303/4312/4367
f 4303/4312/4367 4156/4315/4370 4157/4207/4262
f 4158/4310/4365 4308/4309/4364 4309/4208/4263
f 4309/4208/4263 4157/4207/4262 4158/4310/4365
f 4154/4150/4205 4158/4310/4365 4157/4207/4262
f 4157/4207/4262 4156/4315/4370 4155/4163/4218
f 4154/4150/4205 4157/4207/4262 4155/4163/4218
f 4160/4339/4394 4174/4338/4393 4175/4165/4220
f 4175/4165/4220 4159/4164/4219 4160/4339/4394
f 4161/4210/4265 4314/4213/4268 4311/4336/4391
f 4311/4336/4391 4160/4339/4394 4161/4210/4265
f 4162/4314/4369 4322/4313/4368 4319/4211/4266
f 4319/4211/4266 4161/4210/4265 4162/4314/4369
f 4161/4210/4265 4160/4339/4394 4159/4164/4219
f 4159/4164/4219 4162/4314/4369 4161/4210/4265
f 4163/4143/4198 4260/4142/4197 4261/4325/4380
f 4261/4325/4380 4166/4324/4379 4163/4143/4198
f 4164/4285/4340 4286/4284/4339 4283/4141/4196
f 4283/4141/4196 4163/4143/4198 4164/4285/4340
f 4165/4214/4269 4326/4217/4272 4323/4286/4341
f 4323/4286/4341 4164/4285/4340 4165/4214/4269
f 4166/4324/4379 4334/4327/4382 4331/4215/4270
f 4331/4215/4270 4165/4214/4269 4166/4324/4379
f 4165/4214/4269 4164/4285/4340 4163/4143/4198
f 4163/4143/4198 4166/4324/4379 4165/4214/4269
f 4168/4305/4360 4300/4304/4359 4301/4098/4153
f 4301/4098/4153 4167/4097/4152 4168/4305/4360
f 4169/4218/4273 4338/4220/4275 4335/4306/4361
f 4335/4306/4361 4168/4305/4360 4169/4218/4273
f 4170/4328/4383 4342/4331/4386 4339/4219/4274
f 4339/4219/4274 4169/4218/4273 4170/4328/4383
f 4169/4218/4273 4168/4305/4360 4167/4097/4152
f 4167/4097/4152 4170/4328/4383 4169/4218/4273
f 4172/4343/4398 4270/4342/4397 4267/4167/4222
f 4267/4167/4222 4171/4166/4221 4172/4343/4398
f 4173/4221/4276 4346/4223/4278 4343/4340/4395
f 4343/4340/4395 4172/4343/4398 4173/4221/4276
f 4174/4338/4393 4350/4337/4392 4347/4222/4277
f 4347/4222/4277 4173/4221/4276 4174/4338/4393
f 4171/4166/4221 4175/4165/4220 4174/4338/4393
f 4171/4166/4221 4174/4338/4393 4173/4221/4276
f 4171/4166/4221 4173/4221/4276 4172/4343/4398
f 4177/4094/4149 4301/4098/4153 4302/4291/4346
f 4302/4291/4346 4176/4290/4345 4177/4094/4149
f 4176/4290/4345 4178/4101/4156 4177/4094/4149
f 4179/4104/4159 4181/4227/4282 4180/4087/4142
f 4183/4091/4146 4186/4090/4145 4187/4099/4154
f 4187/4099/4154 4182/4106/4161 4183/4091/4146
f 4182/4106/4161 4184/4231/4286 4183/4091/4146
f 4186/4090/4145 4287/4093/4148 4288/4233/4288
f 4288/4233/4288 4185/4232/4287 4186/4090/4145
f 4185/4232/4287 4187/4099/4154 4186/4090/4145
f 4189/4107/4162 4215/4110/4165 4216/4251/4306
f 4216/4251/4306 4188/4250/4305 4189/4107/4162
f 4191/4172/4227 4192/4171/4226 4193/4242/4297
f 4193/4242/4297 4190/4241/4296 4191/4172/4227
f 4191/4172/4227 4190/4241/4296 4189/4107/4162
f 4189/4107/4162 4188/4250/4305 4191/4172/4227
f 4194/4113/4168 4233/4112/4167 4234/4243/4298
f 4234/4243/4298 4193/4242/4297 4194/4113/4168
f 4192/4171/4226 4195/4245/4300 4194/4113/4168
f 4194/4113/4168 4193/4242/4297 4192/4171/4226
f 4197/4117/4172 4232/4120/4175 4229/4253/4308
f 4229/4253/4308 4196/4252/4307 4197/4117/4172
f 4199/4257/4312 4205/4256/4311 4206/4121/4176
f 4206/4121/4176 4198/4124/4179 4199/4257/4312
f 4200/4175/4230 4202/4174/4229 4203/4258/4313
f 4203/4258/4313 4199/4257/4312 4200/4175/4230
f 4197/4117/4172 4196/4252/4307 4200/4175/4230
f 4197/4117/4172 4200/4175/4230 4199/4257/4312
f 4197/4117/4172 4199/4257/4312 4198/4124/4179
f 4202/4174/4229 4201/4247/4302 4204/4115/4170
f 4204/4115/4170 4203/4258/4313 4202/4174/4229
f 4208/4179/4234 4210/4178/4233 4211/4274/4329
f 4211/4274/4329 4207/4273/4328 4208/4179/4234
f 4208/4179/4234 4207/4273/4328 4206/4121/4176
f 4206/4121/4176 4205/4256/4311 4208/4179/4234
f 4210/4178/4233 4213/4177/4232 4214/4262/4317
f 4214/4262/4317 4209/4261/4316 4210/4178/4233
f 4212/4127/4182 4248/4126/4181 4249/4275/4330
f 4249/4275/4330 4211/4274/4329 4212/4127/4182
f 4210/4178/4233 4209/4261/4316 4212/4127/4182
f 4212/4127/4182 4211/4274/4329 4210/4178/4233
f 4215/4110/4165 4223/4109/4164 4224/4263/4318
f 4224/4263/4318 4214/4262/4317 4215/4110/4165
f 4213/4177/4232 4216/4251/4306 4215/4110/4165
f 4215/4110/4165 4214/4262/4317 4213/4177/4232
f 4218/4131/4186 4307/4130/4185 4308/4309/4364
f 4308/4309/4364 4217/4308/4363 4218/4131/4186
f 4219/4265/4320 4225/4264/4319 4226/4132/4187
f 4226/4132/4187 4218/4131/4186 4219/4265/4320
f 4220/4182/4237 4221/4181/4236 4222/4266/4321
f 4222/4266/4321 4219/4265/4320 4220/4182/4237
f 4220/4182/4237 4219/4265/4320 4218/4131/4186
f 4218/4131/4186 4217/4308/4363 4220/4182/4237
f 4221/4181/4236 4224/4263/4318 4223/4109/4164
f 4223/4109/4164 4222/4266/4321 4221/4181/4236
f 4228/4186/4241 4230/4185/4240 4231/4236/4291
f 4231/4236/4291 4227/4239/4294 4228/4186/4241
f 4228/4186/4241 4227/4239/4294 4226/4132/4187
f 4226/4132/4187 4225/4264/4319 4228/4186/4241
f 4230/4185/4240 4235/4184/4239 4236/4254/4309
f 4236/4254/4309 4229/4253/4308 4230/4185/4240
f 4232/4120/4175 4244/4119/4174 4245/4237/4292
f 4245/4237/4292 4231/4236/4291 4232/4120/4175
f 4230/4185/4240 4229/4253/4308 4232/4120/4175
f 4232/4120/4175 4231/4236/4291 4230/4185/4240
f 4235/4184/4239 4234/4243/4298 4233/4112/4167
f 4233/4112/4167 4236/4254/4309 4235/4184/4239
f 4238/4148/4203 4304/4147/4202 4305/4277/4332
f 4305/4277/4332 4237/4276/4331 4238/4148/4203
f 4239/4271/4326 4298/4270/4325 4295/4144/4199
f 4295/4144/4199 4238/4148/4203 4239/4271/4326
f 4240/4189/4244 4241/4188/4243 4242/4268/4323
f 4242/4268/4323 4239/4271/4326 4240/4189/4244
f 4240/4189/4244 4239/4271/4326 4238/4148/4203
f 4238/4148/4203 4237/4276/4331 4240/4189/4244
f 4243/4136/4191 4292/4135/4190 4293/4269/4324
f 4293/4269/4324 4242/4268/4323 4243/4136/4191
f 4241/4188/4243 4245/4237/4292 4244/4119/4174
f 4244/4119/4174 4243/4136/4191 4242/4268/4323
f 4241/4188/4243 4244/4119/4174 4242/4268/4323
f 4247/4168/4223 4267/4167/4222 4268/4283/4338
f 4268/4283/4338 4246/4282/4337 4247/4168/4223
f 4247/4168/4223 4246/4282/4337 4249/4275/4330
f 4249/4275/4330 4248/4126/4181 4247/4168/4223
f 4251/4295/4350 4291/4294/4349 4292/4135/4190
f 4292/4135/4190 4250/4134/4189 4251/4295/4350
f 4252/4192/4247 4256/4191/4246 4257/4292/4347
f 4257/4292/4347 4251/4295/4350 4252/4192/4247
f 4254/4138/4193 4271/4137/4192 4272/4299/4354
f 4272/4299/4354 4253/4298/4353 4254/4138/4193
f 4250/4134/4189 4254/4138/4193 4253/4298/4353
f 4250/4134/4189 4253/4298/4353 4252/4192/4247
f 4250/4134/4189 4252/4192/4247 4251/4295/4350
f 4256/4191/4246 4255/4225/4280 4258/4084/4139
f 4258/4084/4139 4257/4292/4347 4256/4191/4246
f 4260/4142/4197 4283/4141/4196 4284/4303/4358
f 4284/4303/4358 4259/4302/4357 4260/4142/4197
f 4262/4198/4253 4266/4197/4252 4263/4326/4381
f 4263/4326/4381 4261/4325/4380 4262/4198/4253
f 4262/4198/4253 4261/4325/4380 4260/4142/4197
f 4260/4142/4197 4259/4302/4357 4262/4198/4253
f 4264/4156/4211 4333/4155/4210 4334/4327/4382
f 4334/4327/4382 4263/4326/4381 4264/4156/4211
f 4265/4341/4396 4343/4340/4395 4344/4157/4212
f 4344/4157/4212 4264/4156/4211 4265/4341/4396
f 4266/4197/4252 4269/4196/4251 4270/4342/4397
f 4270/4342/4397 4265/4341/4396 4266/4197/4252
f 4266/4197/4252 4265/4341/4396 4264/4156/4211
f 4264/4156/4211 4263/4326/4381 4266/4197/4252
f 4269/4196/4251 4273/4195/4250 4274/4280/4335
f 4274/4280/4335 4268/4283/4338 4269/4196/4251
f 4269/4196/4251 4268/4283/4338 4267/4167/4222
f 4267/4167/4222 4270/4342/4397 4269/4196/4251
f 4273/4195/4250 4276/4194/4249 4277/4296/4351
f 4277/4296/4351 4272/4299/4354 4273/4195/4250
f 4273/4195/4250 4272/4299/4354 4271/4137/4192
f 4271/4137/4192 4274/4280/4335 4273/4195/4250
f 4276/4194/4249 4275/4229/4284 4278/4089/4144
f 4278/4089/4144 4277/4296/4351 4276/4194/4249
f 4280/4160/4215 4341/4159/4214 4342/4331/4386
f 4342/4331/4386 4279/4330/4385 4280/4160/4215
f 4281/4287/4342 4323/4286/4341 4324/4161/4216
f 4324/4161/4216 4280/4160/4215 4281/4287/4342
f 4282/4202/4257 4285/4201/4256 4286/4284/4339
f 4286/4284/4339 4281/4287/4342 4282/4202/4257
f 4282/4202/4257 4281/4287/4342 4280/4160/4215
f 4280/4160/4215 4279/4330/4385 4282/4202/4257
f 4285/4201/4256 4289/4200/4255 4290/4300/4355
f 4290/4300/4355 4284/4303/4358 4285/4201/4256
f 4285/4201/4256 4284/4303/4358 4283/4141/4196
f 4283/4141/4196 4286/4284/4339 4285/4201/4256
f 4289/4200/4255 4288/4233/4288 4287/4093/4148
f 4287/4093/4148 4290/4300/4355 4289/4200/4255
f 4294/4206/4261 4297/4205/4260 4298/4270/4325
f 4298/4270/4325 4293/4269/4324 4294/4206/4261
f 4294/4206/4261 4293/4269/4324 4292/4135/4190
f 4292/4135/4190 4291/4294/4349 4294/4206/4261
f 4296/4307/4362 4335/4306/4361 4336/4145/4200
f 4336/4145/4200 4295/4144/4199 4296/4307/4362
f 4297/4205/4260 4299/4204/4259 4300/4304/4359
f 4300/4304/4359 4296/4307/4362 4297/4205/4260
f 4297/4205/4260 4296/4307/4362 4295/4144/4199
f 4295/4144/4199 4298/4270/4325 4297/4205/4260
f 4299/4204/4259 4302/4291/4346 4301/4098/4153
f 4301/4098/4153 4300/4304/4359 4299/4204/4259
f 4304/4147/4202 4321/4146/4201 4322/4313/4368
f 4322/4313/4368 4303/4312/4367 4304/4147/4202
f 4306/4209/4264 4309/4208/4263 4310/4278/4333
f 4310/4278/4333 4305/4277/4332 4306/4209/4264
f 4306/4209/4264 4305/4277/4332 4304/4147/4202
f 4304/4147/4202 4303/4312/4367 4306/4209/4264
f 4309/4208/4263 4308/4309/4364 4307/4130/4185
f 4307/4130/4185 4310/4278/4333 4309/4208/4263
f 4312/4152/4207 4349/4154/4209 4350/4337/4392
f 4350/4337/4392 4311/4336/4391 4312/4152/4207
f 4313/4323/4378 4330/4322/4377 4327/4153/4208
f 4327/4153/4208 4312/4152/4207 4313/4323/4378
f 4314/4213/4268 4318/4212/4267 4315/4320/4375
f 4315/4320/4375 4313/4323/4378 4314/4213/4268
f 4314/4213/4268 4313/4323/4378 4312/4152/4207
f 4312/4152/4207 4311/4336/4391 4314/4213/4268
f 4316/4158/4213 4324/4161/4216 4325/4321/4376
f 4325/4321/4376 4315/4320/4375 4316/4158/4213
f 4317/4335/4390 4340/4334/4389 4341/4159/4214
f 4341/4159/4214 4316/4158/4213 4317/4335/4390
f 4318/4212/4267 4319/4211/4266 4320/4332/4387
f 4320/4332/4387 4317/4335/4390 4318/4212/4267
f 4318/4212/4267 4317/4335/4390 4316/4158/4213
f 4316/4158/4213 4315/4320/4375 4318/4212/4267
f 4321/4146/4201 4336/4145/4200 4337/4333/4388
f 4337/4333/4388 4320/4332/4387 4321/4146/4201
f 4319/4211/4266 4322/4313/4368 4321/4146/4201
f 4321/4146/4201 4320/4332/4387 4319/4211/4266
f 4326/4217/4272 4329/4216/4271 4330/4322/4377
f 4330/4322/4377 4325/4321/4376 4326/4217/4272
f 4326/4217/4272 4325/4321/4376 4324/4161/4216
f 4324/4161/4216 4323/4286/4341 4326/4217/4272
f 4328/4319/4374 4348/4318/4373 4349/4154/4209
f 4349/4154/4209 4327/4153/4208 4328/4319/4374
f 4329/4216/4271 4331/4215/4270 4332/4316/4371
f 4332/4316/4371 4328/4319/4374 4329/4216/4271
f 4329/4216/4271 4328/4319/4374 4327/4153/4208
f 4327/4153/4208 4330/4322/4377 4329/4216/4271
f 4333/4155/4210 4344/4157/4212 4345/4317/4372
f 4345/4317/4372 4332/4316/4371 4333/4155/4210
f 4331/4215/4270 4334/4327/4382 4333/4155/4210
f 4333/4155/4210 4332/4316/4371 4331/4215/4270
f 4338/4220/4275 4339/4219/4274 4340/4334/4389
f 4340/4334/4389 4337/4333/4388 4338/4220/4275
f 4338/4220/4275 4337/4333/4388 4336/4145/4200
f 4336/4145/4200 4335/4306/4361 4338/4220/4275
f 4339/4219/4274 4342/4331/4386 4341/4159/4214
f 4341/4159/4214 4340/4334/4389 4339/4219/4274
f 4346/4223/4278 4347/4222/4277 4348/4318/4373
f 4348/4318/4373 4345/4317/4372 4346/4223/4278
f 4346/4223/4278 4345/4317/4372 4344/4157/4212
f 4344/4157/4212 4343/4340/4395 4346/4223/4278
f 4347/4222/4277 4350/4337/4392 4349/4154/4209
f 4349/4154/4209 4348/4318/4373 4347/4222/4277
f 4354/4344/4399 4454/4345/4400 4407/4346/4401
f 4448/4347/4402 4553/4348/4403 4599/4349/4404
f 4599/4349/4404 4409/4350/4405 4448/4347/4402
f 4470/4351/4406 4499/4352/4407 4379/4353/4408
f 4379/4353/4408 4362/4354/4409 4470/4351/4406
f 4472/4355/4410 4511/4356/4411 4383/4357/4412
f 4383/4357/4412 4464/4358/4413 4472/4355/4410
f 4440/4359/4414 4417/4360/4415 4387/4361/4416
f 4387/4361/4416 4370/4362/4417 4440/4359/4414
f 4445/4363/4418 4475/4364/4419 4363/4365/4420
f 4445/4363/4418 4363/4365/4420 4461/4366/4421
f 4445/4363/4418 4461/4366/4421 4403/4367/4422
f 4445/4363/4418 4403/4367/4422 4358/4368/4423
f 4611/4369/4424 4411/4370/4425 4598/4371/4426
f 4598/4371/4426 4564/4372/4427 4611/4369/4424
f 4579/4373/4428 4419/4374/4429 4480/4375/4430
f 4480/4375/4430 4498/4376/4431 4579/4373/4428
f 4510/4377/4432 4591/4378/4433 4423/4379/4434
f 4423/4379/4434 4492/4380/4435 4510/4377/4432
f 4415/4381/4436 4430/4382/4437 4504/4383/4438
f 4435/4384/4439 4376/4385/4440 4626/4386/4441
f 4391/4387/4442 4378/4388/4443 4622/4389/4444
f 4395/4390/4445 4372/4391/4446 4526/4392/4447
f 4548/4393/4448 4456/4394/4449 4489/4395/4450
f 4489/4395/4450 4605/4396/4451 4548/4393/4448
f 4559/4397/4452 4516/4398/4453 4618/4399/4454
f 4431/4400/4455 4486/4401/4456 4569/4402/4457
f 4575/4403/4458 4528/4404/4459 4520/4405/4460
f 4520/4405/4460 4556/4406/4461 4575/4403/4458
f 4587/4407/4462 4399/4408/4463 4534/4409/4464
f 4534/4409/4464 4572/4410/4465 4587/4407/4462
f 4413/4411/4466 4610/4412/4467 4540/4413/4468
f 4540/4413/4468 4583/4414/4469 4413/4411/4466
f 4352/4415/4470 4442/4416/4471 4443/4417/4472
f 4356/4418/4473 4450/4419/4474 4452/4420/4475
f 4360/4421/4476 4458/4422/4477 4459/4423/4478
f 4365/4424/4479 4466/4425/4480 4468/4426/4481
f 4368/4427/4482 4474/4428/4483 4477/4429/4484
f 4381/4430/4485 4482/4431/4486 4484/4432/4487
f 4484/4432/4487 4487/4433/4488 4381/4430/4485
f 4385/4434/4489 4494/4435/4490 4496/4436/4491
f 4496/4436/4491 4501/4437/4492 4385/4434/4489
f 4389/4438/4493 4506/4439/4494 4508/4440/4495
f 4508/4440/4495 4513/4441/4496 4389/4438/4493
f 4393/4442/4497 4518/4443/4498 4522/4444/4499
f 4522/4444/4499 4524/4445/4500 4393/4442/4497
f 4397/4446/4501 4530/4447/4502 4532/4448/4503
f 4532/4448/4503 4536/4449/4504 4397/4446/4501
f 4405/4450/4505 4550/4451/4506 4551/4452/4507
f 4421/4453/4508 4558/4454/4509 4561/4455/4510
f 4421/4453/4508 4561/4455/4510 4566/4456/4511
f 4421/4453/4508 4566/4456/4511 4567/4457/4512
f 4425/4458/4513 4574/4459/4514 4577/4460/4515
f 4577/4460/4515 4581/4461/4516 4425/4458/4513
f 4428/4462/4517 4585/4463/4518 4589/4464/4519
f 4589/4464/4519 4593/4465/4520 4428/4462/4517
f 4433/4466/4521 4596/4467/4522 4601/4468/4523
f 4601/4468/4523 4603/4469/4524 4433/4466/4521
f 4437/4470/4525 4608/4471/4526 4613/4472/4527
f 4437/4470/4525 4613/4472/4527 4616/4473/4528
f 4437/4470/4525 4616/4473/4528 4620/4474/4529
f 4353/4475/4530 4446/4476/4531 4357/4477/4532
f 4357/4477/4532 4451/4478/4533 4353/4475/4530
f 4453/4479/4534 4449/4480/4535 4408/4481/4536
f 4447/4482/4537 4355/4483/4538 4406/4484/4539
f 4406/4484/4539 4554/4485/4540 4447/4482/4537
f 4455/4486/4541 4359/4487/4542 4382/4488/4543
f 4382/4488/4543 4490/4489/4544 4455/4486/4541
f 4361/4490/4545 4462/4491/4546 4366/4492/4547
f 4366/4492/4547 4467/4493/4548 4361/4490/4545
f 4469/4494/4549 4465/4495/4550 4386/4496/4551
f 4386/4496/4551 4500/4497/4552 4469/4494/4549
f 4463/4498/4553 4364/4499/4554 4478/4500/4555
f 4478/4500/4555 4473/4501/4556 4463/4498/4553
f 4471/4502/4557 4367/4503/4558 4390/4504/4559
f 4390/4504/4559 4512/4505/4560 4471/4502/4557
f 4369/4506/4561 4476/4507/4562 4444/4508/4563
f 4444/4508/4563 4441/4509/4564 4369/4506/4561
f 4418/4510/4565 4439/4511/4566 4351/4512/4567
f 4485/4513/4568 4481/4514/4569 4422/4515/4570
f 4422/4515/4570 4570/4516/4571 4485/4513/4568
f 4497/4517/4572 4493/4518/4573 4426/4519/4574
f 4426/4519/4574 4580/4520/4575 4497/4517/4572
f 4509/4521/4576 4505/4522/4577 4429/4523/4578
f 4429/4523/4578 4592/4524/4579 4509/4521/4576
f 4488/4525/4580 4483/4526/4581 4434/4527/4582
f 4434/4527/4582 4606/4528/4583 4488/4525/4580
f 4502/4529/4584 4495/4530/4585 4479/4531/4586
f 4479/4531/4586 4380/4532/4587 4502/4529/4584
f 4514/4533/4588 4507/4534/4589 4491/4535/4590
f 4491/4535/4590 4384/4536/4591 4514/4533/4588
f 4416/4537/4592 4503/4538/4593 4388/4539/4594
f 4614/4540/4595 4607/4541/4596 4412/4542/4597
f 4438/4543/4598 4619/4544/4599 4377/4545/4600
f 4394/4546/4601 4523/4547/4602 4371/4548/4603
f 4398/4549/4604 4535/4550/4605 4373/4551/4606
f 4515/4552/4607 4392/4553/4608 4621/4554/4609
f 4621/4554/4609 4615/4555/4610 4515/4552/4607
f 4527/4556/4611 4396/4557/4612 4525/4558/4613
f 4525/4558/4613 4521/4559/4614 4527/4556/4611
f 4402/4560/4615 4544/4561/4616 4537/4562/4617
f 4537/4562/4617 4531/4563/4618 4402/4560/4615
f 4609/4564/4619 4436/4565/4620 4625/4566/4621
f 4625/4566/4621 4541/4567/4622 4609/4564/4619
f 4547/4568/4623 4404/4569/4624 4460/4570/4625
f 4460/4570/4625 4457/4571/4626 4547/4568/4623
f 4562/4572/4627 4557/4573/4628 4519/4574/4629
f 4519/4574/4629 4517/4575/4630 4562/4572/4627
f 4578/4576/4631 4573/4577/4632 4533/4578/4633
f 4533/4578/4633 4529/4579/4634 4578/4576/4631
f 4590/4580/4635 4584/4581/4636 4539/4582/4637
f 4539/4582/4637 4400/4583/4638 4590/4580/4635
f 4602/4584/4639 4595/4585/4640 4410/4586/4641
f 4552/4587/4642 4549/4588/4643 4604/4589/4644
f 4604/4589/4644 4600/4590/4645 4552/4587/4642
f 4563/4591/4646 4560/4592/4647 4617/4593/4648
f 4617/4593/4648 4612/4594/4649 4563/4591/4646
f 4597/4595/4650 4432/4596/4651 4568/4597/4652
f 4568/4597/4652 4565/4598/4653 4597/4595/4650
f 4582/4599/4654 4576/4600/4655 4555/4601/4656
f 4555/4601/4656 4420/4602/4657 4582/4599/4654
f 4594/4603/4658 4588/4604/4659 4571/4605/4660
f 4571/4605/4660 4424/4606/4661 4594/4603/4658
f 4414/4607/4662 4586/4608/4663 4427/4609/4664
f 4374/4610/4665 4538/4611/4666 4543/4612/4667
f 4545/4613/4668 4401/4614/4669 4542/4615/4670
f 4542/4615/4670 4624/4616/4671 4545/4613/4668
f 4375/4617/4672 4546/4618/4673 4623/4619/4674
f 4351/4512/4567 4354/4344/4399 4407/4346/4401
f 4407/4346/4401 4418/4510/4565 4351/4512/4567
f 4352/4415/4470 4351/4512/4567 4439/4511/4566
f 4439/4511/4566 4442/4416/4471 4352/4415/4470
f 4353/4475/4530 4352/4415/4470 4443/4417/4472
f 4443/4417/4472 4446/4476/4531 4353/4475/4530
f 4354/4344/4399 4353/4475/4530 4451/4478/4533
f 4451/4478/4533 4454/4345/4400 4354/4344/4399
f 4352/4415/4470 4353/4475/4530 4354/4344/4399
f 4354/4344/4399 4351/4512/4567 4352/4415/4470
f 4355/4483/4538 4358/4368/4423 4403/4367/4422
f 4403/4367/4422 4406/4484/4539 4355/4483/4538
f 4356/4418/4473 4355/4483/4538 4447/4482/4537
f 4447/4482/4537 4450/4419/4474 4356/4418/4473
f 4357/4477/4532 4356/4418/4473 4452/4420/4475
f 4452/4420/4475 4451/4478/4533 4357/4477/4532
f 4358/4368/4423 4357/4477/4532 4446/4476/4531
f 4446/4476/4531 4445/4363/4418 4358/4368/4423
f 4356/4418/4473 4357/4477/4532 4358/4368/4423
f 4358/4368/4423 4355/4483/4538 4356/4418/4473
f 4359/4487/4542 4362/4354/4409 4379/4353/4408
f 4379/4353/4408 4382/4488/4543 4359/4487/4542
f 4360/4421/4476 4359/4487/4542 4455/4486/4541
f 4455/4486/4541 4458/4422/4477 4360/4421/4476
f 4361/4490/4545 4360/4421/4476 4459/4423/4478
f 4459/4423/4478 4462/4491/4546 4361/4490/4545
f 4362/4354/4409 4361/4490/4545 4467/4493/4548
f 4467/4493/4548 4470/4351/4406 4362/4354/4409
f 4360/4421/4476 4361/4490/4545 4362/4354/4409
f 4362/4354/4409 4359/4487/4542 4360/4421/4476
f 4363/4365/4420 4366/4492/4547 4462/4491/4546
f 4462/4491/4546 4461/4366/4421 4363/4365/4420
f 4364/4499/4554 4363/4365/4420 4475/4364/4419
f 4475/4364/4419 4478/4500/4555 4364/4499/4554
f 4365/4424/4479 4364/4499/4554 4463/4498/4553
f 4463/4498/4553 4466/4425/4480 4365/4424/4479
f 4366/4492/4547 4365/4424/4479 4468/4426/4481
f 4468/4426/4481 4467/4493/4548 4366/4492/4547
f 4365/4424/4479 4366/4492/4547 4363/4365/4420
f 4363/4365/4420 4364/4499/4554 4365/4424/4479
f 4367/4503/4558 4370/4362/4417 4387/4361/4416
f 4387/4361/4416 4390/4504/4559 4367/4503/4558
f 4368/4427/4482 4367/4503/4558 4471/4502/4557
f 4471/4502/4557 4474/4428/4483 4368/4427/4482
f 4369/4506/4561 4368/4427/4482 4477/4429/4484
f 4477/4429/4484 4476/4507/4562 4369/4506/4561
f 4370/4362/4417 4369/4506/4561 4441/4509/4564
f 4441/4509/4564 4440/4359/4414 4370/4362/4417
f 4368/4427/4482 4369/4506/4561 4370/4362/4417
f 4370/4362/4417 4367/4503/4558 4368/4427/4482
f 4371/4548/4603 4378/4388/4443 4391/4387/4442
f 4391/4387/4442 4394/4546/4601 4371/4548/4603
f 4372/4391/4446 4371/4548/4603 4523/4547/4602
f 4523/4547/4602 4526/4392/4447 4372/4391/4446
f 4373/4551/4606 4372/4391/4446 4395/4390/4445
f 4395/4390/4445 4398/4549/4604 4373/4551/4606
f 4374/4610/4665 4373/4551/4606 4535/4550/4605
f 4535/4550/4605 4538/4611/4666 4374/4610/4665
f 4375/4617/4672 4374/4610/4665 4543/4612/4667
f 4543/4612/4667 4546/4618/4673 4375/4617/4672
f 4376/4385/4440 4375/4617/4672 4623/4619/4674
f 4623/4619/4674 4626/4386/4441 4376/4385/4440
f 4377/4545/4600 4376/4385/4440 4435/4384/4439
f 4435/4384/4439 4438/4543/4598 4377/4545/4600
f 4378/4388/4443 4377/4545/4600 4619/4544/4599
f 4619/4544/4599 4622/4389/4444 4378/4388/4443
f 4372/4391/4446 4373/4551/4606 4374/4610/4665
f 4374/4610/4665 4375/4617/4672 4376/4385/4440
f 4372/4391/4446 4374/4610/4665 4376/4385/4440
f 4376/4385/4440 4377/4545/4600 4378/4388/4443
f 4376/4385/4440 4378/4388/4443 4371/4548/4603
f 4372/4391/4446 4376/4385/4440 4371/4548/4603
f 4380/4532/4587 4379/4353/4408 4499/4352/4407
f 4499/4352/4407 4502/4529/4584 4380/4532/4587
f 4381/4430/4485 4380/4532/4587 4479/4531/4586
f 4479/4531/4586 4482/4431/4486 4381/4430/4485
f 4382/4488/4543 4381/4430/4485 4487/4433/4488
f 4487/4433/4488 4490/4489/4544 4382/4488/4543
f 4381/4430/4485 4382/4488/4543 4379/4353/4408
f 4379/4353/4408 4380/4532/4587 4381/4430/4485
f 4383/4357/4412 4386/4496/4551 4465/4495/4550
f 4465/4495/4550 4464/4358/4413 4383/4357/4412
f 4384/4536/4591 4383/4357/4412 4511/4356/4411
f 4511/4356/4411 4514/4533/4588 4384/4536/4591
f 4385/4434/4489 4384/4536/4591 4491/4535/4590
f 4491/4535/4590 4494/4435/4490 4385/4434/4489
f 4386/4496/4551 4385/4434/4489 4501/4437/4492
f 4501/4437/4492 4500/4497/4552 4386/4496/4551
f 4385/4434/4489 4386/4496/4551 4383/4357/4412
f 4383/4357/4412 4384/4536/4591 4385/4434/4489
f 4388/4539/4594 4387/4361/4416 4417/4360/4415
f 4417/4360/4415 4416/4537/4592 4388/4539/4594
f 4389/4438/4493 4388/4539/4594 4503/4538/4593
f 4503/4538/4593 4506/4439/4494 4389/4438/4493
f 4390/4504/4559 4389/4438/4493 4513/4441/4496
f 4513/4441/4496 4512/4505/4560 4390/4504/4559
f 4389/4438/4493 4390/4504/4559 4387/4361/4416
f 4387/4361/4416 4388/4539/4594 4389/4438/4493
f 4392/4553/4608 4391/4387/4442 4622/4389/4444
f 4622/4389/4444 4621/4554/4609 4392/4553/4608
f 4393/4442/4497 4392/4553/4608 4515/4552/4607
f 4515/4552/4607 4518/4443/4498 4393/4442/4497
f 4394/4546/4601 4393/4442/4497 4524/4445/4500
f 4524/4445/4500 4523/4547/4602 4394/4546/4601
f 4393/4442/4497 4394/4546/4601 4391/4387/4442
f 4391/4387/4442 4392/4553/4608 4393/4442/4497
f 4396/4557/4612 4395/4390/4445 4526/4392/4447
f 4526/4392/4447 4525/4558/4613 4396/4557/4612
f 4397/4446/4501 4396/4557/4612 4527/4556/4611
f 4527/4556/4611 4530/4447/4502 4397/4446/4501
f 4398/4549/4604 4397/4446/4501 4536/4449/4504
f 4536/4449/4504 4535/4550/4605 4398/4549/4604
f 4397/4446/4501 4398/4549/4604 4395/4390/4445
f 4395/4390/4445 4396/4557/4612 4397/4446/4501
f 4399/4408/4463 4402/4560/4615 4531/4563/4618
f 4531/4563/4618 4534/4409/4464 4399/4408/4463
f 4400/4583/4638 4399/4408/4463 4587/4407/4462
f 4587/4407/4462 4590/4580/4635 4400/4583/4638
f 4401/4614/4669 4400/4583/4638 4539/4582/4637
f 4539/4582/4637 4542/4615/4670 4401/4614/4669
f 4402/4560/4615 4401/4614/4669 4545/4613/4668
f 4545/4613/4668 4544/4561/4616 4402/4560/4615
f 4401/4614/4669 4402/4560/4615 4399/4408/4463
f 4399/4408/4463 4400/4583/4638 4401/4614/4669
f 4404/4569/4624 4403/4367/4422 4461/4366/4421
f 4461/4366/4421 4460/4570/4625 4404/4569/4624
f 4405/4450/4505 4404/4569/4624 4547/4568/4623
f 4547/4568/4623 4550/4451/4506 4405/4450/4505
f 4406/4484/4539 4405/4450/4505 4551/4452/4507
f 4551/4452/4507 4554/4485/4540 4406/4484/4539
f 4405/4450/4505 4406/4484/4539 4403/4367/4422
f 4403/4367/4422 4404/4569/4624 4405/4450/4505
f 4408/4481/4536 4407/4346/4401 4454/4345/4400
f 4454/4345/4400 4453/4479/4534 4408/4481/4536
f 4409/4350/4405 4408/4481/4536 4449/4480/4535
f 4449/4480/4535 4448/4347/4402 4409/4350/4405
f 4410/4586/4641 4409/4350/4405 4599/4349/4404
f 4599/4349/4404 4602/4584/4639 4410/4586/4641
f 4411/4370/4425 4410/4586/4641 4595/4585/4640
f 4595/4585/4640 4598/4371/4426 4411/4370/4425
f 4412/4542/4597 4411/4370/4425 4611/4369/4424
f 4611/4369/4424 4614/4540/4595 4412/4542/4597
f 4413/4411/4466 4412/4542/4597 4607/4541/4596
f 4607/4541/4596 4610/4412/4467 4413/4411/4466
f 4414/4607/4662 4413/4411/4466 4583/4414/4469
f 4583/4414/4469 4586/4608/4663 4414/4607/4662
f 4415/4381/4436 4414/4607/4662 4427/4609/4664
f 4427/4609/4664 4430/4382/4437 4415/4381/4436
f 4416/4537/4592 4415/4381/4436 4504/4383/4438
f 4504/4383/4438 4503/4538/4593 4416/4537/4592
f 4418/4510/4565 4417/4360/4415 4440/4359/4414
f 4440/4359/4414 4439/4511/4566 4418/4510/4565
f 4407/4346/4401 4408/4481/4536 4409/4350/4405
f 4410/4586/4641 4411/4370/4425 4412/4542/4597
f 4410/4586/4641 4412/4542/4597 4413/4411/4466
f 4410/4586/4641 4413/4411/4466 4414/4607/4662
f 4410/4586/4641 4414/4607/4662 4415/4381/4436
f 4410/4586/4641 4415/4381/4436 4416/4537/4592
f 4409/4350/4405 4410/4586/4641 4416/4537/4592
f 4409/4350/4405 4416/4537/4592 4417/4360/4415
f 4407/4346/4401 4409/4350/4405 4417/4360/4415
f 4407/4346/4401 4417/4360/4415 4418/4510/4565
f 4419/4374/4429 4422/4515/4570 4481/4514/4569
f 4481/4514/4569 4480/4375/4430 4419/4374/4429
f 4420/4602/4657 4419/4374/4429 4579/4373/4428
f 4579/4373/4428 4582/4599/4654 4420/4602/4657
f 4421/4453/4508 4420/4602/4657 4555/4601/4656
f 4555/4601/4656 4558/4454/4509 4421/4453/4508
f 4422/4515/4570 4421/4453/4508 4567/4457/4512
f 4567/4457/4512 4570/4516/4571 4422/4515/4570
f 4421/4453/4508 4422/4515/4570 4419/4374/4429
f 4419/4374/4429 4420/4602/4657 4421/4453/4508
f 4423/4379/4434 4426/4519/4574 4493/4518/4573
f 4493/4518/4573 4492/4380/4435 4423/4379/4434
f 4424/4606/4661 4423/4379/4434 4591/4378/4433
f 4591/4378/4433 4594/4603/4658 4424/4606/4661
f 4425/4458/4513 4424/4606/4661 4571/4605/4660
f 4571/4605/4660 4574/4459/4514 4425/4458/4513
f 4426/4519/4574 4425/4458/4513 4581/4461/4516
f 4581/4461/4516 4580/4520/4575 4426/4519/4574
f 4425/4458/4513 4426/4519/4574 4423/4379/4434
f 4423/4379/4434 4424/4606/4661 4425/4458/4513
f 4428/4462/4517 4427/4609/4664 4586/4608/4663
f 4586/4608/4663 4585/4463/4518 4428/4462/4517
f 4429/4523/4578 4428/4462/4517 4593/4465/4520
f 4593/4465/4520 4592/4524/4579 4429/4523/4578
f 4430/4382/4437 4429/4523/4578 4505/4522/4577
f 4505/4522/4577 4504/4383/4438 4430/4382/4437
f 4428/4462/4517 4429/4523/4578 4430/4382/4437
f 4430/4382/4437 4427/4609/4664 4428/4462/4517
f 4431/4400/4455 4434/4527/4582 4483/4526/4581
f 4483/4526/4581 4486/4401/4456 4431/4400/4455
f 4432/4596/4651 4431/4400/4455 4569/4402/4457
f 4569/4402/4457 4568/4597/4652 4432/4596/4651
f 4433/4466/4521 4432/4596/4651 4597/4595/4650
f 4597/4595/4650 4596/4467/4522 4433/4466/4521
f 4434/4527/4582 4433/4466/4521 4603/4469/4524
f 4603/4469/4524 4606/4528/4583 4434/4527/4582
f 4433/4466/4521 4434/4527/4582 4431/4400/4455
f 4431/4400/4455 4432/4596/4651 4433/4466/4521
f 4436/4565/4620 4435/4384/4439 4626/4386/4441
f 4626/4386/4441 4625/4566/4621 4436/4565/4620
f 4437/4470/4525 4436/4565/4620 4609/4564/4619
f 4609/4564/4619 4608/4471/4526 4437/4470/4525
f 4438/4543/4598 4437/4470/4525 4620/4474/4529
f 4620/4474/4529 4619/4544/4599 4438/4543/4598
f 4437/4470/4525 4438/4543/4598 4435/4384/4439
f 4435/4384/4439 4436/4565/4620 4437/4470/4525
f 4442/4416/4471 4441/4509/4564 4444/4508/4563
f 4444/4508/4563 4443/4417/4472 4442/4416/4471
f 4442/4416/4471 4439/4511/4566 4440/4359/4414
f 4440/4359/4414 4441/4509/4564 4442/4416/4471
f 4445/4363/4418 4444/4508/4563 4476/4507/4562
f 4476/4507/4562 4475/4364/4419 4445/4363/4418
f 4443/4417/4472 4444/4508/4563 4445/4363/4418
f 4445/4363/4418 4446/4476/4531 4443/4417/4472
f 4448/4347/4402 4447/4482/4537 4554/4485/4540
f 4554/4485/4540 4553/4348/4403 4448/4347/4402
f 4450/4419/4474 4449/4480/4535 4453/4479/4534
f 4453/4479/4534 4452/4420/4475 4450/4419/4474
f 4450/4419/4474 4447/4482/4537 4448/4347/4402
f 4448/4347/4402 4449/4480/4535 4450/4419/4474
f 4452/4420/4475 4453/4479/4534 4454/4345/4400
f 4454/4345/4400 4451/4478/4533 4452/4420/4475
f 4456/4394/4449 4455/4486/4541 4490/4489/4544
f 4490/4489/4544 4489/4395/4450 4456/4394/4449
f 4457/4571/4626 4456/4394/4449 4548/4393/4448
f 4548/4393/4448 4547/4568/4623 4457/4571/4626
f 4458/4422/4477 4457/4571/4626 4460/4570/4625
f 4460/4570/4625 4459/4423/4478 4458/4422/4477
f 4458/4422/4477 4455/4486/4541 4456/4394/4449
f 4456/4394/4449 4457/4571/4626 4458/4422/4477
f 4459/4423/4478 4460/4570/4625 4461/4366/4421
f 4461/4366/4421 4462/4491/4546 4459/4423/4478
f 4464/4358/4413 4463/4498/4553 4473/4501/4556
f 4473/4501/4556 4472/4355/4410 4464/4358/4413
f 4466/4425/4480 4465/4495/4550 4469/4494/4549
f 4469/4494/4549 4468/4426/4481 4466/4425/4480
f 4466/4425/4480 4463/4498/4553 4464/4358/4413
f 4464/4358/4413 4465/4495/4550 4466/4425/4480
f 4470/4351/4406 4469/4494/4549 4500/4497/4552
f 4500/4497/4552 4499/4352/4407 4470/4351/4406
f 4468/4426/4481 4469/4494/4549 4470/4351/4406
f 4470/4351/4406 4467/4493/4548 4468/4426/4481
f 4472/4355/4410 4471/4502/4557 4512/4505/4560
f 4512/4505/4560 4511/4356/4411 4472/4355/4410
f 4474/4428/4483 4473/4501/4556 4478/4500/4555
f 4478/4500/4555 4477/4429/4484 4474/4428/4483
f 4474/4428/4483 4471/4502/4557 4472/4355/4410
f 4472/4355/4410 4473/4501/4556 4474/4428/4483
f 4477/4429/4484 4478/4500/4555 4475/4364/4419
f 4475/4364/4419 4476/4507/4562 4477/4429/4484
f 4480/4375/4430 4479/4531/4586 4495/4530/4585
f 4495/4530/4585 4498/4376/4431 4480/4375/4430
f 4482/4431/4486 4481/4514/4569 4485/4513/4568
f 4485/4513/4568 4484/4432/4487 4482/4431/4486
f 4482/4431/4486 4479/4531/4586 4480/4375/4430
f 4480/4375/4430 4481/4514/4569 4482/4431/4486
f 4484/4432/4487 4483/4526/4581 4488/4525/4580
f 4488/4525/4580 4487/4433/4488 4484/4432/4487
f 4486/4401/4456 4485/4513/4568 4570/4516/4571
f 4570/4516/4571 4569/4402/4457 4486/4401/4456
f 4484/4432/4487 4485/4513/4568 4486/4401/4456
f 4486/4401/4456 4483/4526/4581 4484/4432/4487
f 4489/4395/4450 4488/4525/4580 4606/4528/4583
f 4606/4528/4583 4605/4396/4451 4489/4395/4450
f 4487/4433/4488 4488/4525/4580 4489/4395/4450
f 4489/4395/4450 4490/4489/4544 4487/4433/4488
f 4492/4380/4435 4491/4535/4590 4507/4534/4589
f 4507/4534/4589 4510/4377/4432 4492/4380/4435
f 4494/4435/4490 4493/4518/4573 4497/4517/4572
f 4497/4517/4572 4496/4436/4491 4494/4435/4490
f 4494/4435/4490 4491/4535/4590 4492/4380/4435
f 4492/4380/4435 4493/4518/4573 4494/4435/4490
f 4496/4436/4491 4495/4530/4585 4502/4529/4584
f 4502/4529/4584 4501/4437/4492 4496/4436/4491
f 4498/4376/4431 4497/4517/4572 4580/4520/4575
f 4580/4520/4575 4579/4373/4428 4498/4376/4431
f 4496/4436/4491 4497/4517/4572 4498/4376/4431
f 4498/4376/4431 4495/4530/4585 4496/4436/4491
f 4501/4437/4492 4502/4529/4584 4499/4352/4407
f 4499/4352/4407 4500/4497/4552 4501/4437/4492
f 4506/4439/4494 4505/4522/4577 4509/4521/4576
f 4509/4521/4576 4508/4440/4495 4506/4439/4494
f 4506/4439/4494 4503/4538/4593 4504/4383/4438
f 4504/4383/4438 4505/4522/4577 4506/4439/4494
f 4508/4440/4495 4507/4534/4589 4514/4533/4588
f 4514/4533/4588 4513/4441/4496 4508/4440/4495
f 4510/4377/4432 4509/4521/4576 4592/4524/4579
f 4592/4524/4579 4591/4378/4433 4510/4377/4432
f 4508/4440/4495 4509/4521/4576 4510/4377/4432
f 4510/4377/4432 4507/4534/4589 4508/4440/4495
f 4513/4441/4496 4514/4533/4588 4511/4356/4411
f 4511/4356/4411 4512/4505/4560 4513/4441/4496
f 4516/4398/4453 4515/4552/4607 4615/4555/4610
f 4615/4555/4610 4618/4399/4454 4516/4398/4453
f 4517/4575/4630 4516/4398/4453 4559/4397/4452
f 4559/4397/4452 4562/4572/4627 4517/4575/4630
f 4518/4443/4498 4517/4575/4630 4519/4574/4629
f 4519/4574/4629 4522/4444/4499 4518/4443/4498
f 4518/4443/4498 4515/4552/4607 4516/4398/4453
f 4516/4398/4453 4517/4575/4630 4518/4443/4498
f 4520/4405/4460 4519/4574/4629 4557/4573/4628
f 4557/4573/4628 4556/4406/4461 4520/4405/4460
f 4521/4559/4614 4520/4405/4460 4528/4404/4459
f 4528/4404/4459 4527/4556/4611 4521/4559/4614
f 4522/4444/4499 4521/4559/4614 4525/4558/4613
f 4525/4558/4613 4524/4445/4500 4522/4444/4499
f 4522/4444/4499 4519/4574/4629 4520/4405/4460
f 4520/4405/4460 4521/4559/4614 4522/4444/4499
f 4524/4445/4500 4525/4558/4613 4526/4392/4447
f 4526/4392/4447 4523/4547/4602 4524/4445/4500
f 4529/4579/4634 4528/4404/4459 4575/4403/4458
f 4575/4403/4458 4578/4576/4631 4529/4579/4634
f 4530/4447/4502 4529/4579/4634 4533/4578/4633
f 4533/4578/4633 4532/4448/4503 4530/4447/4502
f 4530/4447/4502 4527/4556/4611 4528/4404/4459
f 4528/4404/4459 4529/4579/4634 4530/4447/4502
f 4532/4448/4503 4531/4563/4618 4537/4562/4617
f 4537/4562/4617 4536/4449/4504 4532/4448/4503
f 4534/4409/4464 4533/4578/4633 4573/4577/4632
f 4573/4577/4632 4572/4410/4465 4534/4409/4464
f 4532/4448/4503 4533/4578/4633 4534/4409/4464
f 4534/4409/4464 4531/4563/4618 4532/4448/4503
f 4538/4611/4666 4537/4562/4617 4544/4561/4616
f 4544/4561/4616 4543/4612/4667 4538/4611/4666
f 4536/4449/4504 4537/4562/4617 4538/4611/4666
f 4538/4611/4666 4535/4550/4605 4536/4449/4504
f 4540/4413/4468 4539/4582/4637 4584/4581/4636
f 4584/4581/4636 4583/4414/4469 4540/4413/4468
f 4541/4567/4622 4540/4413/4468 4610/4412/4467
f 4610/4412/4467 4609/4564/4619 4541/4567/4622
f 4542/4615/4670 4541/4567/4622 4625/4566/4621
f 4625/4566/4621 4624/4616/4671 4542/4615/4670
f 4542/4615/4670 4539/4582/4637 4540/4413/4468
f 4540/4413/4468 4541/4567/4622 4542/4615/4670
f 4546/4618/4673 4545/4613/4668 4624/4616/4671
f 4624/4616/4671 4623/4619/4674 4546/4618/4673
f 4545/4613/4668 4546/4618/4673 4543/4612/4667
f 4543/4612/4667 4544/4561/4616 4545/4613/4668
f 4549/4588/4643 4548/4393/4448 4605/4396/4451
f 4605/4396/4451 4604/4589/4644 4549/4588/4643
f 4550/4451/4506 4549/4588/4643 4552/4587/4642
f 4552/4587/4642 4551/4452/4507 4550/4451/4506
f 4547/4568/4623 4548/4393/4448 4549/4588/4643
f 4549/4588/4643 4550/4451/4506 4547/4568/4623
f 4553/4348/4403 4552/4587/4642 4600/4590/4645
f 4600/4590/4645 4599/4349/4404 4553/4348/4403
f 4551/4452/4507 4552/4587/4642 4553/4348/4403
f 4553/4348/4403 4554/4485/4540 4551/4452/4507
f 4556/4406/4461 4555/4601/4656 4576/4600/4655
f 4576/4600/4655 4575/4403/4458 4556/4406/4461
f 4558/4454/4509 4557/4573/4628 4562/4572/4627
f 4562/4572/4627 4561/4455/4510 4558/4454/4509
f 4558/4454/4509 4555/4601/4656 4556/4406/4461
f 4556/4406/4461 4557/4573/4628 4558/4454/4509
f 4560/4592/4647 4559/4397/4452 4618/4399/4454
f 4618/4399/4454 4617/4593/4648 4560/4592/4647
f 4561/4455/4510 4560/4592/4647 4563/4591/4646
f 4563/4591/4646 4566/4456/4511 4561/4455/4510
f 4561/4455/4510 4562/4572/4627 4559/4397/4452
f 4559/4397/4452 4560/4592/4647 4561/4455/4510
f 4564/4372/4427 4563/4591/4646 4612/4594/4649
f 4612/4594/4649 4611/4369/4424 4564/4372/4427
f 4565/4598/4653 4564/4372/4427 4598/4371/4426
f 4598/4371/4426 4597/4595/4650 4565/4598/4653
f 4566/4456/4511 4565/4598/4653 4568/4597/4652
f 4568/4597/4652 4567/4457/4512 4566/4456/4511
f 4566/4456/4511 4563/4591/4646 4564/4372/4427
f 4564/4372/4427 4565/4598/4653 4566/4456/4511
f 4567/4457/4512 4568/4597/4652 4569/4402/4457
f 4569/4402/4457 4570/4516/4571 4567/4457/4512
f 4572/4410/4465 4571/4605/4660 4588/4604/4659
f 4588/4604/4659 4587/4407/4462 4572/4410/4465
f 4574/4459/4514 4573/4577/4632 4578/4576/4631
f 4578/4576/4631 4577/4460/4515 4574/4459/4514
f 4574/4459/4514 4571/4605/4660 4572/4410/4465
f 4572/4410/4465 4573/4577/4632 4574/4459/4514
f 4577/4460/4515 4576/4600/4655 4582/4599/4654
f 4582/4599/4654 4581/4461/4516 4577/4460/4515
f 4577/4460/4515 4578/4576/4631 4575/4403/4458
f 4575/4403/4458 4576/4600/4655 4577/4460/4515
f 4581/4461/4516 4582/4599/4654 4579/4373/4428
f 4579/4373/4428 4580/4520/4575 4581/4461/4516
f 4585/4463/4518 4584/4581/4636 4590/4580/4635
f 4590/4580/4635 4589/4464/4519 4585/4463/4518
f 4585/4463/4518 4586/4608/4663 4583/4414/4469
f 4583/4414/4469 4584/4581/4636 4585/4463/4518
f 4589/4464/4519 4588/4604/4659 4594/4603/4658
f 4594/4603/4658 4593/4465/4520 4589/4464/4519
f 4589/4464/4519 4590/4580/4635 4587/4407/4462
f 4587/4407/4462 4588/4604/4659 4589/4464/4519
f 4593/4465/4520 4594/4603/4658 4591/4378/4433
f 4591/4378/4433 4592/4524/4579 4593/4465/4520
f 4596/4467/4522 4595/4585/4640 4602/4584/4639
f 4602/4584/4639 4601/4468/4523 4596/4467/4522
f 4596/4467/4522 4597/4595/4650 4598/4371/4426
f 4598/4371/4426 4595/4585/4640 4596/4467/4522
f 4601/4468/4523 4600/4590/4645 4604/4589/4644
f 4604/4589/4644 4603/4469/4524 4601/4468/4523
f 4601/4468/4523 4602/4584/4639 4599/4349/4404
f 4599/4349/4404 4600/4590/4645 4601/4468/4523
f 4603/4469/4524 4604/4589/4644 4605/4396/4451
f 4605/4396/4451 4606/4528/4583 4603/4469/4524
f 4608/4471/4526 4607/4541/4596 4614/4540/4595
f 4614/4540/4595 4613/4472/4527 4608/4471/4526
f 4608/4471/4526 4609/4564/4619 4610/4412/4467
f 4610/4412/4467 4607/4541/4596 4608/4471/4526
f 4613/4472/4527 4612/4594/4649 4617/4593/4648
f 4617/4593/4648 4616/4473/4528 4613/4472/4527
f 4613/4472/4527 4614/4540/4595 4611/4369/4424
f 4611/4369/4424 4612/4594/4649 4613/4472/4527
f 4616/4473/4528 4615/4555/4610 4621/4554/4609
f 4621/4554/4609 4620/4474/4529 4616/4473/4528
f 4616/4473/4528 4617/4593/4648 4618/4399/4454
f 4618/4399/4454 4615/4555/4610 4616/4473/4528
f 4620/4474/4529 4621/4554/4609 4622/4389/4444
f 4622/4389/4444 4619/4544/4599 4620/4474/4529
f 4624/4616/4671 4625/4566/4621 4626/4386/4441
f 4626/4386/4441 4623/4619/4674 4624/4616/4671
f 4677/4620/4675 4707/4621/4676 4631/4622/4677
f 4630/4623/4678 4690/4624/4679 4777/4625/4680
f 4777/4625/4680 4667/4626/4681 4630/4623/4678
f 4717/4627/4682 4791/4628/4683 4659/4629/4684
f 4659/4629/4684 4686/4630/4685 4717/4627/4682
f 4712/4631/4686 4700/4632/4687 4797/4633/4688
f 4635/4634/4689 4672/4635/4690 4807/4636/4691
f 4647/4637/4692 4729/4638/4693 4751/4639/4694
f 4783/4640/4695 4645/4641/4696 4742/4642/4697
f 4759/4643/4698 4720/4644/4699 4780/4645/4700
f 4651/4646/4701 4726/4647/4702 4755/4648/4703
f 4732/4649/4704 4750/4650/4705 4800/4651/4706
f 4800/4651/4706 4771/4652/4707 4732/4649/4704
f 4787/4653/4708 4736/4654/4709 4768/4655/4710
f 4698/4656/4711 4765/4657/4712 4663/4658/4713
f 4806/4659/4714 4744/4660/4715 4655/4661/4716
f 4655/4661/4716 4692/4662/4717 4806/4659/4714
f 4703/4663/4718 4639/4664/4719 4680/4665/4720
f 4628/4666/4721 4674/4667/4722 4675/4668/4723
f 4633/4669/4724 4682/4670/4725 4684/4671/4726
f 4684/4671/4726 4688/4672/4727 4633/4669/4724
f 4637/4673/4728 4694/4674/4729 4696/4675/4730
f 4637/4673/4728 4696/4675/4730 4702/4676/4731
f 4637/4673/4728 4702/4676/4731 4705/4677/4732
f 4637/4673/4728 4705/4677/4732 4709/4678/4733
f 4641/4679/4734 4714/4680/4735 4715/4681/4736
f 4643/4682/4737 4722/4683/4738 4724/4684/4739
f 4724/4684/4739 4727/4685/4740 4643/4682/4737
f 4649/4686/4741 4734/4687/4742 4738/4688/4743
f 4738/4688/4743 4740/4689/4744 4649/4686/4741
f 4653/4690/4745 4746/4691/4746 4748/4692/4747
f 4748/4692/4747 4753/4693/4748 4653/4690/4745
f 4657/4694/4749 4757/4695/4750 4761/4696/4751
f 4761/4696/4751 4763/4697/4752 4657/4694/4749
f 4661/4698/4753 4770/4699/4754 4773/4700/4755
f 4773/4700/4755 4775/4701/4756 4661/4698/4753
f 4665/4702/4757 4782/4703/4758 4785/4704/4759
f 4665/4702/4757 4785/4704/4759 4789/4705/4760
f 4665/4702/4757 4789/4705/4760 4793/4706/4761
f 4665/4702/4757 4793/4706/4761 4795/4707/4762
f 4669/4708/4763 4802/4709/4764 4804/4710/4765
f 4804/4710/4765 4809/4711/4766 4669/4708/4763
f 4676/4712/4767 4673/4713/4768 4638/4714/4769
f 4638/4714/4769 4708/4715/4770 4676/4712/4767
f 4706/4716/4771 4701/4717/4772 4711/4718/4773
f 4711/4718/4773 4640/4719/4774 4706/4716/4771
f 4642/4720/4775 4718/4721/4776 4685/4722/4777
f 4685/4722/4777 4681/4723/4778 4642/4720/4775
f 4634/4724/4779 4687/4725/4780 4629/4726/4781
f 4629/4726/4781 4678/4727/4782 4634/4724/4779
f 4689/4728/4783 4683/4729/4784 4662/4730/4785
f 4662/4730/4785 4778/4731/4786 4689/4728/4783
f 4728/4732/4787 4723/4733/4788 4654/4734/4789
f 4654/4734/4789 4752/4735/4790 4728/4732/4787
f 4716/4736/4791 4713/4737/4792 4796/4738/4793
f 4796/4738/4793 4792/4739/4794 4716/4736/4791
f 4650/4740/4795 4739/4741/4796 4644/4742/4797
f 4644/4742/4797 4730/4743/4798 4650/4740/4795
f 4749/4744/4799 4745/4745/4800 4805/4746/4801
f 4805/4746/4801 4801/4747/4802 4749/4744/4799
f 4786/4748/4803 4781/4749/4804 4719/4750/4805
f 4719/4750/4805 4646/4751/4806 4786/4748/4803
f 4762/4752/4807 4756/4753/4808 4725/4754/4809
f 4725/4754/4809 4721/4755/4810 4762/4752/4807
f 4731/4756/4811 4648/4757/4812 4754/4758/4813
f 4754/4758/4813 4747/4759/4814 4731/4756/4811
f 4790/4760/4815 4784/4761/4816 4741/4762/4817
f 4741/4762/4817 4737/4763/4818 4790/4760/4815
f 4764/4764/4819 4760/4765/4820 4779/4766/4821
f 4779/4766/4821 4664/4767/4822 4764/4764/4819
f 4743/4768/4823 4652/4769/4824 4758/4770/4825
f 4758/4770/4825 4656/4771/4826 4743/4768/4823
f 4774/4772/4827 4769/4773/4828 4735/4774/4829
f 4735/4774/4829 4733/4775/4830 4774/4772/4827
f 4697/4776/4831 4693/4777/4832 4658/4778/4833
f 4658/4778/4833 4766/4779/4834 4697/4776/4831
f 4670/4780/4835 4808/4781/4836 4671/4782/4837
f 4671/4782/4837 4627/4783/4838 4670/4780/4835
f 4776/4784/4839 4772/4785/4840 4799/4786/4841
f 4799/4786/4841 4668/4787/4842 4776/4784/4839
f 4794/4788/4843 4788/4789/4844 4767/4790/4845
f 4767/4790/4845 4660/4791/4846 4794/4788/4843
f 4699/4792/4847 4695/4793/4848 4666/4794/4849
f 4666/4794/4849 4798/4795/4850 4699/4792/4847
f 4810/4796/4851 4803/4797/4852 4691/4798/4853
f 4691/4798/4853 4636/4799/4854 4810/4796/4851
f 4710/4800/4855 4704/4801/4856 4679/4802/4857
f 4679/4802/4857 4632/4803/4858 4710/4800/4855
f 4627/4783/4838 4630/4623/4678 4667/4626/4681
f 4667/4626/4681 4670/4780/4835 4627/4783/4838
f 4628/4666/4721 4627/4783/4838 4671/4782/4837
f 4671/4782/4837 4674/4667/4722 4628/4666/4721
f 4629/4726/4781 4628/4666/4721 4675/4668/4723
f 4675/4668/4723 4678/4727/4782 4629/4726/4781
f 4630/4623/4678 4629/4726/4781 4687/4725/4780
f 4687/4725/4780 4690/4624/4679 4630/4623/4678
f 4628/4666/4721 4629/4726/4781 4630/4623/4678
f 4630/4623/4678 4627/4783/4838 4628/4666/4721
f 4631/4622/4677 4634/4724/4779 4678/4727/4782
f 4678/4727/4782 4677/4620/4675 4631/4622/4677
f 4632/4803/4858 4631/4622/4677 4707/4621/4676
f 4707/4621/4676 4710/4800/4855 4632/4803/4858
f 4633/4669/4724 4632/4803/4858 4679/4802/4857
f 4679/4802/4857 4682/4670/4725 4633/4669/4724
f 4634/4724/4779 4633/4669/4724 4688/4672/4727
f 4688/4672/4727 4687/4725/4780 4634/4724/4779
f 4633/4669/4724 4634/4724/4779 4631/4622/4677
f 4631/4622/4677 4632/4803/4858 4633/4669/4724
f 4635/4634/4689 4638/4714/4769 4673/4713/4768
f 4673/4713/4768 4672/4635/4690 4635/4634/4689
f 4636/4799/4854 4635/4634/4689 4807/4636/4691
f 4807/4636/4691 4810/4796/4851 4636/4799/4854
f 4637/4673/4728 4636/4799/4854 4691/4798/4853
f 4691/4798/4853 4694/4674/4729 4637/4673/4728
f 4638/4714/4769 4637/4673/4728 4709/4678/4733
f 4709/4678/4733 4708/4715/4770 4638/4714/4769
f 4637/4673/4728 4638/4714/4769 4635/4634/4689
f 4635/4634/4689 4636/4799/4854 4637/4673/4728
f 4639/4664/4719 4642/4720/4775 4681/4723/4778
f 4681/4723/4778 4680/4665/4720 4639/4664/4719
f 4640/4719/4774 4639/4664/4719 4703/4663/4718
f 4703/4663/4718 4706/4716/4771 4640/4719/4774
f 4641/4679/4734 4640/4719/4774 4711/4718/4773
f 4711/4718/4773 4714/4680/4735 4641/4679/4734
f 4642/4720/4775 4641/4679/4734 4715/4681/4736
f 4715/4681/4736 4718/4721/4776 4642/4720/4775
f 4641/4679/4734 4642/4720/4775 4639/4664/4719
f 4639/4664/4719 4640/4719/4774 4641/4679/4734
f 4643/4682/4737 4646/4751/4806 4719/4750/4805
f 4719/4750/4805 4722/4683/4738 4643/4682/4737
f 4644/4742/4797 4643/4682/4737 4727/4685/4740
f 4727/4685/4740 4730/4743/4798 4644/4742/4797
f 4645/4641/4696 4644/4742/4797 4739/4741/4796
f 4739/4741/4796 4742/4642/4697 4645/4641/4696
f 4646/4751/4806 4645/4641/4696 4783/4640/4695
f 4783/4640/4695 4786/4748/4803 4646/4751/4806
f 4643/4682/4737 4644/4742/4797 4645/4641/4696
f 4645/4641/4696 4646/4751/4806 4643/4682/4737
f 4647/4637/4692 4650/4740/4795 4730/4743/4798
f 4730/4743/4798 4729/4638/4693 4647/4637/4692
f 4648/4757/4812 4647/4637/4692 4751/4639/4694
f 4751/4639/4694 4754/4758/4813 4648/4757/4812
f 4649/4686/4741 4648/4757/4812 4731/4756/4811
f 4731/4756/4811 4734/4687/4742 4649/4686/4741
f 4650/4740/4795 4649/4686/4741 4740/4689/4744
f 4740/4689/4744 4739/4741/4796 4650/4740/4795
f 4649/4686/4741 4650/4740/4795 4647/4637/4692
f 4647/4637/4692 4648/4757/4812 4649/4686/4741
f 4651/4646/4701 4654/4734/4789 4723/4733/4788
f 4723/4733/4788 4726/4647/4702 4651/4646/4701
f 4652/4769/4824 4651/4646/4701 4755/4648/4703
f 4755/4648/4703 4758/4770/4825 4652/4769/4824
f 4653/4690/4745 4652/4769/4824 4743/4768/4823
f 4743/4768/4823 4746/4691/4746 4653/4690/4745
f 4654/4734/4789 4653/4690/4745 4753/4693/4748
f 4753/4693/4748 4752/4735/4790 4654/4734/4789
f 4653/4690/4745 4654/4734/4789 4651/4646/4701
f 4651/4646/4701 4652/4769/4824 4653/4690/4745
f 4655/4661/4716 4658/4778/4833 4693/4777/4832
f 4693/4777/4832 4692/4662/4717 4655/4661/4716
f 4656/4771/4826 4655/4661/4716 4744/4660/4715
f 4744/4660/4715 4743/4768/4823 4656/4771/4826
f 4657/4694/4749 4656/4771/4826 4758/4770/4825
f 4758/4770/4825 4757/4695/4750 4657/4694/4749
f 4658/4778/4833 4657/4694/4749 4763/4697/4752
f 4763/4697/4752 4766/4779/4834 4658/4778/4833
f 4657/4694/4749 4658/4778/4833 4655/4661/4716
f 4655/4661/4716 4656/4771/4826 4657/4694/4749
f 4659/4629/4684 4662/4730/4785 4683/4729/4784
f 4683/4729/4784 4686/4630/4685 4659/4629/4684
f 4660/4791/4846 4659/4629/4684 4791/4628/4683
f 4791/4628/4683 4794/4788/4843 4660/4791/4846
f 4661/4698/4753 4660/4791/4846 4767/4790/4845
f 4767/4790/4845 4770/4699/4754 4661/4698/4753
f 4662/4730/4785 4661/4698/4753 4775/4701/4756
f 4775/4701/4756 4778/4731/4786 4662/4730/4785
f 4661/4698/4753 4662/4730/4785 4659/4629/4684
f 4659/4629/4684 4660/4791/4846 4661/4698/4753
f 4663/4658/4713 4666/4794/4849 4695/4793/4848
f 4695/4793/4848 4698/4656/4711 4663/4658/4713
f 4664/4767/4822 4663/4658/4713 4765/4657/4712
f 4765/4657/4712 4764/4764/4819 4664/4767/4822
f 4665/4702/4757 4664/4767/4822 4779/4766/4821
f 4779/4766/4821 4782/4703/4758 4665/4702/4757
f 4666/4794/4849 4665/4702/4757 4795/4707/4762
f 4795/4707/4762 4798/4795/4850 4666/4794/4849
f 4665/4702/4757 4666/4794/4849 4663/4658/4713
f 4663/4658/4713 4664/4767/4822 4665/4702/4757
f 4668/4787/4842 4667/4626/4681 4777/4625/4680
f 4777/4625/4680 4776/4784/4839 4668/4787/4842
f 4669/4708/4763 4668/4787/4842 4799/4786/4841
f 4799/4786/4841 4802/4709/4764 4669/4708/4763
f 4670/4780/4835 4669/4708/4763 4809/4711/4766
f 4809/4711/4766 4808/4781/4836 4670/4780/4835
f 4669/4708/4763 4670/4780/4835 4667/4626/4681
f 4667/4626/4681 4668/4787/4842 4669/4708/4763
f 4672/4635/4690 4671/4782/4837 4808/4781/4836
f 4808/4781/4836 4807/4636/4691 4672/4635/4690
f 4674/4667/4722 4673/4713/4768 4676/4712/4767
f 4676/4712/4767 4675/4668/4723 4674/4667/4722
f 4674/4667/4722 4671/4782/4837 4672/4635/4690
f 4672/4635/4690 4673/4713/4768 4674/4667/4722
f 4677/4620/4675 4676/4712/4767 4708/4715/4770
f 4708/4715/4770 4707/4621/4676 4677/4620/4675
f 4675/4668/4723 4676/4712/4767 4677/4620/4675
f 4677/4620/4675 4678/4727/4782 4675/4668/4723
f 4680/4665/4720 4679/4802/4857 4704/4801/4856
f 4704/4801/4856 4703/4663/4718 4680/4665/4720
f 4682/4670/4725 4681/4723/4778 4685/4722/4777
f 4685/4722/4777 4684/4671/4726 4682/4670/4725
f 4682/4670/4725 4679/4802/4857 4680/4665/4720
f 4680/4665/4720 4681/4723/4778 4682/4670/4725
f 4684/4671/4726 4683/4729/4784 4689/4728/4783
f 4689/4728/4783 4688/4672/4727 4684/4671/4726
f 4686/4630/4685 4685/4722/4777 4718/4721/4776
f 4718/4721/4776 4717/4627/4682 4686/4630/4685
f 4684/4671/4726 4685/4722/4777 4686/4630/4685
f 4686/4630/4685 4683/4729/4784 4684/4671/4726
f 4690/4624/4679 4689/4728/4783 4778/4731/4786
f 4778/4731/4786 4777/4625/4680 4690/4624/4679
f 4688/4672/4727 4689/4728/4783 4690/4624/4679
f 4690/4624/4679 4687/4725/4780 4688/4672/4727
f 4692/4662/4717 4691/4798/4853 4803/4797/4852
f 4803/4797/4852 4806/4659/4714 4692/4662/4717
f 4694/4674/4729 4693/4777/4832 4697/4776/4831
f 4697/4776/4831 4696/4675/4730 4694/4674/4729
f 4694/4674/4729 4691/4798/4853 4692/4662/4717
f 4692/4662/4717 4693/4777/4832 4694/4674/4729
f 4696/4675/4730 4695/4793/4848 4699/4792/4847
f 4699/4792/4847 4702/4676/4731 4696/4675/4730
f 4698/4656/4711 4697/4776/4831 4766/4779/4834
f 4766/4779/4834 4765/4657/4712 4698/4656/4711
f 4696/4675/4730 4697/4776/4831 4698/4656/4711
f 4698/4656/4711 4695/4793/4848 4696/4675/4730
f 4700/4632/4687 4699/4792/4847 4798/4795/4850
f 4798/4795/4850 4797/4633/4688 4700/4632/4687
f 4701/4717/4772 4700/4632/4687 4712/4631/4686
f 4712/4631/4686 4711/4718/4773 4701/4717/4772
f 4702/4676/4731 4701/4717/4772 4706/4716/4771
f 4706/4716/4771 4705/4677/4732 4702/4676/4731
f 4702/4676/4731 4699/4792/4847 4700/4632/4687
f 4700/4632/4687 4701/4717/4772 4702/4676/4731
f 4705/4677/4732 4704/4801/4856 4710/4800/4855
f 4710/4800/4855 4709/4678/4733 4705/4677/4732
f 4705/4677/4732 4706/4716/4771 4703/4663/4718
f 4703/4663/4718 4704/4801/4856 4705/4677/4732
f 4709/4678/4733 4710/4800/4855 4707/4621/4676
f 4707/4621/4676 4708/4715/4770 4709/4678/4733
f 4713/4737/4792 4712/4631/4686 4797/4633/4688
f 4797/4633/4688 4796/4738/4793 4713/4737/4792
f 4714/4680/4735 4713/4737/4792 4716/4736/4791
f 4716/4736/4791 4715/4681/4736 4714/4680/4735
f 4714/4680/4735 4711/4718/4773 4712/4631/4686
f 4712/4631/4686 4713/4737/4792 4714/4680/4735
f 4717/4627/4682 4716/4736/4791 4792/4739/4794
f 4792/4739/4794 4791/4628/4683 4717/4627/4682
f 4715/4681/4736 4716/4736/4791 4717/4627/4682
f 4717/4627/4682 4718/4721/4776 4715/4681/4736
f 4720/4644/4699 4719/4750/4805 4781/4749/4804
f 4781/4749/4804 4780/4645/4700 4720/4644/4699
f 4721/4755/4810 4720/4644/4699 4759/4643/4698
f 4759/4643/4698 4762/4752/4807 4721/4755/4810
f 4722/4683/4738 4721/4755/4810 4725/4754/4809
f 4725/4754/4809 4724/4684/4739 4722/4683/4738
f 4722/4683/4738 4719/4750/4805 4720/4644/4699
f 4720/4644/4699 4721/4755/4810 4722/4683/4738
f 4724/4684/4739 4723/4733/4788 4728/4732/4787
f 4728/4732/4787 4727/4685/4740 4724/4684/4739
f 4726/4647/4702 4725/4754/4809 4756/4753/4808
f 4756/4753/4808 4755/4648/4703 4726/4647/4702
f 4724/4684/4739 4725/4754/4809 4726/4647/4702
f 4726/4647/4702 4723/4733/4788 4724/4684/4739
f 4729/4638/4693 4728/4732/4787 4752/4735/4790
f 4752/4735/4790 4751/4639/4694 4729/4638/4693
f 4727/4685/4740 4728/4732/4787 4729/4638/4693
f 4729/4638/4693 4730/4743/4798 4727/4685/4740
f 4732/4649/4704 4731/4756/4811 4747/4759/4814
f 4747/4759/4814 4750/4650/4705 4732/4649/4704
f 4733/4775/4830 4732/4649/4704 4771/4652/4707
f 4771/4652/4707 4774/4772/4827 4733/4775/4830
f 4734/4687/4742 4733/4775/4830 4735/4774/4829
f 4735/4774/4829 4738/4688/4743 4734/4687/4742
f 4734/4687/4742 4731/4756/4811 4732/4649/4704
f 4732/4649/4704 4733/4775/4830 4734/4687/4742
f 4736/4654/4709 4735/4774/4829 4769/4773/4828
f 4769/4773/4828 4768/4655/4710 4736/4654/4709
f 4737/4763/4818 4736/4654/4709 4787/4653/4708
f 4787/4653/4708 4790/4760/4815 4737/4763/4818
f 4738/4688/4743 4737/4763/4818 4741/4762/4817
f 4741/4762/4817 4740/4689/4744 4738/4688/4743
f 4738/4688/4743 4735/4774/4829 4736/4654/4709
f 4736/4654/4709 4737/4763/4818 4738/4688/4743
f 4742/4642/4697 4741/4762/4817 4784/4761/4816
f 4784/4761/4816 4783/4640/4695 4742/4642/4697
f 4740/4689/4744 4741/4762/4817 4742/4642/4697
f 4742/4642/4697 4739/4741/4796 4740/4689/4744
f 4745/4745/4800 4744/4660/4715 4806/4659/4714
f 4806/4659/4714 4805/4746/4801 4745/4745/4800
f 4746/4691/4746 4745/4745/4800 4749/4744/4799
f 4749/4744/4799 4748/4692/4747 4746/4691/4746
f 4746/4691/4746 4743/4768/4823 4744/4660/4715
f 4744/4660/4715 4745/4745/4800 4746/4691/4746
f 4748/4692/4747 4747/4759/4814 4754/4758/4813
f 4754/4758/4813 4753/4693/4748 4748/4692/4747
f 4750/4650/4705 4749/4744/4799 4801/4747/4802
f 4801/4747/4802 4800/4651/4706 4750/4650/4705
f 4748/4692/4747 4749/4744/4799 4750/4650/4705
f 4750/4650/4705 4747/4759/4814 4748/4692/4747
f 4753/4693/4748 4754/4758/4813 4751/4639/4694
f 4751/4639/4694 4752/4735/4790 4753/4693/4748
f 4757/4695/4750 4756/4753/4808 4762/4752/4807
f 4762/4752/4807 4761/4696/4751 4757/4695/4750
f 4757/4695/4750 4758/4770/4825 4755/4648/4703
f 4755/4648/4703 4756/4753/4808 4757/4695/4750
f 4760/4765/4820 4759/4643/4698 4780/4645/4700
f 4780/4645/4700 4779/4766/4821 4760/4765/4820
f 4761/4696/4751 4760/4765/4820 4764/4764/4819
f 4764/4764/4819 4763/4697/4752 4761/4696/4751
f 4761/4696/4751 4762/4752/4807 4759/4643/4698
f 4759/4643/4698 4760/4765/4820 4761/4696/4751
f 4763/4697/4752 4764/4764/4819 4765/4657/4712
f 4765/4657/4712 4766/4779/4834 4763/4697/4752
f 4768/4655/4710 4767/4790/4845 4788/4789/4844
f 4788/4789/4844 4787/4653/4708 4768/4655/4710
f 4770/4699/4754 4769/4773/4828 4774/4772/4827
f 4774/4772/4827 4773/4700/4755 4770/4699/4754
f 4770/4699/4754 4767/4790/4845 4768/4655/4710
f 4768/4655/4710 4769/4773/4828 4770/4699/4754
f 4772/4785/4840 4771/4652/4707 4800/4651/4706
f 4800/4651/4706 4799/4786/4841 4772/4785/4840
f 4773/4700/4755 4772/4785/4840 4776/4784/4839
f 4776/4784/4839 4775/4701/4756 4773/4700/4755
f 4773/4700/4755 4774/4772/4827 4771/4652/4707
f 4771/4652/4707 4772/4785/4840 4773/4700/4755
f 4775/4701/4756 4776/4784/4839 4777/4625/4680
f 4777/4625/4680 4778/4731/4786 4775/4701/4756
f 4782/4703/4758 4781/4749/4804 4786/4748/4803
f 4786/4748/4803 4785/4704/4759 4782/4703/4758
f 4782/4703/4758 4779/4766/4821 4780/4645/4700
f 4780/4645/4700 4781/4749/4804 4782/4703/4758
f 4785/4704/4759 4784/4761/4816 4790/4760/4815
f 4790/4760/4815 4789/4705/4760 4785/4704/4759
f 4785/4704/4759 4786/4748/4803 4783/4640/4695
f 4783/4640/4695 4784/4761/4816 4785/4704/4759
f 4789/4705/4760 4788/4789/4844 4794/4788/4843
f 4794/4788/4843 4793/4706/4761 4789/4705/4760
f 4789/4705/4760 4790/4760/4815 4787/4653/4708
f 4787/4653/4708 4788/4789/4844 4789/4705/4760
f 4793/4706/4761 4792/4739/4794 4796/4738/4793
f 4796/4738/4793 4795/4707/4762 4793/4706/4761
f 4793/4706/4761 4794/4788/4843 4791/4628/4683
f 4791/4628/4683 4792/4739/4794 4793/4706/4761
f 4795/4707/4762 4796/4738/4793 4797/4633/4688
f 4797/4633/4688 4798/4795/4850 4795/4707/4762
f 4802/4709/4764 4801/4747/4802 4805/4746/4801
f 4805/4746/4801 4804/4710/4765 4802/4709/4764
f 4802/4709/4764 4799/4786/4841 4800/4651/4706
f 4800/4651/4706 4801/4747/4802 4802/4709/4764
f 4804/4710/4765 4803/4797/4852 4810/4796/4851
f 4810/4796/4851 4809/4711/4766 4804/4710/4765
f 4804/4710/4765 4805/4746/4801 4806/4659/4714
f 4806/4659/4714 4803/4797/4852 4804/4710/4765
f 4809/4711/4766 4810/4796/4851 4807/4636/4691
f 4807/4636/4691 4808/4781/4836 4809/4711/4766
f 4814/4804/4859 4841/4805/4098 4818/4806/4099
f 4828/4807/4100 4843/4808/4101 4821/4809/4102
f 4834/4810/4103 4846/4811/4104 4824/4812/4105
f 4837/4813/4106 4848/4814/4107 4815/4815/4108
f 4816/4816/4860 4850/4817/4861 4825/4818/4111
f 4825/4818/4111 4845/4819/4862 4822/4820/4113
f 4822/4820/4113 4842/4821/4863 4819/4822/4115
f 4825/4818/4111 4822/4820/4113 4819/4822/4115
f 4816/4816/4860 4825/4818/4111 4819/4822/4115
f 4816/4816/4860 4819/4822/4115 4840/4823/4116
f 4812/4824/4864 4830/4825/4865 4832/4826/4119
f 4832/4826/4119 4835/4827/4120 4812/4824/4864
f 4813/4828/4866 4838/4829/4122 4817/4830/4123
f 4817/4830/4123 4839/4831/4867 4813/4828/4866
f 4820/4832/4868 4844/4833/4126 4827/4834/4127
f 4827/4834/4127 4811/4835/4869 4820/4832/4868
f 4823/4836/4870 4847/4837/4871 4833/4838/4872
f 4833/4838/4872 4829/4839/4873 4823/4836/4870
f 4826/4840/4874 4849/4841/4134 4836/4842/4135
f 4836/4842/4135 4831/4843/4136 4826/4840/4874
f 4811/4835/4869 4814/4804/4859 4818/4806/4099
f 4818/4806/4099 4820/4832/4868 4811/4835/4869
f 4812/4824/4864 4811/4835/4869 4827/4834/4127
f 4827/4834/4127 4830/4825/4865 4812/4824/4864
f 4813/4828/4866 4812/4824/4864 4835/4827/4120
f 4835/4827/4120 4838/4829/4122 4813/4828/4866
f 4814/4804/4859 4813/4828/4866 4839/4831/4867
f 4839/4831/4867 4841/4805/4098 4814/4804/4859
f 4812/4824/4864 4813/4828/4866 4814/4804/4859
f 4814/4804/4859 4811/4835/4869 4812/4824/4864
f 4815/4815/4108 4817/4830/4123 4838/4829/4122
f 4838/4829/4122 4837/4813/4106 4815/4815/4108
f 4816/4816/4860 4815/4815/4108 4848/4814/4107
f 4848/4814/4107 4850/4817/4861 4816/4816/4860
f 4817/4830/4123 4816/4816/4860 4840/4823/4116
f 4840/4823/4116 4839/4831/4867 4817/4830/4123
f 4815/4815/4108 4816/4816/4860 4817/4830/4123
f 4819/4822/4115 4818/4806/4099 4841/4805/4098
f 4841/4805/4098 4840/4823/4116 4819/4822/4115
f 4820/4832/4868 4819/4822/4115 4842/4821/4863
f 4842/4821/4863 4844/4833/4126 4820/4832/4868
f 4818/4806/4099 4819/4822/4115 4820/4832/4868
f 4821/4809/4102 4823/4836/4870 4829/4839/4873
f 4829/4839/4873 4828/4807/4100 4821/4809/4102
f 4822/4820/4113 4821/4809/4102 4843/4808/4101
f 4843/4808/4101 4842/4821/4863 4822/4820/4113
f 4823/4836/4870 4822/4820/4113 4845/4819/4862
f 4845/4819/4862 4847/4837/4871 4823/4836/4870
f 4821/4809/4102 4822/4820/4113 4823/4836/4870
f 4824/4812/4105 4826/4840/4874 4831/4843/4136
f 4831/4843/4136 4834/4810/4103 4824/4812/4105
f 4825/4818/4111 4824/4812/4105 4846/4811/4104
f 4846/4811/4104 4845/4819/4862 4825/4818/4111
f 4826/4840/4874 4825/4818/4111 4850/4817/4861
f 4850/4817/4861 4849/4841/4134 4826/4840/4874
f 4824/4812/4105 4825/4818/4111 4826/4840/4874
f 4828/4807/4100 4827/4834/4127 4844/4833/4126
f 4844/4833/4126 4843/4808/4101 4828/4807/4100
f 4830/4825/4865 4829/4839/4873 4833/4838/4872
f 4833/4838/4872 4832/4826/4119 4830/4825/4865
f 4830/4825/4865 4827/4834/4127 4828/4807/4100
f 4828/4807/4100 4829/4839/4873 4830/4825/4865
f 4832/4826/4119 4831/4843/4136 4836/4842/4135
f 4836/4842/4135 4835/4827/4120 4832/4826/4119
f 4834/4810/4103 4833/4838/4872 4847/4837/4871
f 4847/4837/4871 4846/4811/4104 4834/4810/4103
f 4832/4826/4119 4833/4838/4872 4834/4810/4103
f 4834/4810/4103 4831/4843/4136 4832/4826/4119
f 4837/4813/4106 4836/4842/4135 4849/4841/4134
f 4849/4841/4134 4848/4814/4107 4837/4813/4106
f 4835/4827/4120 4836/4842/4135 4837/4813/4106
f 4837/4813/4106 4838/4829/4122 4835/4827/4120
f 4839/4831/4867 4840/4823/4116 4841/4805/4098
f 4842/4821/4863 4843/4808/4101 4844/4833/4126
f 4845/4819/4862 4846/4811/4104 4847/4837/4871
f 4848/4814/4107 4849/4841/4134 4850/4817/4861
f 5101/4844/4875 5135/4845/4876 4931/4846/4877
f 5101/4844/4875 4931/4846/4877 4851/4847/4878
f 5101/4844/4875 4851/4847/4878 4856/4848/4879
f 4859/4849/4880 5113/4850/4881 4919/4851/4882
f 4919/4851/4882 4938/4852/4883 4859/4849/4880
f 4944/4853/4884 5122/4854/4885 4923/4855/4886
f 4923/4855/4886 4941/4856/4887 4944/4853/4884
f 4935/4857/4888 5164/4858/4889 5132/4859/4890
f 4935/4857/4888 5132/4859/4890 4927/4860/4891
f 4935/4857/4888 4927/4860/4891 4862/4861/4892
f 4945/4862/4893 4940/4863/4894 4857/4864/4895
f 4857/4864/4895 4937/4865/4896 4854/4866/4897
f 4854/4866/4897 4853/4867/4898 4936/4868/4899
f 4857/4864/4895 4854/4866/4897 4936/4868/4899
f 4945/4862/4893 4857/4864/4895 4936/4868/4899
f 4945/4862/4893 4936/4868/4899 4861/4869/4900
f 4883/4870/4901 4868/4871/4902 4981/4872/4903
f 4871/4873/4904 4870/4874/4905 4993/4875/4906
f 4875/4876/4907 4864/4877/4908 4957/4878/4909
f 4866/4879/4910 4969/4880/4911 4879/4881/4912
f 5055/4882/4913 5046/4883/4914 4899/4884/4915
f 4899/4884/4915 4995/4885/4916 5055/4882/4913
f 5067/4886/4917 5058/4887/4918 4889/4888/4919
f 4889/4888/4919 5017/4889/4920 5067/4886/4917
f 5028/4890/4921 5079/4891/4922 5070/4892/4923
f 5070/4892/4923 5011/4893/4924 5028/4890/4921
f 5031/4894/4925 5043/4895/4926 5082/4896/4927
f 5082/4896/4927 5023/4897/4928 5031/4894/4925
f 4947/4898/4929 4989/4899/4930 5052/4900/4931
f 5052/4900/4931 4907/4901/4932 4947/4898/4929
f 4959/4902/4933 4951/4903/4934 5064/4904/4935
f 5064/4904/4935 4911/4905/4936 4959/4902/4933
f 4915/4906/4937 4971/4907/4938 4963/4908/4939
f 4963/4908/4939 5076/4909/4940 4915/4906/4937
f 4903/4910/4941 4983/4911/4942 4975/4912/4943
f 4975/4912/4943 5086/4913/4944 4903/4910/4941
f 5150/4914/4945 5094/4915/4946 4999/4916/4947
f 5150/4914/4945 4999/4916/4947 5040/4917/4948
f 5150/4914/4945 5040/4917/4948 5128/4918/4949
f 5106/4919/4950 4891/4920/4951 5004/4921/4952
f 5004/4921/4952 5091/4922/4953 5106/4919/4950
f 5118/4923/4954 4895/4924/4955 5007/4925/4956
f 5007/4925/4956 5103/4926/4957 5118/4923/4954
f 5129/4927/4958 5034/4928/4959 5019/4929/4960
f 5129/4927/4958 5019/4929/4960 5115/4930/4961
f 5129/4927/4958 5115/4930/4961 5155/4931/4962
f 4873/4932/4963 4949/4933/4964 4953/4934/4965
f 4953/4934/4965 4955/4935/4966 4873/4932/4963
f 4877/4936/4967 4961/4937/4968 4965/4938/4969
f 4965/4938/4969 4967/4939/4970 4877/4936/4967
f 4881/4940/4971 4973/4941/4972 4977/4942/4973
f 4977/4942/4973 4979/4943/4974 4881/4940/4971
f 4885/4944/4975 4985/4945/4976 4987/4946/4977
f 4987/4946/4977 4991/4947/4978 4885/4944/4975
f 4887/4948/4979 4997/4949/4980 5001/4950/4981
f 5001/4950/4981 5002/4951/4982 4887/4948/4979
f 4893/4952/4983 5009/4953/4984 5013/4954/4985
f 5013/4954/4985 5015/4955/4986 4893/4952/4983
f 4897/4956/4987 5021/4957/4988 5025/4958/4989
f 5025/4958/4989 5026/4959/4990 4897/4956/4987
f 4901/4960/4991 5033/4961/4992 5036/4962/4993
f 5036/4962/4993 5038/4963/4994 4901/4960/4991
f 4905/4964/4995 5045/4965/4996 5048/4966/4997
f 5048/4966/4997 5050/4967/4998 4905/4964/4995
f 4909/4968/4999 5057/4969/5000 5060/4970/5001
f 5060/4970/5001 5062/4971/5002 4909/4968/4999
f 4913/4972/5003 5069/4973/5004 5072/4974/5005
f 5072/4974/5005 5074/4975/5006 4913/4972/5003
f 4917/4976/5007 5081/4977/5008 5084/4978/5009
f 5084/4978/5009 5088/4979/5010 4917/4976/5007
f 4921/4980/5011 5093/4981/5012 5096/4982/5013
f 5096/4982/5013 5099/4983/5014 4921/4980/5011
f 4925/4984/5015 5105/4985/5016 5108/4986/5017
f 5108/4986/5017 5111/4987/5018 4925/4984/5015
f 4929/4988/5019 5117/4989/5020 5120/4990/5021
f 5120/4990/5021 5124/4991/5022 4929/4988/5019
f 5139/4992/5023 5149/4992/5024 5145/4993/5025
f 5145/4993/5025 5160/4993/5026 5157/4994/5027
f 5139/4992/5023 5145/4993/5025 5157/4994/5027
f 5157/4994/5027 5169/4994/5028 5165/4995/5029
f 5139/4992/5023 5157/4994/5027 5165/4995/5029
f 5139/4992/5023 5165/4995/5029 5142/4995/5030
f 4855/4996/5031 4939/4997/5032 4922/4998/5033
f 4922/4998/5033 5098/4999/5034 4855/4996/5031
f 4858/5000/5035 4942/5001/5036 4926/5002/5037
f 4926/5002/5037 5110/5003/5038 4858/5000/5035
f 4943/5004/5039 4860/5005/5040 4930/5006/5041
f 4930/5006/5041 5123/5007/5042 4943/5004/5039
f 4988/5008/5043 4984/5009/5044 4906/5010/5045
f 4906/5010/5045 5053/5011/5046 4988/5008/5043
f 4886/5012/5047 4990/5013/5048 4869/5014/5049
f 4874/5015/5050 4954/5016/5051 4863/5017/5052
f 4878/5018/5053 4966/5019/5054 4865/5020/5055
f 4946/5021/5056 4872/5022/5057 4992/5023/5058
f 4992/5023/5058 4986/5024/5059 4946/5021/5056
f 4958/5025/5060 4876/5026/5061 4956/5027/5062
f 4956/5027/5062 4952/5028/5063 4958/5025/5060
f 4970/5029/5064 4880/5030/5065 4968/5031/5066
f 4968/5031/5066 4964/5032/5067 4970/5029/5064
f 4982/5033/5068 4884/5034/5069 4980/5035/5070
f 4980/5035/5070 4976/5036/5071 4982/5033/5068
f 4867/5037/5072 4882/5038/5073 4978/5039/5074
f 4994/5040/5075 4890/5041/5076 5061/5042/5077
f 5061/5042/5077 5056/5043/5078 4994/5040/5075
f 5016/5044/5079 5012/5045/5080 5073/5046/5081
f 5073/5046/5081 5068/5047/5082 5016/5044/5079
f 5027/5048/5083 5024/5049/5084 5085/5050/5085
f 5085/5050/5085 5080/5051/5086 5027/5048/5083
f 5161/5052/5087 5144/5052/5088 5126/5053/5089
f 5161/5052/5087 5126/5053/5089 5039/5054/5090
f 5161/5052/5087 5039/5054/5090 5035/5055/5091
f 5161/5052/5087 5035/5055/5091 5131/5056/5092
f 4998/5057/5093 4996/5058/5094 4902/5059/5095
f 4902/5059/5095 5041/5060/5096 4998/5057/5093
f 4894/5061/5097 5014/5062/5098 4888/5063/5099
f 4888/5063/5099 5005/5064/5100 4894/5061/5097
f 4898/5065/5101 5029/5066/5102 5010/5067/5103
f 5010/5067/5103 5008/5068/5104 4898/5065/5101
f 5037/5069/5105 5032/5070/5106 5022/5071/5107
f 5022/5071/5107 5020/5072/5108 5037/5069/5105
f 5049/5073/5109 5044/5074/5110 5030/5075/5111
f 5030/5075/5111 4900/5076/5112 5049/5073/5109
f 4910/5077/5113 5065/5078/5114 4950/5079/5115
f 4950/5079/5115 4948/5080/5116 4910/5077/5113
f 4914/5081/5117 5077/5082/5118 4962/5083/5119
f 4962/5083/5119 4960/5084/5120 4914/5081/5117
f 4918/5085/5121 5087/5086/5122 4974/5087/5123
f 4974/5087/5123 4972/5088/5124 4918/5085/5121
f 5054/5089/5125 4908/5090/5126 5051/5091/5127
f 5051/5091/5127 5047/5092/5128 5054/5089/5125
f 5066/5093/5129 4912/5094/5130 5063/5095/5131
f 5063/5095/5131 5059/5096/5132 5066/5093/5129
f 5078/5097/5133 4916/5098/5134 5075/5099/5135
f 5075/5099/5135 5071/5100/5136 5078/5097/5133
f 5042/5101/5137 4904/5102/5138 5089/5103/5139
f 5089/5103/5139 5083/5104/5140 5042/5101/5137
f 5097/5105/5141 5092/5106/5142 5003/5107/5143
f 5003/5107/5143 5000/5108/5144 5097/5105/5141
f 5109/5109/5145 5104/5110/5146 5006/5111/5147
f 5006/5111/5147 4892/5112/5148 5109/5109/5145
f 5121/5113/5149 5116/5114/5150 5018/5115/5151
f 5018/5115/5151 4896/5116/5152 5121/5113/5149
f 5143/5117/5153 5167/5118/5154 5162/5119/5155
f 5143/5117/5153 5162/5119/5155 4934/5120/5156
f 5143/5117/5153 4934/5120/5156 4852/5121/5157
f 5143/5117/5153 4852/5121/5157 4933/5122/5158
f 5147/5123/5159 5138/5123/5160 5136/5124/5161
f 5147/5123/5159 5136/5124/5161 5100/5125/5162
f 5147/5123/5159 5100/5125/5162 5095/5126/5163
f 5147/5123/5159 5095/5126/5163 5152/5127/5164
f 5112/5128/5165 5107/5129/5166 5090/5130/5167
f 5090/5130/5167 4920/5131/5168 5112/5128/5165
f 5125/5132/5169 5119/5133/5170 5102/5134/5171
f 5102/5134/5171 4924/5135/5172 5125/5132/5169
f 5170/5136/5173 5156/5136/5174 5153/5137/5175
f 5170/5136/5173 5153/5137/5175 5114/5138/5176
f 5170/5136/5173 5114/5138/5176 4928/5139/5177
f 5170/5136/5173 4928/5139/5177 5134/5140/5178
f 4932/5141/5179 5137/5142/5180 5140/5143/5181
f 5140/5143/5181 5141/5144/5182 4932/5141/5179
f 5127/5145/5183 5146/5146/5184 5148/5147/5185
f 5148/5147/5185 5151/5148/5186 5127/5145/5183
f 5130/5149/5187 5154/5150/5188 5158/5151/5189
f 5158/5151/5189 5159/5152/5190 5130/5149/5187
f 5133/5153/5191 5163/5154/5192 5166/5155/5193
f 5166/5155/5193 5168/5156/5194 5133/5153/5191
f 4851/4847/4878 4853/4867/4898 4854/4866/4897
f 4854/4866/4897 4856/4848/4879 4851/4847/4878
f 4852/5121/5157 4851/4847/4878 4931/4846/4877
f 4931/4846/4877 4933/5122/5158 4852/5121/5157
f 4853/4867/4898 4852/5121/5157 4934/5120/5156
f 4934/5120/5156 4936/4868/4899 4853/4867/4898
f 4851/4847/4878 4852/5121/5157 4853/4867/4898
f 4855/4996/5031 4854/4866/4897 4937/4865/4896
f 4937/4865/4896 4939/4997/5032 4855/4996/5031
f 4856/4848/4879 4855/4996/5031 5098/4999/5034
f 5098/4999/5034 5101/4844/4875 4856/4848/4879
f 4854/4866/4897 4855/4996/5031 4856/4848/4879
f 4857/4864/4895 4859/4849/4880 4938/4852/4883
f 4938/4852/4883 4937/4865/4896 4857/4864/4895
f 4858/5000/5035 4857/4864/4895 4940/4863/4894
f 4940/4863/4894 4942/5001/5036 4858/5000/5035
f 4859/4849/4880 4858/5000/5035 5110/5003/5038
f 5110/5003/5038 5113/4850/4881 4859/4849/4880
f 4857/4864/4895 4858/5000/5035 4859/4849/4880
f 4860/5005/5040 4862/4861/4892 4927/4860/4891
f 4927/4860/4891 4930/5006/5041 4860/5005/5040
f 4861/4869/4900 4860/5005/5040 4943/5004/5039
f 4943/5004/5039 4945/4862/4893 4861/4869/4900
f 4862/4861/4892 4861/4869/4900 4936/4868/4899
f 4936/4868/4899 4935/4857/4888 4862/4861/4892
f 4860/5005/5040 4861/4869/4900 4862/4861/4892
f 4863/5017/5052 4870/4874/4905 4871/4873/4904
f 4871/4873/4904 4874/5015/5050 4863/5017/5052
f 4864/4877/4908 4863/5017/5052 4954/5016/5051
f 4954/5016/5051 4957/4878/4909 4864/4877/4908
f 4865/5020/5055 4864/4877/4908 4875/4876/4907
f 4875/4876/4907 4878/5018/5053 4865/5020/5055
f 4866/4879/4910 4865/5020/5055 4966/5019/5054
f 4966/5019/5054 4969/4880/4911 4866/4879/4910
f 4867/5037/5072 4866/4879/4910 4879/4881/4912
f 4879/4881/4912 4882/5038/5073 4867/5037/5072
f 4868/4871/4902 4867/5037/5072 4978/5039/5074
f 4978/5039/5074 4981/4872/4903 4868/4871/4902
f 4869/5014/5049 4868/4871/4902 4883/4870/4901
f 4883/4870/4901 4886/5012/5047 4869/5014/5049
f 4870/4874/4905 4869/5014/5049 4990/5013/5048
f 4990/5013/5048 4993/4875/4906 4870/4874/4905
f 4870/4874/4905 4863/5017/5052 4864/4877/4908
f 4870/4874/4905 4864/4877/4908 4865/5020/5055
f 4870/4874/4905 4865/5020/5055 4866/4879/4910
f 4866/4879/4910 4867/5037/5072 4868/4871/4902
f 4870/4874/4905 4866/4879/4910 4868/4871/4902
f 4870/4874/4905 4868/4871/4902 4869/5014/5049
f 4872/5022/5057 4871/4873/4904 4993/4875/4906
f 4993/4875/4906 4992/5023/5058 4872/5022/5057
f 4873/4932/4963 4872/5022/5057 4946/5021/5056
f 4946/5021/5056 4949/4933/4964 4873/4932/4963
f 4874/5015/5050 4873/4932/4963 4955/4935/4966
f 4955/4935/4966 4954/5016/5051 4874/5015/5050
f 4873/4932/4963 4874/5015/5050 4871/4873/4904
f 4871/4873/4904 4872/5022/5057 4873/4932/4963
f 4876/5026/5061 4875/4876/4907 4957/4878/4909
f 4957/4878/4909 4956/5027/5062 4876/5026/5061
f 4877/4936/4967 4876/5026/5061 4958/5025/5060
f 4958/5025/5060 4961/4937/4968 4877/4936/4967
f 4878/5018/5053 4877/4936/4967 4967/4939/4970
f 4967/4939/4970 4966/5019/5054 4878/5018/5053
f 4877/4936/4967 4878/5018/5053 4875/4876/4907
f 4875/4876/4907 4876/5026/5061 4877/4936/4967
f 4880/5030/5065 4879/4881/4912 4969/4880/4911
f 4969/4880/4911 4968/5031/5066 4880/5030/5065
f 4881/4940/4971 4880/5030/5065 4970/5029/5064
f 4970/5029/5064 4973/4941/4972 4881/4940/4971
f 4882/5038/5073 4881/4940/4971 4979/4943/4974
f 4979/4943/4974 4978/5039/5074 4882/5038/5073
f 4881/4940/4971 4882/5038/5073 4879/4881/4912
f 4879/4881/4912 4880/5030/5065 4881/4940/4971
f 4884/5034/5069 4883/4870/4901 4981/4872/4903
f 4981/4872/4903 4980/5035/5070 4884/5034/5069
f 4885/4944/4975 4884/5034/5069 4982/5033/5068
f 4982/5033/5068 4985/4945/4976 4885/4944/4975
f 4886/5012/5047 4885/4944/4975 4991/4947/4978
f 4991/4947/4978 4990/5013/5048 4886/5012/5047
f 4885/4944/4975 4886/5012/5047 4883/4870/4901
f 4883/4870/4901 4884/5034/5069 4885/4944/4975
f 4887/4948/4979 4890/5041/5076 4994/5040/5075
f 4994/5040/5075 4997/4949/4980 4887/4948/4979
f 4888/5063/5099 4887/4948/4979 5002/4951/4982
f 5002/4951/4982 5005/5064/5100 4888/5063/5099
f 4889/4888/4919 4888/5063/5099 5014/5062/5098
f 5014/5062/5098 5017/4889/4920 4889/4888/4919
f 4890/5041/5076 4889/4888/4919 5058/4887/4918
f 5058/4887/4918 5061/5042/5077 4890/5041/5076
f 4887/4948/4979 4888/5063/5099 4889/4888/4919
f 4889/4888/4919 4890/5041/5076 4887/4948/4979
f 4891/4920/4951 4894/5061/5097 5005/5064/5100
f 5005/5064/5100 5004/4921/4952 4891/4920/4951
f 4892/5112/5148 4891/4920/4951 5106/4919/4950
f 5106/4919/4950 5109/5109/5145 4892/5112/5148
f 4893/4952/4983 4892/5112/5148 5006/5111/5147
f 5006/5111/5147 5009/4953/4984 4893/4952/4983
f 4894/5061/5097 4893/4952/4983 5015/4955/4986
f 5015/4955/4986 5014/5062/5098 4894/5061/5097
f 4893/4952/4983 4894/5061/5097 4891/4920/4951
f 4891/4920/4951 4892/5112/5148 4893/4952/4983
f 4895/4924/4955 4898/5065/5101 5008/5068/5104
f 5008/5068/5104 5007/4925/4956 4895/4924/4955
f 4896/5116/5152 4895/4924/4955 5118/4923/4954
f 5118/4923/4954 5121/5113/5149 4896/5116/5152
f 4897/4956/4987 4896/5116/5152 5018/5115/5151
f 5018/5115/5151 5021/4957/4988 4897/4956/4987
f 4898/5065/5101 4897/4956/4987 5026/4959/4990
f 5026/4959/4990 5029/5066/5102 4898/5065/5101
f 4897/4956/4987 4898/5065/5101 4895/4924/4955
f 4895/4924/4955 4896/5116/5152 4897/4956/4987
f 4899/4884/4915 4902/5059/5095 4996/5058/5094
f 4996/5058/5094 4995/4885/4916 4899/4884/4915
f 4900/5076/5112 4899/4884/4915 5046/4883/4914
f 5046/4883/4914 5049/5073/5109 4900/5076/5112
f 4901/4960/4991 4900/5076/5112 5030/5075/5111
f 5030/5075/5111 5033/4961/4992 4901/4960/4991
f 4902/5059/5095 4901/4960/4991 5038/4963/4994
f 5038/4963/4994 5041/5060/5096 4902/5059/5095
f 4901/4960/4991 4902/5059/5095 4899/4884/4915
f 4899/4884/4915 4900/5076/5112 4901/4960/4991
f 4903/4910/4941 4906/5010/5045 4984/5009/5044
f 4984/5009/5044 4983/4911/4942 4903/4910/4941
f 4904/5102/5138 4903/4910/4941 5086/4913/4944
f 5086/4913/4944 5089/5103/5139 4904/5102/5138
f 4905/4964/4995 4904/5102/5138 5042/5101/5137
f 5042/5101/5137 5045/4965/4996 4905/4964/4995
f 4906/5010/5045 4905/4964/4995 5050/4967/4998
f 5050/4967/4998 5053/5011/5046 4906/5010/5045
f 4905/4964/4995 4906/5010/5045 4903/4910/4941
f 4903/4910/4941 4904/5102/5138 4905/4964/4995
f 4907/4901/4932 4910/5077/5113 4948/5080/5116
f 4948/5080/5116 4947/4898/4929 4907/4901/4932
f 4908/5090/5126 4907/4901/4932 5052/4900/4931
f 5052/4900/4931 5051/5091/5127 4908/5090/5126
f 4909/4968/4999 4908/5090/5126 5054/5089/5125
f 5054/5089/5125 5057/4969/5000 4909/4968/4999
f 4910/5077/5113 4909/4968/4999 5062/4971/5002
f 5062/4971/5002 5065/5078/5114 4910/5077/5113
f 4909/4968/4999 4910/5077/5113 4907/4901/4932
f 4907/4901/4932 4908/5090/5126 4909/4968/4999
f 4911/4905/4936 4914/5081/5117 4960/5084/5120
f 4960/5084/5120 4959/4902/4933 4911/4905/4936
f 4912/5094/5130 4911/4905/4936 5064/4904/4935
f 5064/4904/4935 5063/5095/5131 4912/5094/5130
f 4913/4972/5003 4912/5094/5130 5066/5093/5129
f 5066/5093/5129 5069/4973/5004 4913/4972/5003
f 4914/5081/5117 4913/4972/5003 5074/4975/5006
f 5074/4975/5006 5077/5082/5118 4914/5081/5117
f 4913/4972/5003 4914/5081/5117 4911/4905/4936
f 4911/4905/4936 4912/5094/5130 4913/4972/5003
f 4915/4906/4937 4918/5085/5121 4972/5088/5124
f 4972/5088/5124 4971/4907/4938 4915/4906/4937
f 4916/5098/5134 4915/4906/4937 5076/4909/4940
f 5076/4909/4940 5075/5099/5135 4916/5098/5134
f 4917/4976/5007 4916/5098/5134 5078/5097/5133
f 5078/5097/5133 5081/4977/5008 4917/4976/5007
f 4918/5085/5121 4917/4976/5007 5088/4979/5010
f 5088/4979/5010 5087/5086/5122 4918/5085/5121
f 4917/4976/5007 4918/5085/5121 4915/4906/4937
f 4915/4906/4937 4916/5098/5134 4917/4976/5007
f 4919/4851/4882 4922/4998/5033 4939/4997/5032
f 4939/4997/5032 4938/4852/4883 4919/4851/4882
f 4920/5131/5168 4919/4851/4882 5113/4850/4881
f 5113/4850/4881 5112/5128/5165 4920/5131/5168
f 4921/4980/5011 4920/5131/5168 5090/5130/5167
f 5090/5130/5167 5093/4981/5012 4921/4980/5011
f 4922/4998/5033 4921/4980/5011 5099/4983/5014
f 5099/4983/5014 5098/4999/5034 4922/4998/5033
f 4921/4980/5011 4922/4998/5033 4919/4851/4882
f 4919/4851/4882 4920/5131/5168 4921/4980/5011
f 4923/4855/4886 4926/5002/5037 4942/5001/5036
f 4942/5001/5036 4941/4856/4887 4923/4855/4886
f 4924/5135/5172 4923/4855/4886 5122/4854/4885
f 5122/4854/4885 5125/5132/5169 4924/5135/5172
f 4925/4984/5015 4924/5135/5172 5102/5134/5171
f 5102/5134/5171 5105/4985/5016 4925/4984/5015
f 4926/5002/5037 4925/4984/5015 5111/4987/5018
f 5111/4987/5018 5110/5003/5038 4926/5002/5037
f 4925/4984/5015 4926/5002/5037 4923/4855/4886
f 4923/4855/4886 4924/5135/5172 4925/4984/5015
f 4928/5139/5177 4927/4860/4891 5132/4859/4890
f 5132/4859/4890 5134/5140/5178 4928/5139/5177
f 4929/4988/5019 4928/5139/5177 5114/5138/5176
f 5114/5138/5176 5117/4989/5020 4929/4988/5019
f 4930/5006/5041 4929/4988/5019 5124/4991/5022
f 5124/4991/5022 5123/5007/5042 4930/5006/5041
f 4929/4988/5019 4930/5006/5041 4927/4860/4891
f 4927/4860/4891 4928/5139/5177 4929/4988/5019
f 4932/5141/5179 4931/4846/4877 5135/4845/4876
f 5135/4845/4876 5137/5142/5180 4932/5141/5179
f 4933/5122/5158 4932/5141/5179 5141/5144/5182
f 5141/5144/5182 5143/5117/5153 4933/5122/5158
f 4931/4846/4877 4932/5141/5179 4933/5122/5158
f 4935/4857/4888 4934/5120/5156 5162/5119/5155
f 5162/5119/5155 5164/4858/4889 4935/4857/4888
f 4934/5120/5156 4935/4857/4888 4936/4868/4899
f 4937/4865/4896 4938/4852/4883 4939/4997/5032
f 4941/4856/4887 4940/4863/4894 4945/4862/4893
f 4945/4862/4893 4944/4853/4884 4941/4856/4887
f 4940/4863/4894 4941/4856/4887 4942/5001/5036
f 4944/4853/4884 4943/5004/5039 5123/5007/5042
f 5123/5007/5042 5122/4854/4885 4944/4853/4884
f 4943/5004/5039 4944/4853/4884 4945/4862/4893
f 4947/4898/4929 4946/5021/5056 4986/5024/5059
f 4986/5024/5059 4989/4899/4930 4947/4898/4929
f 4949/4933/4964 4948/5080/5116 4950/5079/5115
f 4950/5079/5115 4953/4934/4965 4949/4933/4964
f 4949/4933/4964 4946/5021/5056 4947/4898/4929
f 4947/4898/4929 4948/5080/5116 4949/4933/4964
f 4951/4903/4934 4950/5079/5115 5065/5078/5114
f 5065/5078/5114 5064/4904/4935 4951/4903/4934
f 4952/5028/5063 4951/4903/4934 4959/4902/4933
f 4959/4902/4933 4958/5025/5060 4952/5028/5063
f 4953/4934/4965 4952/5028/5063 4956/5027/5062
f 4956/5027/5062 4955/4935/4966 4953/4934/4965
f 4953/4934/4965 4950/5079/5115 4951/4903/4934
f 4951/4903/4934 4952/5028/5063 4953/4934/4965
f 4955/4935/4966 4956/5027/5062 4957/4878/4909
f 4957/4878/4909 4954/5016/5051 4955/4935/4966
f 4961/4937/4968 4960/5084/5120 4962/5083/5119
f 4962/5083/5119 4965/4938/4969 4961/4937/4968
f 4961/4937/4968 4958/5025/5060 4959/4902/4933
f 4959/4902/4933 4960/5084/5120 4961/4937/4968
f 4963/4908/4939 4962/5083/5119 5077/5082/5118
f 5077/5082/5118 5076/4909/4940 4963/4908/4939
f 4964/5032/5067 4963/4908/4939 4971/4907/4938
f 4971/4907/4938 4970/5029/5064 4964/5032/5067
f 4965/4938/4969 4964/5032/5067 4968/5031/5066
f 4968/5031/5066 4967/4939/4970 4965/4938/4969
f 4965/4938/4969 4962/5083/5119 4963/4908/4939
f 4963/4908/4939 4964/5032/5067 4965/4938/4969
f 4967/4939/4970 4968/5031/5066 4969/4880/4911
f 4969/4880/4911 4966/5019/5054 4967/4939/4970
f 4973/4941/4972 4972/5088/5124 4974/5087/5123
f 4974/5087/5123 4977/4942/4973 4973/4941/4972
f 4973/4941/4972 4970/5029/5064 4971/4907/4938
f 4971/4907/4938 4972/5088/5124 4973/4941/4972
f 4975/4912/4943 4974/5087/5123 5087/5086/5122
f 5087/5086/5122 5086/4913/4944 4975/4912/4943
f 4976/5036/5071 4975/4912/4943 4983/4911/4942
f 4983/4911/4942 4982/5033/5068 4976/5036/5071
f 4977/4942/4973 4976/5036/5071 4980/5035/5070
f 4980/5035/5070 4979/4943/4974 4977/4942/4973
f 4977/4942/4973 4974/5087/5123 4975/4912/4943
f 4975/4912/4943 4976/5036/5071 4977/4942/4973
f 4979/4943/4974 4980/5035/5070 4981/4872/4903
f 4981/4872/4903 4978/5039/5074 4979/4943/4974
f 4985/4945/4976 4984/5009/5044 4988/5008/5043
f 4988/5008/5043 4987/4946/4977 4985/4945/4976
f 4985/4945/4976 4982/5033/5068 4983/4911/4942
f 4983/4911/4942 4984/5009/5044 4985/4945/4976
f 4987/4946/4977 4986/5024/5059 4992/5023/5058
f 4992/5023/5058 4991/4947/4978 4987/4946/4977
f 4989/4899/4930 4988/5008/5043 5053/5011/5046
f 5053/5011/5046 5052/4900/4931 4989/4899/4930
f 4987/4946/4977 4988/5008/5043 4989/4899/4930
f 4989/4899/4930 4986/5024/5059 4987/4946/4977
f 4991/4947/4978 4992/5023/5058 4993/4875/4906
f 4993/4875/4906 4990/5013/5048 4991/4947/4978
f 4995/4885/4916 4994/5040/5075 5056/5043/5078
f 5056/5043/5078 5055/4882/4913 4995/4885/4916
f 4997/4949/4980 4996/5058/5094 4998/5057/5093
f 4998/5057/5093 5001/4950/4981 4997/4949/4980
f 4997/4949/4980 4994/5040/5075 4995/4885/4916
f 4995/4885/4916 4996/5058/5094 4997/4949/4980
f 4999/4916/4947 4998/5057/5093 5041/5060/5096
f 5041/5060/5096 5040/4917/4948 4999/4916/4947
f 5000/5108/5144 4999/4916/4947 5094/4915/4946
f 5094/4915/4946 5097/5105/5141 5000/5108/5144
f 5001/4950/4981 5000/5108/5144 5003/5107/5143
f 5003/5107/5143 5002/4951/4982 5001/4950/4981
f 5001/4950/4981 4998/5057/5093 4999/4916/4947
f 4999/4916/4947 5000/5108/5144 5001/4950/4981
f 5004/4921/4952 5003/5107/5143 5092/5106/5142
f 5092/5106/5142 5091/4922/4953 5004/4921/4952
f 5002/4951/4982 5003/5107/5143 5004/4921/4952
f 5004/4921/4952 5005/5064/5100 5002/4951/4982
f 5007/4925/4956 5006/5111/5147 5104/5110/5146
f 5104/5110/5146 5103/4926/4957 5007/4925/4956
f 5009/4953/4984 5008/5068/5104 5010/5067/5103
f 5010/5067/5103 5013/4954/4985 5009/4953/4984
f 5009/4953/4984 5006/5111/5147 5007/4925/4956
f 5007/4925/4956 5008/5068/5104 5009/4953/4984
f 5011/4893/4924 5010/5067/5103 5029/5066/5102
f 5029/5066/5102 5028/4890/4921 5011/4893/4924
f 5012/5045/5080 5011/4893/4924 5070/4892/4923
f 5070/4892/4923 5073/5046/5081 5012/5045/5080
f 5013/4954/4985 5012/5045/5080 5016/5044/5079
f 5016/5044/5079 5015/4955/4986 5013/4954/4985
f 5013/4954/4985 5010/5067/5103 5011/4893/4924
f 5011/4893/4924 5012/5045/5080 5013/4954/4985
f 5017/4889/4920 5016/5044/5079 5068/5047/5082
f 5068/5047/5082 5067/4886/4917 5017/4889/4920
f 5015/4955/4986 5016/5044/5079 5017/4889/4920
f 5017/4889/4920 5014/5062/5098 5015/4955/4986
f 5019/4929/4960 5018/5115/5151 5116/5114/5150
f 5116/5114/5150 5115/4930/4961 5019/4929/4960
f 5020/5072/5108 5019/4929/4960 5034/4928/4959
f 5034/4928/4959 5037/5069/5105 5020/5072/5108
f 5021/4957/4988 5020/5072/5108 5022/5071/5107
f 5022/5071/5107 5025/4958/4989 5021/4957/4988
f 5021/4957/4988 5018/5115/5151 5019/4929/4960
f 5019/4929/4960 5020/5072/5108 5021/4957/4988
f 5023/4897/4928 5022/5071/5107 5032/5070/5106
f 5032/5070/5106 5031/4894/4925 5023/4897/4928
f 5024/5049/5084 5023/4897/4928 5082/4896/4927
f 5082/4896/4927 5085/5050/5085 5024/5049/5084
f 5025/4958/4989 5024/5049/5084 5027/5048/5083
f 5027/5048/5083 5026/4959/4990 5025/4958/4989
f 5025/4958/4989 5022/5071/5107 5023/4897/4928
f 5023/4897/4928 5024/5049/5084 5025/4958/4989
f 5028/4890/4921 5027/5048/5083 5080/5051/5086
f 5080/5051/5086 5079/4891/4922 5028/4890/4921
f 5026/4959/4990 5027/5048/5083 5028/4890/4921
f 5028/4890/4921 5029/5066/5102 5026/4959/4990
f 5031/4894/4925 5030/5075/5111 5044/5074/5110
f 5044/5074/5110 5043/4895/4926 5031/4894/4925
f 5033/4961/4992 5032/5070/5106 5037/5069/5105
f 5037/5069/5105 5036/4962/4993 5033/4961/4992
f 5033/4961/4992 5030/5075/5111 5031/4894/4925
f 5031/4894/4925 5032/5070/5106 5033/4961/4992
f 5035/5055/5091 5034/4928/4959 5129/4927/4958
f 5129/4927/4958 5131/5056/5092 5035/5055/5091
f 5036/4962/4993 5035/5055/5091 5039/5054/5090
f 5039/5054/5090 5038/4963/4994 5036/4962/4993
f 5036/4962/4993 5037/5069/5105 5034/4928/4959
f 5034/4928/4959 5035/5055/5091 5036/4962/4993
f 5040/4917/4948 5039/5054/5090 5126/5053/5089
f 5126/5053/5089 5128/4918/4949 5040/4917/4948
f 5038/4963/4994 5039/5054/5090 5040/4917/4948
f 5040/4917/4948 5041/5060/5096 5038/4963/4994
f 5043/4895/4926 5042/5101/5137 5083/5104/5140
f 5083/5104/5140 5082/4896/4927 5043/4895/4926
f 5045/4965/4996 5044/5074/5110 5049/5073/5109
f 5049/5073/5109 5048/4966/4997 5045/4965/4996
f 5045/4965/4996 5042/5101/5137 5043/4895/4926
f 5043/4895/4926 5044/5074/5110 5045/4965/4996
f 5047/5092/5128 5046/4883/4914 5055/4882/4913
f 5055/4882/4913 5054/5089/5125 5047/5092/5128
f 5048/4966/4997 5047/5092/5128 5051/5091/5127
f 5051/5091/5127 5050/4967/4998 5048/4966/4997
f 5048/4966/4997 5049/5073/5109 5046/4883/4914
f 5046/4883/4914 5047/5092/5128 5048/4966/4997
f 5050/4967/4998 5051/5091/5127 5052/4900/4931
f 5052/4900/4931 5053/5011/5046 5050/4967/4998
f 5057/4969/5000 5056/5043/5078 5061/5042/5077
f 5061/5042/5077 5060/4970/5001 5057/4969/5000
f 5057/4969/5000 5054/5089/5125 5055/4882/4913
f 5055/4882/4913 5056/5043/5078 5057/4969/5000
f 5059/5096/5132 5058/4887/4918 5067/4886/4917
f 5067/4886/4917 5066/5093/5129 5059/5096/5132
f 5060/4970/5001 5059/5096/5132 5063/5095/5131
f 5063/5095/5131 5062/4971/5002 5060/4970/5001
f 5060/4970/5001 5061/5042/5077 5058/4887/4918
f 5058/4887/4918 5059/5096/5132 5060/4970/5001
f 5062/4971/5002 5063/5095/5131 5064/4904/4935
f 5064/4904/4935 5065/5078/5114 5062/4971/5002
f 5069/4973/5004 5068/5047/5082 5073/5046/5081
f 5073/5046/5081 5072/4974/5005 5069/4973/5004
f 5069/4973/5004 5066/5093/5129 5067/4886/4917
f 5067/4886/4917 5068/5047/5082 5069/4973/5004
f 5071/5100/5136 5070/4892/4923 5079/4891/4922
f 5079/4891/4922 5078/5097/5133 5071/5100/5136
f 5072/4974/5005 5071/5100/5136 5075/5099/5135
f 5075/5099/5135 5074/4975/5006 5072/4974/5005
f 5072/4974/5005 5073/5046/5081 5070/4892/4923
f 5070/4892/4923 5071/5100/5136 5072/4974/5005
f 5074/4975/5006 5075/5099/5135 5076/4909/4940
f 5076/4909/4940 5077/5082/5118 5074/4975/5006
f 5081/4977/5008 5080/5051/5086 5085/5050/5085
f 5085/5050/5085 5084/4978/5009 5081/4977/5008
f 5081/4977/5008 5078/5097/5133 5079/4891/4922
f 5079/4891/4922 5080/5051/5086 5081/4977/5008
f 5084/4978/5009 5083/5104/5140 5089/5103/5139
f 5089/5103/5139 5088/4979/5010 5084/4978/5009
f 5084/4978/5009 5085/5050/5085 5082/4896/4927
f 5082/4896/4927 5083/5104/5140 5084/4978/5009
f 5088/4979/5010 5089/5103/5139 5086/4913/4944
f 5086/4913/4944 5087/5086/5122 5088/4979/5010
f 5091/4922/4953 5090/5130/5167 5107/5129/5166
f 5107/5129/5166 5106/4919/4950 5091/4922/4953
f 5093/4981/5012 5092/5106/5142 5097/5105/5141
f 5097/5105/5141 5096/4982/5013 5093/4981/5012
f 5093/4981/5012 5090/5130/5167 5091/4922/4953
f 5091/4922/4953 5092/5106/5142 5093/4981/5012
f 5095/5126/5163 5094/4915/4946 5150/4914/4945
f 5150/4914/4945 5152/5127/5164 5095/5126/5163
f 5096/4982/5013 5095/5126/5163 5100/5125/5162
f 5100/5125/5162 5099/4983/5014 5096/4982/5013
f 5096/4982/5013 5097/5105/5141 5094/4915/4946
f 5094/4915/4946 5095/5126/5163 5096/4982/5013
f 5101/4844/4875 5100/5125/5162 5136/5124/5161
f 5136/5124/5161 5135/4845/4876 5101/4844/4875
f 5099/4983/5014 5100/5125/5162 5101/4844/4875
f 5101/4844/4875 5098/4999/5034 5099/4983/5014
f 5103/4926/4957 5102/5134/5171 5119/5133/5170
f 5119/5133/5170 5118/4923/4954 5103/4926/4957
f 5105/4985/5016 5104/5110/5146 5109/5109/5145
f 5109/5109/5145 5108/4986/5017 5105/4985/5016
f 5105/4985/5016 5102/5134/5171 5103/4926/4957
f 5103/4926/4957 5104/5110/5146 5105/4985/5016
f 5108/4986/5017 5107/5129/5166 5112/5128/5165
f 5112/5128/5165 5111/4987/5018 5108/4986/5017
f 5108/4986/5017 5109/5109/5145 5106/4919/4950
f 5106/4919/4950 5107/5129/5166 5108/4986/5017
f 5111/4987/5018 5112/5128/5165 5113/4850/4881
f 5113/4850/4881 5110/5003/5038 5111/4987/5018
f 5115/4930/4961 5114/5138/5176 5153/5137/5175
f 5153/5137/5175 5155/4931/4962 5115/4930/4961
f 5117/4989/5020 5116/5114/5150 5121/5113/5149
f 5121/5113/5149 5120/4990/5021 5117/4989/5020
f 5117/4989/5020 5114/5138/5176 5115/4930/4961
f 5115/4930/4961 5116/5114/5150 5117/4989/5020
f 5120/4990/5021 5119/5133/5170 5125/5132/5169
f 5125/5132/5169 5124/4991/5022 5120/4990/5021
f 5120/4990/5021 5121/5113/5149 5118/4923/4954
f 5118/4923/4954 5119/5133/5170 5120/4990/5021
f 5124/4991/5022 5125/5132/5169 5122/4854/4885
f 5122/4854/4885 5123/5007/5042 5124/4991/5022
f 5127/5145/5183 5126/5053/5089 5144/5052/5088
f 5144/5052/5088 5146/5146/5184 5127/5145/5183
f 5128/4918/4949 5127/5145/5183 5151/5148/5186
f 5151/5148/5186 5150/4914/4945 5128/4918/4949
f 5126/5053/5089 5127/5145/5183 5128/4918/4949
f 5130/5149/5187 5129/4927/4958 5155/4931/4962
f 5155/4931/4962 5154/5150/5188 5130/5149/5187
f 5131/5056/5092 5130/5149/5187 5159/5152/5190
f 5159/5152/5190 5161/5052/5087 5131/5056/5092
f 5129/4927/4958 5130/5149/5187 5131/5056/5092
f 5133/5153/5191 5132/4859/4890 5164/4858/4889
f 5164/4858/4889 5163/5154/5192 5133/5153/5191
f 5134/5140/5178 5133/5153/5191 5168/5156/5194
f 5168/5156/5194 5170/5136/5173 5134/5140/5178
f 5132/4859/4890 5133/5153/5191 5134/5140/5178
f 5137/5142/5180 5136/5124/5161 5138/5123/5160
f 5138/5123/5160 5140/5143/5181 5137/5142/5180
f 5135/4845/4876 5136/5124/5161 5137/5142/5180
f 5139/4992/5023 5138/5123/5160 5147/5123/5159
f 5147/5123/5159 5149/4992/5024 5139/4992/5023
f 5140/5143/5181 5139/4992/5023 5142/4995/5030
f 5142/4995/5030 5141/5144/5182 5140/5143/5181
f 5138/5123/5160 5139/4992/5023 5140/5143/5181
f 5143/5117/5153 5142/4995/5030 5165/4995/5029
f 5165/4995/5029 5167/5118/5154 5143/5117/5153
f 5141/5144/5182 5142/4995/5030 5143/5117/5153
f 5145/4993/5025 5144/5052/5088 5161/5052/5087
f 5161/5052/5087 5160/4993/5026 5145/4993/5025
f 5146/5146/5184 5145/4993/5025 5149/4992/5024
f 5149/4992/5024 5148/5147/5185 5146/5146/5184
f 5144/5052/5088 5145/4993/5025 5146/5146/5184
f 5148/5147/5185 5147/5123/5159 5152/5127/5164
f 5152/5127/5164 5151/5148/5186 5148/5147/5185
f 5147/5123/5159 5148/5147/5185 5149/4992/5024
f 5150/4914/4945 5151/5148/5186 5152/5127/5164
f 5154/5150/5188 5153/5137/5175 5156/5136/5174
f 5156/5136/5174 5158/5151/5189 5154/5150/5188
f 5153/5137/5175 5154/5150/5188 5155/4931/4962
f 5157/4994/5027 5156/5136/5174 5170/5136/5173
f 5170/5136/5173 5169/4994/5028 5157/4994/5027
f 5158/5151/5189 5157/4994/5027 5160/4993/5026
f 5160/4993/5026 5159/5152/5190 5158/5151/5189
f 5156/5136/5174 5157/4994/5027 5158/5151/5189
f 5159/5152/5190 5160/4993/5026 5161/5052/5087
f 5163/5154/5192 5162/5119/5155 5167/5118/5154
f 5167/5118/5154 5166/5155/5193 5163/5154/5192
f 5162/5119/5155 5163/5154/5192 5164/4858/4889
f 5166/5155/5193 5165/4995/5029 5169/4994/5028
f 5169/4994/5028 5168/5156/5194 5166/5155/5193
f 5165/4995/5029 5166/5155/5193 5167/5118/5154
f 5168/5156/5194 5169/4994/5028 5170/5136/5173
f 5183/5157/5195 5190/5158/5195 5179/5159/5195
f 5179/5159/5196 5171/5160/5196 5183/5157/5196
f 5185/5161/5197 5193/5162/5197 5176/5163/5197
f 5176/5163/5198 5182/5164/5198 5185/5161/5198
f 5186/5165/5199 5196/5166/5199 5177/5167/5199
f 5177/5167/5200 5184/5168/5200 5186/5165/5200
f 5180/5169/5201 5199/5170/5201 5178/5171/5201
f 5178/5171/5202 5174/5172/5202 5180/5169/5202
f 5173/5173/5203 5172/5174/5203 5181/5175/5203
f 5181/5175/5203 5187/5176/5203 5173/5173/5203
f 5198/5177/5204 5175/5178/5204 5194/5179/5204
f 5189/5180/5205 5175/5178/5205 5197/5181/5205
f 5192/5182/5206 5175/5178/5206 5188/5183/5206
f 5175/5178/5207 5191/5184/5207 5195/5185/5207
f 5171/5160/5208 5180/5169/5208 5181/5175/5208
f 5172/5174/5209 5182/5164/5209 5183/5157/5209
f 5173/5173/5210 5184/5168/5210 5185/5161/5210
f 5174/5172/5211 5186/5165/5211 5187/5176/5211
f 5176/5163/5212 5188/5183/5212 5189/5180/5212
f 5189/5180/5213 5190/5158/5213 5176/5163/5213
f 5177/5167/5214 5191/5184/5214 5192/5182/5214
f 5192/5182/5215 5193/5162/5215 5177/5167/5215
f 5178/5171/5216 5194/5179/5216 5195/5185/5216
f 5195/5185/5217 5196/5166/5217 5178/5171/5217
f 5179/5159/5218 5197/5181/5218 5198/5177/5218
f 5198/5177/5219 5199/5170/5219 5179/5159/5219
f 5171/5160/5220 5181/5175/5220 5172/5174/5220
f 5172/5174/5221 5183/5157/5221 5171/5160/5221
f 5183/5157/5222 5182/5164/5222 5176/5163/5222
f 5176/5163/5223 5190/5158/5223 5183/5157/5223
f 5182/5164/5224 5172/5174/5224 5173/5173/5224
f 5173/5173/5225 5185/5161/5225 5182/5164/5225
f 5185/5161/5226 5184/5168/5226 5177/5167/5226
f 5177/5167/5227 5193/5162/5227 5185/5161/5227
f 5184/5168/5228 5173/5173/5228 5187/5176/5228
f 5187/5176/5229 5186/5165/5229 5184/5168/5229
f 5186/5165/5230 5174/5172/5230 5178/5171/5230
f 5178/5171/5231 5196/5166/5231 5186/5165/5231
f 5174/5172/5232 5187/5176/5232 5181/5175/5232
f 5181/5175/5233 5180/5169/5233 5174/5172/5233
f 5179/5159/5234 5199/5170/5234 5180/5169/5234
f 5180/5169/5235 5171/5160/5235 5179/5159/5235
f 5198/5177/5236 5197/5181/5236 5175/5178/5236
f 5189/5180/5237 5188/5183/5237 5175/5178/5237
f 5192/5182/5238 5191/5184/5238 5175/5178/5238
f 5190/5158/5239 5189/5180/5239 5197/5181/5239
f 5197/5181/5240 5179/5159/5240 5190/5158/5240
f 5193/5162/5241 5192/5182/5241 5188/5183/5241
f 5188/5183/5242 5176/5163/5242 5193/5162/5242
f 5196/5166/5243 5195/5185/5243 5191/5184/5243
f 5191/5184/5244 5177/5167/5244 5196/5166/5244
f 5199/5170/5245 5198/5177/5245 5194/5179/5245
f 5194/5179/5246 5178/5171/5246 5199/5170/5246
f 5175/5178/5247 5195/5185/5247 5194/5179/5247
